Unnamed: 0,observed_on,license,image_url,place_guess,latitude,longitude,positional_accuracy,species_guess
14308,2025-07-20,CC-BY-NC,https://inaturalist-open-data.s3.amazonaws.com/photos/539630655/medium.jpg,"Woodbine Beach, Toronto, ON, Canada",43.6619326195,-79.3052963793,15.0,Common Tern
4578,2025-02-01,CC-BY-NC,https://inaturalist-open-data.s3.amazonaws.com/photos/485034634/medium.jpg,"South Riverdale, Toronto, ON, Canada",43.6252026268,-79.3305575789,122.0,Trumpeter Swan
17488,2025-09-17,CC-BY-NC,https://inaturalist-open-data.s3.amazonaws.com/photos/568147608/medium.jpg,"Riverdale Park West, Toronto, ON, CA",43.6659793125,-79.3575004662,82.0,Great Egret
17609,2025-09-18,CC-BY-NC,https://inaturalist-open-data.s3.amazonaws.com/photos/568983744/medium.jpg,"Bayview Village, Toronto, ON, Canada",43.777636267,-79.3704431046,61.0,Song Sparrow
17669,2025-09-13,CC-BY-NC,https://inaturalist-open-data.s3.amazonaws.com/photos/569425319/medium.jpg,"Bayview Village, North York, ON, Canada",43.781243294,-79.3721404858,451.0,Bay-breasted Warbler
22116,2025-11-27,CC-BY-NC,https://inaturalist-open-data.s3.amazonaws.com/photos/595343026/medium.jpg,"Bayview Village, Toronto, ON, Canada",43.777636267,-79.3704431046,61.0,Pine Siskin
15814,2025-08-02,CC-BY-NC,https://inaturalist-open-data.s3.amazonaws.com/photos/554490252/medium.jpg,"The Kingsway, Etobicoke, ON, Canada",43.6562199273,-79.5015187091,4.0,Canada Goose
10708,2025-05-24,CC-BY-NC,https://inaturalist-open-data.s3.amazonaws.com/photos/510103062/medium.jpg,"W Toronto Rail Path, Toronto, ON, CA",43.6641283333,-79.4567033333,3.0,Scarlet Tanager
15670,2025-08-16,CC-BY-NC,,"Toronto, CA-ON, CA",43.6781665762,-79.3733068183,4.0,Eastern Wood-Pewee
9631,2025-05-13,CC-BY-NC,https://inaturalist-open-data.s3.amazonaws.com/photos/504619290/medium.jpg,"Nipigon Ave, Toronto, ON, CA",43.7983411017,-79.4159543432,219.0,Indigo Bunting
23074,2025-12-23,CC-BY-NC,https://inaturalist-open-data.s3.amazonaws.com/photos/602114583/medium.jpg,"Ashbridges Bay Park, Toronto, ON, Canada",43.6565348601,-79.3097273813,8.0,Pied-billed Grebe
307,2025-01-08,CC-BY-NC,https://inaturalist-open-data.s3.amazonaws.com/photos/462586232/medium.jpg,"Bridle Path-Sunnybrook-York Mills, Toronto, ON, Canada",43.7302735317,-79.3571613691,418.0,American Robin
16707,2025-08-31,CC-BY,https://inaturalist-open-data.s3.amazonaws.com/photos/562449258/medium.jpg,"New Toronto, Etobicoke, ON, Canada",43.5930451372,-79.5134856376,599.0,Black-crowned Night Heron
9827,2025-05-08,CC-BY,https://inaturalist-open-data.s3.amazonaws.com/photos/505542370/medium.jpg,"Ontario, CA",43.6120198224,-79.289776625,221.0,Eastern Screech-Owl
13169,2025-06-26,CC-BY-NC,https://inaturalist-open-data.s3.amazonaws.com/photos/527300005/medium.jpg,"East York, ON M4B 1A6, Canada",43.69763306,-79.30280538,9.0,Mallard
8600,2025-05-03,CC-BY-NC,https://inaturalist-open-data.s3.amazonaws.com/photos/500707968/medium.jpg,"L'Amoreaux North Park Tr, Toronto, ON, CA",43.8108563328,-79.3072004242,4.0,Red-winged Blackbird
5851,2025-04-22,CC-BY-NC,https://inaturalist-open-data.s3.amazonaws.com/photos/489977443/medium.jpg,"Bayview Village, Toronto, ON, Canada",43.777636267,-79.3704431046,61.0,Northern Flicker
20482,2025-10-19,CC-BY-NC,https://inaturalist-open-data.s3.amazonaws.com/photos/585814469/medium.jpg,"Rouge Beach, Toronto, ON, Canada",43.794364242,-79.117517329,40.0,Great Black-backed Gull
4589,2025-04-06,CC-BY-NC,https://inaturalist-open-data.s3.amazonaws.com/photos/485145635/medium.jpg,"Great Lakes Waterfront Tr, Toronto, ON, CA",43.5910924137,-79.5163471856,32.0,Golden-crowned Kinglet
21908,2025-11-21,CC-BY-NC,https://inaturalist-open-data.s3.amazonaws.com/photos/593735409/medium.jpg,"College St, Toronto, ON, CA",43.6586883333,-79.3999333333,9.0,European Starling
21019,2025-11-05,CC-BY-NC,https://inaturalist-open-data.s3.amazonaws.com/photos/588724909/medium.jpg,"Rouge, Scarborough, ON, Canada",43.7926542073,-79.1206203822,15.0,Mallard
8296,2025-04-28,CC-BY-NC,https://inaturalist-open-data.s3.amazonaws.com/photos/499705833/medium.jpeg,"Colonel  Samuel Smith Park, Toronto, ON, Canada",43.5906511232,-79.5131823425,683.0,Tree Swallow
13956,2025-07-09,,https://static.inaturalist.org/photos/535473946/medium.jpg,"1450 St Clair Ave W, Toronto, ON M6E 1C6, Canada",43.6771236,-79.4515897,186.0,House Sparrow
8338,2025-04-28,CC-BY-NC,https://inaturalist-open-data.s3.amazonaws.com/photos/499741347/medium.jpeg,"James Gardens 99 Edenbridge Dr, Etobicoke, ON M9A 3G4, Canada",43.6716852,-79.5142997,182.0,Mallard
9165,2025-05-08,,https://static.inaturalist.org/photos/502142654/medium.jpeg,"Toronto, ON M6S 2X3, Canada",43.6421748727,-79.4630139694,226.0,Bald Eagle
14621,2025-07-27,,https://static.inaturalist.org/photos/543265840/medium.jpg,"Great Lakes Waterfront Tr, Toronto, ON, CA",43.6211385811,-79.4804997091,14.0,Great Blue Heron
11019,2025-05-14,,https://static.inaturalist.org/photos/511252156/medium.jpg,"High Park, Toronto, ON, CA",43.6466802236,-79.4596382804,157.0,Scarlet Tanager
23819,2025-04-20,CC-BY-NC,https://inaturalist-open-data.s3.amazonaws.com/photos/610792702/medium.jpg,"New Toronto, Etobicoke, ON, Canada",43.5926672293,-79.5134356227,8.0,American Bittern
2896,2025-03-10,CC-BY-NC,https://static.inaturalist.org/photos/475604640/medium.jpeg,"South Riverdale, Toronto, ON, Canada",43.6279821117,-79.3252597958,513.0,Snowy Owl
11416,2025-06-01,CC-BY-NC,https://inaturalist-open-data.s3.amazonaws.com/photos/514036291/medium.jpg,"East York, ON M4B 2M7, Canada",43.69927317,-79.30982865,5.0,Red-winged Blackbird
10459,2025-05-13,CC-BY-NC,https://inaturalist-open-data.s3.amazonaws.com/photos/508793607/medium.jpg,"Bayview Village, Toronto, ON, Canada",43.777636267,-79.3704431046,182.0,Wood Duck
10219,2025-05-17,CC-BY-NC,https://inaturalist-open-data.s3.amazonaws.com/photos/507665142/medium.jpg,"Colonel  Samuel Smith Park, Toronto, ON, Canada",43.5906511232,-79.5131823425,683.0,Mallard
15984,2025-08-22,CC-BY-NC,https://inaturalist-open-data.s3.amazonaws.com/photos/556921334/medium.jpg,"Bayview Village, Toronto, ON, Canada",43.777636267,-79.3704431046,61.0,Black-capped Chickadee
21576,2025-11-14,,https://static.inaturalist.org/photos/591366006/medium.jpg,"Corktown Common, Toronto, ON, CA",43.6540966413,-79.3519197887,45.0,Barred Owl
12676,2025-06-15,,https://static.inaturalist.org/photos/522391935/medium.jpg,"South Riverdale, Toronto, ON, Canada",43.6219187294,-79.3326923369,8.0,Baltimore Oriole
6309,2025-04-25,CC-BY-NC,https://inaturalist-open-data.s3.amazonaws.com/photos/491714238/medium.jpg,"Bayview Village, North York, ON, Canada",43.7815812497,-79.3883737369,172.0,Ruby-crowned Kinglet
1598,2025-02-08,CC-BY-NC,https://inaturalist-open-data.s3.amazonaws.com/photos/468961245/medium.jpg,"Toronto, ON, Canada",43.6448170893,-79.3205865525,15.0,Red-breasted Merganser
6723,2025-04-26,,https://static.inaturalist.org/photos/492615218/medium.jpg,"High Park, Toronto, ON, CA",43.6446633333,-79.4685133333,4.0,Wood Duck
12770,2025-03-21,CC-BY-NC,https://inaturalist-open-data.s3.amazonaws.com/photos/523123391/medium.jpg,"Royal Ontario Museum, Toronto, ON, CA",43.6683533333,-79.3953866667,28.0,Feral Pigeon
10929,2025-05-26,CC-BY-NC,https://inaturalist-open-data.s3.amazonaws.com/photos/510993993/medium.jpg,"High Park-Swansea, Toronto, ON, Canada",43.647812209,-79.4594271418,61.0,Veery
16680,2025-09-03,CC-BY-NC,https://inaturalist-open-data.s3.amazonaws.com/photos/562514721/medium.jpg,"Bayview Village, Toronto, ON, Canada",43.777636267,-79.3704431046,61.0,Mallard
2024,2025-01-28,,https://static.inaturalist.org/photos/471260657/medium.jpeg,"Toronto, ON M5A 1A3, Canada",43.6467329385,-79.3307894468,164.0,Song Sparrow
19976,2025-10-20,CC-BY-NC,https://static.inaturalist.org/photos/582662379/medium.jpg,"South Riverdale, Toronto, ON, Canada",43.6326499446,-79.3236772925,15.0,American Coot
1845,2025-02-15,CC-BY-NC,https://inaturalist-open-data.s3.amazonaws.com/photos/470410354/medium.jpeg,"73 Cardiff Rd, North York, ON M4P 2P4, Canada",43.713027,-79.3841394,179.0,House Sparrow
16779,2025-09-06,CC0,https://inaturalist-open-data.s3.amazonaws.com/photos/563142582/medium.jpg,"Toronto, ON M5J 2W2, Canada",43.6148313525,-79.3864472955,25.0,Belted Kingfisher
9378,2025-05-07,CC-BY-NC,https://inaturalist-open-data.s3.amazonaws.com/photos/503158348/medium.jpeg,"Colonel  Samuel Smith Park, Toronto, ON, Canada",43.5906511232,-79.5131823425,683.0,Wood Duck
9997,2025-05-02,CC-BY-NC,https://inaturalist-open-data.s3.amazonaws.com/photos/506443983/medium.jpg,"Bayview Village, North York, ON, Canada",43.7814777419,-79.3721095874,343.0,Nashville Warbler
15931,2025-08-22,CC-BY-NC,https://inaturalist-open-data.s3.amazonaws.com/photos/556183943/medium.jpg,"Cherry St at Polson St, Toronto, ON M5A 4N6, Canada",43.6436114516,-79.3472984433,763.0,Spotted Sandpiper
10975,2025-05-26,CC-BY-NC,https://inaturalist-open-data.s3.amazonaws.com/photos/511158926/medium.jpg,"Lake Ontario, Toronto, ON, CA",43.6162866667,-79.3718033333,4.0,Ring-billed Gull
4225,2025-01-08,CC-BY,https://inaturalist-open-data.s3.amazonaws.com/photos/482823136/medium.png,"Mimico-Queensway, Etobicoke, ON, Canada",43.6075369455,-79.4881551934,27.0,Northern Cardinal
16161,2025-08-26,CC-BY-NC,https://inaturalist-open-data.s3.amazonaws.com/photos/558306847/medium.jpg,"Etobicoke, ON M8W 3P2, Canada",43.5881315655,-79.5449564606,176.0,Mallard
12728,2025-05-16,,https://static.inaturalist.org/photos/522714403/medium.jpg,"Birch Cliff, Scarborough, ON, Canada",43.6970809304,-79.2542792025,2.0,Blackburnian Warbler
17163,2025-09-12,CC-BY-NC,https://inaturalist-open-data.s3.amazonaws.com/photos/566109105/medium.jpg,"Downsview Park, Toronto, ON, CA",43.741205465,-79.4815509663,6.0,Blackpoll Warbler
18350,2025-09-27,CC-BY-NC,https://inaturalist-open-data.s3.amazonaws.com/photos/573048183/medium.jpg,"Toronto, ON, CA",43.6599466737,-79.3069614321,21.0,Greater Yellowlegs
8149,2025-04-30,CC-BY-NC,https://inaturalist-open-data.s3.amazonaws.com/photos/499399833/medium.jpg,"Bayview Village, North York, ON, Canada",43.7813178772,-79.3882675693,219.0,Blue Jay
14161,2025-07-11,CC-BY-NC,https://inaturalist-open-data.s3.amazonaws.com/photos/538199169/medium.jpg,"Lower Reesor Pond, Toronto, ON M1B 5W5, Canada",43.8280937,-79.1899396,175.0,American Black Duck
443,2025-01-11,,https://static.inaturalist.org/photos/463247619/medium.jpeg,"Mimico-Queensway, Etobicoke, ON, Canada",43.6076555556,-79.4883972222,1.0,Common Goldeneye
16519,2025-09-01,CC0,https://inaturalist-open-data.s3.amazonaws.com/photos/561181016/medium.jpg,"South Riverdale, Toronto, ON, Canada",43.6246175797,-79.3278474603,608.0,Gadwall
17881,2025-09-21,,https://static.inaturalist.org/photos/570382254/medium.jpg,"Blockhouse Bay, Toronto, ON, CA",43.6191716667,-79.3734666667,3.0,Great Egret
23180,2025-12-25,CC-BY-NC,https://inaturalist-open-data.s3.amazonaws.com/photos/602549980/medium.jpg,"Cardiff Rd, Toronto, ON, CA",43.7130177906,-79.3840092558,33.0,Red-bellied Woodpecker
3064,2025-02-05,CC-BY-NC,https://inaturalist-open-data.s3.amazonaws.com/photos/476063185/medium.jpeg,"The Queensway – Humber Bay, Etobicoke, ON, Canada",43.6234058506,-79.4763418997,619.0,Trumpeter Swan
14541,2025-07-25,CC-BY-NC,https://inaturalist-open-data.s3.amazonaws.com/photos/542586358/medium.jpg,"Bayview Village, North York, ON, Canada",43.7694353157,-79.3626483191,122.0,European Starling
14672,2025-07-28,CC-BY-NC,https://inaturalist-open-data.s3.amazonaws.com/photos/544184681/medium.jpg,"Bayview Village, Toronto, ON, Canada",43.777636267,-79.3704431046,61.0,American Robin
22177,2025-11-28,CC-BY-NC,https://inaturalist-open-data.s3.amazonaws.com/photos/595695022/medium.jpg,4001 Leslie Street,43.768796,-79.362748,349.0,Northern Cardinal
23079,2025-12-23,CC-BY-NC,https://inaturalist-open-data.s3.amazonaws.com/photos/602138963/medium.jpg,"Bayview Village, North York, ON, Canada",43.7797429474,-79.3722204836,428.0,Downy Woodpecker
7958,2025-05-02,CC-BY-NC,https://inaturalist-open-data.s3.amazonaws.com/photos/498756009/medium.jpg,"Ashbridge's Bay Park, Toronto, ON, Canada",43.657886278,-79.3088377854,15.0,American Coot
6187,2025-04-25,CC-BY,https://inaturalist-open-data.s3.amazonaws.com/photos/491552014/medium.jpeg,"Toronto, ON M5V 2Y3, Canada",43.63708512,-79.39255593,4.0,American Robin
10697,2025-05-24,CC-BY-NC,https://inaturalist-open-data.s3.amazonaws.com/photos/509991478/medium.jpg,"Lake Ontario, Toronto, ON, CA",43.6576801493,-79.3077949466,30.0,Barn Swallow
1668,2025-02-07,CC-BY-NC,https://inaturalist-open-data.s3.amazonaws.com/photos/469599964/medium.jpeg,"Agricultural Fields, Scarborough, ON, Canada",43.8484577386,-79.1711250691,1000.0,Horned Lark
5631,2025-04-18,CC-BY-NC,https://inaturalist-open-data.s3.amazonaws.com/photos/489102095/medium.jpeg,"Colonel  Samuel Smith Park, Toronto, ON, Canada",43.5906511232,-79.5131823425,683.0,Canada Goose
23788,2025-10-24,CC-BY-NC,https://inaturalist-open-data.s3.amazonaws.com/photos/608389980/medium.jpg,"Yonge St, Toronto, ON, CA",43.6477072143,-79.3763066571,135.0,House Sparrow
18339,2025-05-26,CC-BY-NC,https://inaturalist-open-data.s3.amazonaws.com/photos/573009415/medium.jpg,"Centre Island, Toronto, ON, Canada",43.6172397535,-79.3728238839,991.0,Ring-billed Gull
10024,2025-05-13,CC-BY-NC,https://inaturalist-open-data.s3.amazonaws.com/photos/506557346/medium.jpg,"Colonel  Samuel Smith Park, Toronto, ON, Canada",43.5906511232,-79.5131823425,683.0,Canada Goose
21056,2025-11-05,CC-BY-NC,https://inaturalist-open-data.s3.amazonaws.com/photos/588895029/medium.jpg,"South Riverdale, Toronto, ON, Canada",43.6532466311,-79.3251061988,1.0,Razorbill
21519,2025-11-09,CC-BY-NC,https://inaturalist-open-data.s3.amazonaws.com/photos/591313175/medium.jpg,"Bayview Village, North York, ON, Canada",43.7809833934,-79.3850442979,522.0,Northern Cardinal
8000,2025-05-02,CC-BY-NC,https://inaturalist-open-data.s3.amazonaws.com/photos/498905937/medium.jpg,"Cardiff Rd, Toronto, ON, CA",43.7130666667,-79.3840466667,14.0,Red-breasted Nuthatch
13154,2025-06-25,CC-BY-NC,https://inaturalist-open-data.s3.amazonaws.com/photos/527221620/medium.jpg,"Bayview Village, Toronto, ON, Canada",43.777636267,-79.3704431046,61.0,Mourning Dove
21694,2025-11-15,CC-BY-NC,https://inaturalist-open-data.s3.amazonaws.com/photos/592065492/medium.jpg,"Bayview Village, North York, ON, Canada",43.7815554252,-79.3718798854,440.0,Dark-eyed Junco
15115,2025-08-05,CC-BY-NC,https://inaturalist-open-data.s3.amazonaws.com/photos/548029688/medium.jpg,"Brimley Rd S, Toronto, ON, CA",43.7061367527,-79.2348846733,396.0,Black-crowned Night Heron
16360,2025-08-29,CC-BY-NC,https://inaturalist-open-data.s3.amazonaws.com/photos/559613355/medium.jpg,"High Park-Swansea, Toronto, ON, Canada",43.6465422951,-79.4609276828,372.0,Broad-winged Hawk
5097,2025-04-16,,https://static.inaturalist.org/photos/487264649/medium.jpeg,"South Riverdale, Toronto, ON, Canada",43.6281483206,-79.3256530736,61.0,Great Egret
12610,2025-06-15,,https://static.inaturalist.org/photos/521578440/medium.jpg,"Toronto, ON M5J 2G8, Canada",43.6379867373,-79.3817349896,7.0,Red-winged Blackbird
15302,2025-04-29,CC-BY-NC,https://inaturalist-open-data.s3.amazonaws.com/photos/549988362/medium.jpg,"Centre Island, Toronto, ON, Canada",43.6169637389,-79.3872402504,15.0,Bald Eagle
16508,2025-08-31,,https://inaturalist-open-data.s3.amazonaws.com/photos/561126665/medium.jpg,"Henry Farm, North York, ON M2J, Canada",43.7721833333,-79.3284222222,14.0,Red-breasted Nuthatch
3526,2025-03-19,CC-BY-NC,https://inaturalist-open-data.s3.amazonaws.com/photos/477931977/medium.jpeg,"Toronto, ON M5J 2E9, Canada",43.6162462538,-79.3715244904,114.0,Red-breasted Merganser
7364,2025-04-28,,https://static.inaturalist.org/photos/496093172/medium.jpg,"Corktown Common, Toronto, ON, CA",43.6542366667,-79.3526383333,10.0,Yellow-bellied Sapsucker
23751,2025-07-22,CC-BY,https://inaturalist-open-data.s3.amazonaws.com/photos/608172111/medium.jpg,"Taylor-Massey, ON, Canada",43.6979719944,-79.2958590283,36.0,Solitary Sandpiper
13579,2025-07-04,CC-BY,https://inaturalist-open-data.s3.amazonaws.com/photos/531457288/medium.jpg,"West Ave, Toronto, ON, CA",43.6648333333,-79.3460866667,18.0,House Sparrow
14070,2025-06-25,CC0,https://inaturalist-open-data.s3.amazonaws.com/photos/537049870/medium.jpg,"Ontario, CA",43.6636932289,-79.2436026451,61.0,House Sparrow
16915,2025-09-09,CC-BY-NC,https://inaturalist-open-data.s3.amazonaws.com/photos/564671337/medium.jpg,"Woodbine Beach Dune Ecosystem , Toronto, ON, Canada",43.6605360747,-79.3080383887,2.0,Palm Warbler
17313,2025-09-11,CC-BY-NC,https://inaturalist-open-data.s3.amazonaws.com/photos/567306459/medium.jpg,"Colonel  Samuel Smith Park, Toronto, ON, Canada",43.5906511232,-79.5131823425,683.0,Mallard
6822,2025-03-24,CC-BY-NC,https://inaturalist-open-data.s3.amazonaws.com/photos/493096623/medium.jpg,"Downsview, North York, ON, Canada",43.7415812034,-79.4808366728,15.0,Northern Cardinal
14075,2025-06-27,CC0,https://inaturalist-open-data.s3.amazonaws.com/photos/537050024/medium.jpg,"Ontario, CA",43.7714568416,-79.0800920219,183.0,Northern Cardinal
18638,2025-10-02,CC-BY-NC,https://inaturalist-open-data.s3.amazonaws.com/photos/575143661/medium.jpg,"Front St E, Toronto, ON, CA",43.6487283333,-79.3713,31.0,House Sparrow
4038,2025-04-01,CC-BY-NC,https://inaturalist-open-data.s3.amazonaws.com/photos/481884705/medium.jpg,"Bayview Village, North York, ON, Canada",43.7787450262,-79.3701475096,743.0,Mallard
12061,2025-06-02,CC-BY-NC,https://inaturalist-open-data.s3.amazonaws.com/photos/517199314/medium.jpg,"Ossington Ave, Toronto, ON, CA",43.6587666667,-79.4237533333,18.0,House Sparrow
6913,2025-04-26,CC-BY-NC,https://inaturalist-open-data.s3.amazonaws.com/photos/493768694/medium.jpeg,"Colonel  Samuel Smith Park, Toronto, ON, Canada",43.5906511232,-79.5131823425,683.0,Mallard
19528,2025-10-14,CC-BY-NC,https://inaturalist-open-data.s3.amazonaws.com/photos/580331016/medium.jpg,"High Park-Swansea, Toronto, ON, Canada",43.6462579629,-79.4648668995,15.0,Pine Warbler
14726,2025-07-28,CC-BY,https://static.inaturalist.org/photos/544578178/medium.jpg,"Scarborough, ON M1G 1E3, Canada",43.7572294626,-79.2186060548,233.0,Cedar Waxwing
13875,2025-06-14,CC-BY-NC,https://inaturalist-open-data.s3.amazonaws.com/photos/534855915/medium.jpg,"Sunnyside Beach, Sunnyside, ON, Canada",43.636766,-79.4520176,319.0,Canada Goose
21692,2025-11-09,CC-BY-NC,https://inaturalist-open-data.s3.amazonaws.com/photos/592049412/medium.jpg,"Rouge, Scarborough, ON, Canada",43.8468145476,-79.1665146424,244.0,Red-tailed Hawk
17893,2025-09-21,CC-BY-NC,https://inaturalist-open-data.s3.amazonaws.com/photos/570383008/medium.jpg,"Colonel  Samuel Smith Park, Toronto, ON, Canada",43.5906511232,-79.5131823425,683.0,Canada Goose
8960,2025-05-07,,https://static.inaturalist.org/photos/501512902/medium.jpeg,"South Riverdale, Toronto, ON, Canada",43.6603106982,-79.3112001676,61.0,Bobolink
4046,2025-04-01,CC-BY-NC,https://inaturalist-open-data.s3.amazonaws.com/photos/481894800/medium.jpg,"Bayview Village, North York, ON, Canada",43.7797907681,-79.3828978012,604.0,Hairy Woodpecker
1779,2025-02-14,CC-BY-NC,https://inaturalist-open-data.s3.amazonaws.com/photos/470097881/medium.jpg,"Bayview Village, North York, ON, Canada",43.7777843615,-79.3694172112,184.0,White-breasted Nuthatch
20603,2025-10-20,CC-BY-NC,https://inaturalist-open-data.s3.amazonaws.com/photos/586491133/medium.jpg,"Hawk Hill - High Park, Toronto, ON, Canada",43.6463000354,-79.4656896358,10.0,Northern Harrier
19556,2025-10-14,CC-BY-NC,https://inaturalist-open-data.s3.amazonaws.com/photos/580330731/medium.jpg,"Bayview Village, North York, ON, Canada",43.7820521931,-79.3734021347,681.0,Black-capped Chickadee
7186,2025-04-25,CC-BY-NC,https://inaturalist-open-data.s3.amazonaws.com/photos/494826681/medium.jpg,"High Park-Swansea, Toronto, ON, Canada",43.6409667923,-79.4582608594,48.0,Red-bellied Woodpecker
11877,2025-05-28,CC-BY-NC,https://inaturalist-open-data.s3.amazonaws.com/photos/516112332/medium.jpg,"Colonel  Samuel Smith Park, Toronto, ON, Canada",43.5906511232,-79.5131823425,683.0,Red-necked Grebe
17262,2025-09-11,CC-BY-NC,https://inaturalist-open-data.s3.amazonaws.com/photos/567083833/medium.jpg,"Bayview Village, Toronto, ON, Canada",43.777636267,-79.3704431046,61.0,Chestnut-sided Warbler
18060,2025-09-24,CC-BY-NC,https://inaturalist-open-data.s3.amazonaws.com/photos/571869730/medium.jpg,"Rosetta McClain Gardens, 5 Glen Everest Rd, Scarborough, ON M1N 1J2, Canada",43.6968253,-79.2557466,193.0,Yellow-bellied Sapsucker
14114,2025-07-12,CC-BY-NC,https://inaturalist-open-data.s3.amazonaws.com/photos/537392744/medium.jpg,"The Kingsway, Etobicoke, ON, Canada",43.6473849822,-79.5115931829,891.0,Northern Cardinal
12083,2025-06-07,CC-BY-NC,https://inaturalist-open-data.s3.amazonaws.com/photos/517374902/medium.jpg,"Golfdale-Cedarbrae-Woburn, Scarborough, ON, Canada",43.7529241656,-79.2122160572,61.0,Red-tailed Hawk
5106,2025-04-14,CC-BY-NC,https://inaturalist-open-data.s3.amazonaws.com/photos/487425572/medium.jpg,"Mimico Creek, Toronto, ON, CA",43.6475996799,-79.5205502107,22.0,Hooded Merganser
20640,2025-05-23,CC-BY-NC,https://inaturalist-open-data.s3.amazonaws.com/photos/586493005/medium.jpg,"High Park - North Half, Toronto, ON, Canada",43.6490889589,-79.4642275187,440.0,Ovenbird
9701,2025-05-06,CC-BY-NC,https://inaturalist-open-data.s3.amazonaws.com/photos/505016681/medium.jpg,"Colonel  Samuel Smith Park, Toronto, ON, Canada",43.5906511232,-79.5131823425,683.0,Black-crowned Night Heron
4220,2025-01-08,CC-BY,https://inaturalist-open-data.s3.amazonaws.com/photos/482820127/medium.png,"New Toronto, Etobicoke, ON, Canada",43.592156497,-79.5106425096,77.0,American Crow
7278,2025-04-28,CC-BY-NC,https://inaturalist-open-data.s3.amazonaws.com/photos/495946137/medium.jpeg,"High Park-Swansea, Toronto, ON, Canada",43.6420862412,-79.4629399413,122.0,Red-winged Blackbird
373,2025-01-07,CC-BY-NC,https://inaturalist-open-data.s3.amazonaws.com/photos/462704249/medium.jpeg,"Colonel  Samuel Smith Park, Toronto, ON, Canada",43.5906511232,-79.5131823425,683.0,Bufflehead
12668,2025-06-15,,https://static.inaturalist.org/photos/522391776/medium.jpg,"South Riverdale, Toronto, ON, Canada",43.6456127915,-79.3212783249,2.0,Tree Swallow
2687,2025-03-04,CC-BY-NC,https://inaturalist-open-data.s3.amazonaws.com/photos/474218628/medium.jpeg,"High Park-Swansea, Toronto, ON, Canada",43.6536712752,-79.4639640412,244.0,Red-tailed Hawk
22330,2025-12-03,CC-BY-NC,https://inaturalist-open-data.s3.amazonaws.com/photos/597033040/medium.jpg,"Bushmills Sq, Toronto, ON, CA",43.80688,-79.278755,20.0,American Robin
3037,2025-03-11,CC-BY-NC,https://inaturalist-open-data.s3.amazonaws.com/photos/475978766/medium.jpg,"Bayview Village, North York, ON, Canada",43.7835240342,-79.3762544029,646.0,Mallard
8783,2025-05-06,,https://static.inaturalist.org/photos/501224698/medium.jpg,"Corktown Common, Toronto, ON, CA",43.6541116667,-79.3527966667,13.0,Common Yellowthroat
15599,2025-08-13,CC0,https://inaturalist-open-data.s3.amazonaws.com/photos/552803005/medium.jpg,"Ontario, CA",43.6075222187,-79.3854084378,480.0,Eastern Kingbird
11596,2025-06-03,CC-BY-NC,https://inaturalist-open-data.s3.amazonaws.com/photos/515209324/medium.jpg,"Toronto, ON M4T 2V8, Canada",43.6951388763,-79.3812686205,190.0,Great Crested Flycatcher
6511,2025-04-25,CC-BY-NC,https://inaturalist-open-data.s3.amazonaws.com/photos/491928930/medium.jpg,"Toronto, ON, Canada",43.694081704,-79.2564225199,474.0,Mourning Dove
17725,2025-09-19,CC-BY-NC,https://inaturalist-open-data.s3.amazonaws.com/photos/569748368/medium.jpg,"Colonel  Samuel Smith Park, Toronto, ON, Canada",43.5906511232,-79.5131823425,683.0,Grey Catbird
8487,2025-04-28,CC-BY-NC,https://inaturalist-open-data.s3.amazonaws.com/photos/500342005/medium.jpeg,"Edenbridge-Humber Valley, Etobicoke, ON, Canada",43.6707539618,-79.5128405783,182.0,Blue Jay
2702,2025-03-05,CC-BY-NC,https://inaturalist-open-data.s3.amazonaws.com/photos/474415363/medium.jpg,"North York General Hospital, Toronto, ON, CA",43.7683133333,-79.3622133333,4.0,Cooper's Hawk
14628,2025-07-27,CC-BY-NC,https://inaturalist-open-data.s3.amazonaws.com/photos/543498175/medium.jpg,"North York, ON M2J 1G2, Canada",43.77445132,-79.34617284,9.0,Black-capped Chickadee
14048,2025-04-28,CC-BY-NC,https://inaturalist-open-data.s3.amazonaws.com/photos/536841693/medium.jpg,"Lawrence Ave W, Toronto, ON, CA",43.709995,-79.4728083333,2.0,Canada Goose
16301,2025-08-29,CC-BY-NC,https://inaturalist-open-data.s3.amazonaws.com/photos/559442001/medium.jpg,"New Toronto, Etobicoke, ON, Canada",43.5968300098,-79.5126702437,15.0,Cape May Warbler
4546,2025-04-03,CC-BY-NC,https://inaturalist-open-data.s3.amazonaws.com/photos/484746786/medium.jpeg,"Toronto, ON M4W 2R8, Canada",43.6801633812,-79.3841097504,106.0,Hairy Woodpecker
3599,2025-03-21,,https://static.inaturalist.org/photos/478327284/medium.jpg,"Lower River St, Toronto, ON, CA",43.65663,-79.3554,8.0,Mourning Dove
17761,2025-09-21,CC-BY-NC,,"Ontario, CA",43.6554870175,-79.5210985203,22.0,White-breasted Nuthatch
23121,2025-12-24,,https://static.inaturalist.org/photos/602393209/medium.jpg,"High Park-Swansea, Toronto, ON, Canada",43.6435392037,-79.4596173663,31.0,Black-capped Chickadee
677,2025-01-04,CC-BY-NC,https://inaturalist-open-data.s3.amazonaws.com/photos/464199476/medium.jpeg,"Toronto, CA-ON, CA",43.5907250988,-79.5120179281,24.0,White-winged Crossbill
22251,2025-11-29,CC-BY-NC,https://inaturalist-open-data.s3.amazonaws.com/photos/595984806/medium.jpg,"Colonel Samuel Smith Park, 3145 Lake Shore Blvd W, Etobicoke, ON M8V 4B6, Canada",43.591398,-79.5133857,198.0,Bufflehead
1342,2025-02-02,CC-BY-NC,https://inaturalist-open-data.s3.amazonaws.com/photos/467697191/medium.jpg,"Cardiff Rd, Toronto, ON, CA",43.7130111182,-79.3840166777,39.0,Dark-eyed Junco
16761,2025-09-05,CC-BY-NC,https://inaturalist-open-data.s3.amazonaws.com/photos/562950634/medium.jpg,"Bayview Village, Toronto, ON, Canada",43.777636267,-79.3704431046,61.0,Common Yellowthroat
7036,2025-04-27,CC-BY-NC,https://inaturalist-open-data.s3.amazonaws.com/photos/494367465/medium.jpg,"Toronto, ON, CA",43.6869058852,-79.3668594585,4.0,Mourning Dove
18038,2025-09-24,,https://static.inaturalist.org/photos/571661594/medium.jpg,"Corktown Common, Toronto, ON, CA",43.6543283333,-79.3526616667,14.0,Black-throated Blue Warbler
14004,2025-07-11,CC-BY-NC,https://inaturalist-open-data.s3.amazonaws.com/photos/536342395/medium.jpg,"Ontario, CA",43.789061543,-79.519210281,97.0,Mute Swan
2036,2025-01-29,CC-BY-NC,https://inaturalist-open-data.s3.amazonaws.com/photos/471279759/medium.jpg,"Ontario, CA",43.6910563261,-79.3543937423,8.0,Long-eared Owl
5650,2025-04-20,CC-BY-NC,https://inaturalist-open-data.s3.amazonaws.com/photos/489112133/medium.jpeg,"Leaside-Bennington, Toronto, ON, Canada",43.7198467716,-79.3546410859,2.0,Red-winged Blackbird
23807,2025-08-30,CC-BY-NC,https://inaturalist-open-data.s3.amazonaws.com/photos/609951538/medium.jpg,"High Park-Swansea, Toronto, ON, Canada",43.6424027778,-79.4574194444,8.0,Great Blue Heron
9190,2025-05-06,CC-BY-NC,https://inaturalist-open-data.s3.amazonaws.com/photos/502399527/medium.jpeg,"Colonel  Samuel Smith Park, Toronto, ON, Canada",43.5906511232,-79.5131823425,683.0,Black-throated Blue Warbler
6310,2025-04-25,CC-BY-NC,https://inaturalist-open-data.s3.amazonaws.com/photos/491714514/medium.jpeg,"High Park-Swansea, Toronto, ON, Canada",43.645057288,-79.4581971359,354.0,House Sparrow
17991,2025-09-23,CC-BY-NC,https://inaturalist-open-data.s3.amazonaws.com/photos/571244077/medium.jpg,"Ward's Island, Toronto, ON M5J 2M9, Canada",43.6263369,-79.3575012,185.0,Double-crested Cormorant
18410,2025-09-28,CC-BY-NC,https://inaturalist-open-data.s3.amazonaws.com/photos/573459333/medium.jpg,"Tommy Thompson Park , Toronto, ON, Canada",43.6298051024,-79.3258977047,141.0,American Bittern
14235,2025-07-18,CC-BY-NC,https://inaturalist-open-data.s3.amazonaws.com/photos/538803712/medium.jpg,"Bayview Village, Toronto, ON, Canada",43.777636267,-79.3704431046,61.0,Great Crested Flycatcher
16128,2025-08-26,CC-BY,https://inaturalist-open-data.s3.amazonaws.com/photos/558129232/medium.jpg,"Scarborough, ON M1P 3P5, Canada",43.7629911911,-79.2681954056,384.0,Northern Cardinal
16066,2025-08-23,CC-BY-NC,https://inaturalist-open-data.s3.amazonaws.com/photos/558740960/medium.jpg,"Iceboat Terr, Toronto, ON, CA",43.6401416667,-79.3977966667,24.0,Common Grackle
2708,2025-03-04,CC-BY,https://inaturalist-open-data.s3.amazonaws.com/photos/474417871/medium.jpg,"South Riverdale, Toronto, ON, Canada",43.6515275666,-79.3225090329,4.0,Northern Cardinal
23069,2025-12-23,CC-BY-NC,https://inaturalist-open-data.s3.amazonaws.com/photos/602113846/medium.jpg,"Toronto, ON, CA",43.7096416667,-79.226325,4.0,Trumpeter Swan
3423,2025-03-18,CC-BY-NC,https://inaturalist-open-data.s3.amazonaws.com/photos/477642030/medium.jpg,"Ellesmere Rd, Toronto, ON, CA",43.7626228269,-79.2963389726,23.0,Killdeer
7039,2025-04-27,CC-BY-NC,https://inaturalist-open-data.s3.amazonaws.com/photos/494370017/medium.jpg,"Sackville St, Toronto, ON, CA",43.6683383333,-79.366355,26.0,Mourning Dove
3099,2025-02-05,CC-BY-NC,https://inaturalist-open-data.s3.amazonaws.com/photos/476160602/medium.jpeg,"The Queensway – Humber Bay, Etobicoke, ON, Canada",43.6234058506,-79.4763418997,619.0,Trumpeter Swan
19593,2025-10-14,CC-BY-NC,https://inaturalist-open-data.s3.amazonaws.com/photos/580394585/medium.jpg,"Bayview Village, North York, ON, Canada",43.78203994,-79.3737618281,491.0,Cedar Waxwing
21132,2025-11-08,CC-BY-NC,https://inaturalist-open-data.s3.amazonaws.com/photos/589499639/medium.jpg,"Rouge National Urban Park, Rouge Beach and Marsh, 195 Rouge Hills Dr, Scarborough, ON M1C 2Z1, Canada",43.789969,-79.1216979,185.0,American Wigeon
12606,2025-06-10,CC-BY-NC,https://inaturalist-open-data.s3.amazonaws.com/photos/521529791/medium.jpg,"High Park Ave, Toronto, ON, CA",43.6601533333,-79.4675366667,20.0,Red-tailed Hawk
3604,2025-03-19,CC-BY-NC,https://inaturalist-open-data.s3.amazonaws.com/photos/478334758/medium.jpg,"Bayview Village, Toronto, ON, Canada",43.777636267,-79.3704431046,61.0,American Robin
8460,2025-05-04,CC-BY-NC,https://inaturalist-open-data.s3.amazonaws.com/photos/500304508/medium.jpeg,"73 Cardiff Rd, North York, ON M4P 2P4, Canada",43.713027,-79.3841394,179.0,Blue Jay
6529,2025-04-25,CC-BY-NC,https://inaturalist-open-data.s3.amazonaws.com/photos/491929256/medium.jpg,"Toronto, ON, Canada",43.694081704,-79.2564225199,474.0,Ruby-crowned Kinglet
12923,2025-06-03,CC-BY-NC,https://inaturalist-open-data.s3.amazonaws.com/photos/524779009/medium.jpg,"The Queensway – Humber Bay, Etobicoke, ON, Canada",43.6223155603,-79.4751286424,207.0,Red-necked Grebe
8601,2025-05-05,,https://static.inaturalist.org/photos/500708393/medium.jpg,"Corktown Common, Toronto, ON, CA",43.6539916667,-79.351875,5.0,White-throated Sparrow
16344,2025-08-29,CC-BY-NC,https://inaturalist-open-data.s3.amazonaws.com/photos/559589877/medium.jpg,"Ashbridges Bay Park, Toronto, ON, CA",43.65625,-79.3083033333,4.0,Great Egret
19561,2025-10-14,,https://static.inaturalist.org/photos/580350588/medium.jpg,"Corktown Common, Toronto, ON, CA",43.653655,-79.3516616667,8.0,White-throated Sparrow
4656,2025-04-10,CC-BY-NC,https://inaturalist-open-data.s3.amazonaws.com/photos/487594633/medium.jpg,"William Hancox Ave, Toronto, ON, CA",43.6871216667,-79.2927466667,3.0,American Robin
22416,2025-11-30,,https://static.inaturalist.org/photos/598078062/medium.jpg,"Toronto, CA-ON, CA",43.6229865427,-79.3253402039,141.0,Ruddy Duck
22073,2025-11-25,CC-BY-NC,https://inaturalist-open-data.s3.amazonaws.com/photos/594855277/medium.jpg,"Bayview Village, Toronto, ON, Canada",43.777636267,-79.3704431046,61.0,White-breasted Nuthatch
19564,2025-09-13,CC-BY-NC,https://inaturalist-open-data.s3.amazonaws.com/photos/580322023/medium.jpg,"Ontario, CA",43.6374305295,-79.5225151241,43.0,Great Blue Heron
8056,2025-05-02,,https://static.inaturalist.org/photos/499024026/medium.jpg,"Corktown Common, Toronto, ON, CA",43.6539883333,-79.35183,7.0,Black-and-white Warbler
9391,2025-05-10,,https://static.inaturalist.org/photos/503277640/medium.jpg,"High Park-Swansea, Toronto, ON, Canada",43.641421025,-79.4633173942,4.0,Northern Cardinal
10933,2025-05-26,CC-BY-NC,https://inaturalist-open-data.s3.amazonaws.com/photos/511001714/medium.jpg,"High Park-Swansea, Toronto, ON, Canada",43.6404766159,-79.4646606619,240.0,Northern Rough-winged Swallow
23372,2025-12-27,CC-BY-NC,https://inaturalist-open-data.s3.amazonaws.com/photos/603087187/medium.jpg,"Martin Goodman Tr, Toronto, ON, CA",43.66558,-79.2982633333,4.0,Long-tailed Duck
2143,2025-02-23,,https://static.inaturalist.org/photos/472110983/medium.jpg,"Toronto, ON, Canada",43.621717827,-79.3268403366,31.0,Red-breasted Merganser
6876,2025-04-25,CC-BY-NC,https://inaturalist-open-data.s3.amazonaws.com/photos/493599564/medium.jpeg,"Rouge Marsh, Toronto, ON, Canada",43.7923549154,-79.1211683818,25.0,Wood Duck
7567,2025-04-29,,https://static.inaturalist.org/photos/496982729/medium.jpg,"Corktown Common, Toronto, ON, CA",43.6543833333,-79.3528216667,47.0,White-crowned Sparrow
20521,2025-10-11,CC-BY-NC,https://inaturalist-open-data.s3.amazonaws.com/photos/586019234/medium.jpg,"Evergreen Brick Works, 550 Bayview Ave, Toronto, ON M4W 3X8, Canada",43.6843314,-79.3647127,457.0,Belted Kingfisher
7069,2025-04-27,,https://static.inaturalist.org/photos/494460746/medium.jpg,"West Don River Tr, Toronto, ON, CA",43.714305,-79.3418366667,4.0,Brown-headed Cowbird
6643,2025-04-25,CC-BY,https://inaturalist-open-data.s3.amazonaws.com/photos/492297923/medium.png,"Toronto, ON, Canada",43.6149057337,-79.3735479358,318.0,American Herring Gull
20932,2025-11-03,,https://static.inaturalist.org/photos/588017631/medium.jpg,"Lake Ontario, Toronto, ON, CA",43.6243929229,-79.3319037022,283.0,Barrow's Goldeneye
12444,2025-06-01,,https://static.inaturalist.org/photos/520063604/medium.jpg,"Givins St, Toronto, ON, CA",43.6465616667,-79.4182966667,12.0,House Sparrow
1046,2025-01-26,,https://static.inaturalist.org/photos/466190527/medium.jpeg,"Port Lands, Toronto, ON, Canada",43.6480117162,-79.3289548159,186.0,Trumpeter Swan
838,2025-01-18,CC-BY-NC,https://inaturalist-open-data.s3.amazonaws.com/photos/464611825/medium.jpeg,"Rouge, Scarborough, ON, Canada",43.83163878,-79.1700569075,279.0,Barred Owl
2229,2025-02-24,,https://static.inaturalist.org/photos/472351099/medium.jpeg,"South Riverdale, Toronto, ON, Canada",43.6259278928,-79.3309442951,4.0,Greater Scaup
10508,2025-05-23,CC-BY-NC,https://inaturalist-open-data.s3.amazonaws.com/photos/509289406/medium.jpg,"High Park-Swansea, Toronto, ON, Canada",43.6530437091,-79.4625029766,85.0,Bay-breasted Warbler
5753,2025-04-21,,https://static.inaturalist.org/photos/489474490/medium.jpeg,"New Toronto, Etobicoke, ON, Canada",43.5915083333,-79.5134,1.0,Black-crowned Night Heron
11782,2025-06-04,CC-BY-NC,https://inaturalist-open-data.s3.amazonaws.com/photos/515834274/medium.jpg,"Fallingbrook, Scarborough, ON, Canada",43.6725875138,-79.2787677383,1.0,Cliff Swallow
20002,2025-10-20,,https://static.inaturalist.org/photos/582702719/medium.jpg,"Don River, Toronto, ON, CA",43.656445,-79.3527216667,59.0,Red-tailed Hawk
4242,2025-04-04,CC-BY-NC,https://inaturalist-open-data.s3.amazonaws.com/photos/482921410/medium.jpg,"High Park, Toronto, ON, CA",43.6403265793,-79.4554116521,59.0,Belted Kingfisher
5894,2025-04-22,CC-BY-NC,https://inaturalist-open-data.s3.amazonaws.com/photos/490182611/medium.jpg,"Whistle Post St, Toronto, ON, CA",43.6870766971,-79.2949511319,6.0,American Robin
9569,2025-05-12,CC-BY-NC,https://inaturalist-open-data.s3.amazonaws.com/photos/504151368/medium.jpeg,"4001 Leslie St, North York, ON M2K 1E1, Canada",43.7689252,-79.3631408,194.0,European Starling
20020,2025-10-20,,https://static.inaturalist.org/photos/582713471/medium.jpg,"Corktown Common, Toronto, ON, CA",43.65387,-79.3512283333,3.0,Black-capped Chickadee
11984,2025-06-03,CC-BY-NC,https://inaturalist-open-data.s3.amazonaws.com/photos/516750787/medium.jpg,"Bayview Village, North York, ON, Canada",43.7813372424,-79.3882943914,219.0,Chipping Sparrow
9197,2025-05-09,,https://static.inaturalist.org/photos/502417515/medium.jpg,"Highway 401 W, Toronto, ON, CA",43.774045,-79.289605,3.0,Barn Swallow
17830,2025-09-21,CC-BY-NC,https://inaturalist-open-data.s3.amazonaws.com/photos/570138363/medium.jpg,"Ashbridges Bay Park, Toronto, ON, CA",43.6589072736,-79.3096574141,41.0,Yellow-bellied Sapsucker
2209,2025-01-26,,https://static.inaturalist.org/photos/472182163/medium.jpeg,"Toronto, ON, Canada",43.6562982444,-79.3115231395,99.0,Iceland Gull
21892,2025-02-21,CC-BY-NC,https://inaturalist-open-data.s3.amazonaws.com/photos/593638178/medium.jpg,"Etobicoke Creek Tr, Toronto, ON, CA",43.5863416667,-79.5426333333,3.0,Northern Cardinal
16987,2025-09-09,CC-BY-NC,https://inaturalist-open-data.s3.amazonaws.com/photos/565127319/medium.jpg,"Toronto, CA-ON, CA",43.7678278069,-79.5094558883,489.0,Black-and-white Warbler
560,2025-01-09,CC-BY-NC,https://inaturalist-open-data.s3.amazonaws.com/photos/463566736/medium.jpeg,"Colonel  Samuel Smith Park, Toronto, ON, Canada",43.5906511232,-79.5131823425,683.0,Greater Scaup
12239,2025-05-30,CC-BY-NC,https://inaturalist-open-data.s3.amazonaws.com/photos/518640207/medium.jpg,"Colonel  Samuel Smith Park, Toronto, ON, Canada",43.5906511232,-79.5131823425,683.0,Red-winged Blackbird
5657,2025-04-20,CC-BY-NC,https://inaturalist-open-data.s3.amazonaws.com/photos/489112278/medium.jpeg,"Leaside-Bennington, Toronto, ON, Canada",43.7198467716,-79.3546410859,2.0,Hairy Woodpecker
21985,2025-11-23,CC-BY-NC,https://inaturalist-open-data.s3.amazonaws.com/photos/594160821/medium.jpg,"Bayview Village, North York, ON, Canada",43.7799918829,-79.3834993455,619.0,Downy Woodpecker
1392,2025-02-03,CC-BY-NC,https://inaturalist-open-data.s3.amazonaws.com/photos/467905627/medium.jpeg,"Toronto, ON, Canada",43.6335729885,-79.4650005517,398.0,American Herring Gull
13214,2025-06-26,CC-BY-NC,https://inaturalist-open-data.s3.amazonaws.com/photos/527658437/medium.jpg,"Leslie St, Toronto, ON, CA",43.770105,-79.3655866667,9.0,House Sparrow
11197,2025-02-11,CC-BY-NC,https://inaturalist-open-data.s3.amazonaws.com/photos/512477272/medium.jpg,"Rouge Beach, Waterfront Trail, Toronto, ON M1C 2Y9, Canada",43.7916097512,-79.1199302673,75.0,Northern Harrier
19082,2025-10-08,CC0,https://inaturalist-open-data.s3.amazonaws.com/photos/578083019/medium.jpg,"Ontario, CA",43.7281937944,-79.2703056164,493.0,Feral Pigeon
428,2025-01-11,CC-BY-NC,https://inaturalist-open-data.s3.amazonaws.com/photos/463211342/medium.jpg,"Swansea, Toronto, ON, Canada",43.6346801688,-79.4663558883,15.0,White-winged Scoter
15126,2025-08-04,CC-BY-NC,https://inaturalist-open-data.s3.amazonaws.com/photos/548276028/medium.jpg,"High Park-Swansea, Toronto, ON, Canada",43.6429556422,-79.4686616957,110.0,Great Egret
332,2025-01-08,CC-BY-NC,https://inaturalist-open-data.s3.amazonaws.com/photos/462609128/medium.jpg,"Bridle Path-Sunnybrook-York Mills, Toronto, ON, Canada",43.7300831444,-79.3577562816,507.0,White-breasted Nuthatch
13533,2025-07-04,CC-BY-NC,https://inaturalist-open-data.s3.amazonaws.com/photos/531199495/medium.jpg,"Maynard Ave, Toronto, ON, CA",43.6380318102,-79.4377692234,8.0,Feral Pigeon
17664,2025-09-13,CC-BY-NC,https://inaturalist-open-data.s3.amazonaws.com/photos/569283053/medium.jpg,"Rosetta McClain Gardens, 5 Glen Everest Rd, Scarborough, ON M1N 1J2, Canada",43.6968253,-79.2557466,193.0,Red-breasted Nuthatch
13287,2025-06-28,CC-BY-NC,https://inaturalist-open-data.s3.amazonaws.com/photos/528404910/medium.jpg,"Ontario, CA",43.7972574489,-79.4802524353,5.0,Great Egret
3031,2025-03-08,CC-BY-NC,https://inaturalist-open-data.s3.amazonaws.com/photos/475926184/medium.jpg,"Toronto, ON, Canada",43.6200155423,-79.4739790099,200.0,Northern Red-tailed Hawk
22388,2025-12-05,CC-BY-NC,https://inaturalist-open-data.s3.amazonaws.com/photos/597562276/medium.jpg,"Bayview Village, North York, ON, Canada",43.7782567,-79.3828127,895.0,Northern Cardinal
15579,2025-08-14,CC-BY-NC,https://inaturalist-open-data.s3.amazonaws.com/photos/552718891/medium.jpg,"South Riverdale, Toronto, ON, Canada",43.6726613841,-79.3309396604,15.0,Bay-breasted Warbler
15470,2025-07-08,CC-BY-NC,https://inaturalist-open-data.s3.amazonaws.com/photos/551359069/medium.jpg,"Downtown Toronto, Toronto, ON, Canada",43.6404333056,-79.376225,12.0,Passer domesticus
23313,2025-05-30,CC-BY,https://inaturalist-open-data.s3.amazonaws.com/photos/602877409/medium.jpg,"Toronto, ON, Canada",43.5902394031,-79.5172906038,58.0,Western Grebe
6012,2025-04-24,CC-BY-NC,https://inaturalist-open-data.s3.amazonaws.com/photos/490650651/medium.jpg,"Humber River Recreational Tr, Toronto, ON, CA",43.652780342,-79.4956699532,410.0,Great Egret
20252,2025-10-23,,https://static.inaturalist.org/photos/583790282/medium.jpg,"Corktown Common, Toronto, ON, CA",43.6535416667,-79.3528366667,4.0,Black-capped Chickadee
5395,2025-04-19,CC-BY-NC,https://inaturalist-open-data.s3.amazonaws.com/photos/488586039/medium.jpeg,"Leaside-Bennington, Toronto, ON, Canada",43.7199468955,-79.3546300303,8.0,Dark-eyed Junco
23241,2025-05-18,CC-BY,https://inaturalist-open-data.s3.amazonaws.com/photos/602839566/medium.jpg,"Centre Island, Toronto, ON, Canada",43.617101381,-79.3873764039,172.0,Bald Eagle
18094,2025-08-31,CC-BY-NC,https://inaturalist-open-data.s3.amazonaws.com/photos/571936744/medium.jpg,"Ontario, CA",43.7685912293,-79.0491758693,69.0,Turkey Vulture
15384,2025-08-10,CC-BY-NC,https://inaturalist-open-data.s3.amazonaws.com/photos/550406809/medium.jpg,"Humber Bay Park Rd E, Toronto, ON, CA",43.6234966667,-79.47683,8.0,Red-winged Blackbird
22988,2025-06-28,CC-BY-NC,https://inaturalist-open-data.s3.amazonaws.com/photos/601482705/medium.jpg,"South Riverdale, Toronto, ON, Canada",43.6247354542,-79.3254431487,50.0,Common Tern
6650,2025-04-25,CC-BY,https://inaturalist-open-data.s3.amazonaws.com/photos/492301711/medium.png,"Centre Island, Toronto, ON, Canada",43.6135001772,-79.3871518877,113.0,Canada Goose
1165,2025-01-30,CC-BY-NC,https://inaturalist-open-data.s3.amazonaws.com/photos/467062354/medium.jpeg,"The Kingsway, Etobicoke, ON, Canada",43.647482593,-79.5116307338,980.0,Red-bellied Woodpecker
23693,2025-12-30,CC-BY-NC,https://inaturalist-open-data.s3.amazonaws.com/photos/606314884/medium.jpg,"The Kingsway, Etobicoke, ON, Canada",43.6475136465,-79.5117165645,997.0,European Starling
11427,2025-06-01,CC-BY-NC,https://inaturalist-open-data.s3.amazonaws.com/photos/514134189/medium.jpg,"Humber Bay, Toronto, ON, CA",43.6363947777,-79.4525982622,71.0,Laughing Gull
5333,2025-04-13,,https://static.inaturalist.org/photos/488414795/medium.jpg,"New Toronto, Etobicoke, ON, Canada",43.5927435293,-79.5110268658,8.0,Bufflehead
5314,2025-04-13,,https://static.inaturalist.org/photos/488359586/medium.jpg,"New Toronto, Etobicoke, ON, Canada",43.5924260002,-79.5133180213,8.0,Red-winged Blackbird
18934,2025-10-06,CC-BY-NC,https://inaturalist-open-data.s3.amazonaws.com/photos/577399824/medium.jpg,"Bayview Village, Toronto, ON, Canada",43.777636267,-79.3704431046,61.0,Hairy Woodpecker
22703,2025-12-09,CC-BY-NC,https://inaturalist-open-data.s3.amazonaws.com/photos/599359699/medium.jpg,"Bayview Village, North York, ON, Canada",43.7801238347,-79.3729953378,513.0,Dark-eyed Junco
593,2025-01-07,CC-BY-NC,https://inaturalist-open-data.s3.amazonaws.com/photos/463674943/medium.jpeg,"Colonel  Samuel Smith Park, Toronto, ON, Canada",43.5906511232,-79.5131823425,683.0,American Robin
11689,2025-05-30,CC-BY-NC,https://inaturalist-open-data.s3.amazonaws.com/photos/515452598/medium.jpg,"Toronto, ON M6S 2V5, Canada",43.6491453926,-79.470519796,24.0,Wood Duck
9782,2025-05-12,CC-BY-NC,https://inaturalist-open-data.s3.amazonaws.com/photos/505432353/medium.jpg,"Centre Island, Toronto, ON, Canada",43.6166000062,-79.3861319679,15.0,Baltimore Oriole
3800,2025-03-23,CC-BY-NC,https://inaturalist-open-data.s3.amazonaws.com/photos/479585278/medium.jpeg,"Colonel Samuel Smith Park, 3145 Lake Shore Blvd W, Etobicoke, ON M8V 4B6, Canada",43.591398,-79.5133857,198.0,Red-necked Grebe
19756,2025-10-16,CC-BY-NC,https://inaturalist-open-data.s3.amazonaws.com/photos/581116364/medium.jpg,"Bayview Village, Toronto, ON, Canada",43.777636267,-79.3704431046,61.0,Hermit Thrush
305,2025-01-08,CC-BY-NC,https://inaturalist-open-data.s3.amazonaws.com/photos/462586197/medium.jpg,"Bridle Path-Sunnybrook-York Mills, Toronto, ON, Canada",43.7302735317,-79.3571613691,418.0,White-breasted Nuthatch
3831,2025-03-21,CC-BY-NC,https://inaturalist-open-data.s3.amazonaws.com/photos/479931323/medium.jpeg,"Rouge Marsh, Toronto, ON, Canada",43.793019168,-79.1213626153,100.0,Wood Duck
22635,2025-12-09,CC-BY-NC,https://inaturalist-open-data.s3.amazonaws.com/photos/598835478/medium.jpg,"Toronto, ON M4T 1B4, Canada",43.6851789847,-79.3856929243,65.0,Winter Wren
1695,2025-01-28,,https://static.inaturalist.org/photos/469630679/medium.jpeg,"Toronto, ON M4M 3M9, Canada",43.6459425136,-79.3210027367,74.0,Red-tailed Hawk
17372,2025-09-12,CC-BY-NC,https://inaturalist-open-data.s3.amazonaws.com/photos/567382328/medium.jpg,"Colonel  Samuel Smith Park, Toronto, ON, Canada",43.5906511232,-79.5131823425,683.0,Mallard
20098,2025-10-21,CC-BY-NC,https://inaturalist-open-data.s3.amazonaws.com/photos/583037685/medium.jpg,"Bloor St W, Toronto, ON, CA",43.6602144647,-79.4332229806,6.0,Red-tailed Hawk
9516,2025-05-11,CC-BY-NC,https://inaturalist-open-data.s3.amazonaws.com/photos/503888935/medium.jpeg,"South Riverdale, Toronto, ON, Canada",43.645726469,-79.3207869689,17.0,Cliff Swallow
1269,2025-01-27,CC-BY-NC,https://inaturalist-open-data.s3.amazonaws.com/photos/467502479/medium.jpeg,"Edenbridge-Humber Valley, Etobicoke, ON, Canada",43.6715144741,-79.5121324751,182.0,American Black Duck × Mallard
22257,2025-11-22,CC-BY,https://inaturalist-open-data.s3.amazonaws.com/photos/595988208/medium.jpg,"Rouge, Scarborough, ON, Canada",43.829094254,-79.1897028855,75.0,Bufflehead
20933,2025-10-03,CC-BY-NC,https://inaturalist-open-data.s3.amazonaws.com/photos/588031751/medium.jpg,"Humber Bay Park East, Toronto, ON, CA",43.62362,-79.4768833333,11.0,Double-crested Cormorant
19213,2025-10-11,CC-BY-NC,https://inaturalist-open-data.s3.amazonaws.com/photos/578886924/medium.jpg,"Simcoe St, Toronto, ON, CA",43.6465076388,-79.3867558997,8.0,Feral Pigeon
17221,2025-09-13,CC-BY-NC,https://inaturalist-open-data.s3.amazonaws.com/photos/566808810/medium.jpg,"Rosetta McClain Gardens, 5 Glen Everest Rd, Scarborough, ON M1N 1J2, Canada",43.6968253,-79.2557466,193.0,Song Sparrow
16848,2025-09-07,CC-BY-NC,https://inaturalist-open-data.s3.amazonaws.com/photos/563757921/medium.jpg,"Lake Ontario, Toronto, ON, CA",43.7026866667,-79.2383583333,4.0,Green Heron
4518,2025-04-08,CC-BY-NC,https://inaturalist-open-data.s3.amazonaws.com/photos/484596038/medium.jpg,"Bayview Village, North York, ON, Canada",43.7778105636,-79.3703948257,61.0,Canada Goose
5234,2025-04-18,,https://static.inaturalist.org/photos/488025491/medium.jpg,"Bridle Path-Sunnybrook-York Mills, Toronto, ON, Canada",43.7245262655,-79.3588842923,195.0,Dark-eyed Junco
9073,2025-05-06,CC-BY-NC,https://inaturalist-open-data.s3.amazonaws.com/photos/501854307/medium.jpeg,"104 Scholars Walk |, Health, Nursing and Environmental Studies, Toronto, ON M3J 1P3, Canada",43.7722428419,-79.5067309588,21.0,Canada Goose
11023,2025-05-11,,https://static.inaturalist.org/photos/511255964/medium.jpg,"Eringate, Toronto, ON, CA",43.6470573847,-79.5903860323,385.0,Black-and-white Warbler
11188,2025-05-29,CC-BY-NC,https://inaturalist-open-data.s3.amazonaws.com/photos/512426814/medium.jpg,"Woodbine Beach Dune Habitat, Toronto, ON, Canada",43.66150559,-79.306717665,4.0,Ruddy Turnstone
17437,2025-09-16,CC-BY-NC,https://inaturalist-open-data.s3.amazonaws.com/photos/567791426/medium.jpg,"Eglinton Ave W, Toronto, ON, CA",43.7014352668,-79.4216543215,62.0,Northern Flicker
20679,2025-10-03,CC-BY-NC,https://inaturalist-open-data.s3.amazonaws.com/photos/586586611/medium.jpg,"Toronto, ON, CA",43.6451106541,-79.328622764,973.0,Ruby-crowned Kinglet
9900,2025-05-09,CC-BY-NC,https://inaturalist-open-data.s3.amazonaws.com/photos/505877456/medium.jpg,"Humber Bay Park West, 2225 Lake Shore Blvd W, Etobicoke, ON M8V 3X7, Canada",43.6164742,-79.479417,491.0,Red-necked Grebe
19309,2025-10-09,CC-BY-NC,https://inaturalist-open-data.s3.amazonaws.com/photos/579511712/medium.jpg,"Bayview Village, North York, ON, Canada",43.781896027,-79.3719808414,375.0,White-throated Sparrow
6239,2025-04-25,CC-BY-NC,https://inaturalist-open-data.s3.amazonaws.com/photos/491646334/medium.jpg,"Toronto Music Garden, Toronto, ON, CA",43.6370883719,-79.3937257983,6.0,Feral Pigeon
8177,2025-05-03,CC-BY-NC,https://inaturalist-open-data.s3.amazonaws.com/photos/499403249/medium.jpeg,"Toronto, ON M6H 2G5, Canada",43.6746058667,-79.4321715832,16.0,Baltimore Oriole
19018,2025-10-05,CC-BY-NC,https://inaturalist-open-data.s3.amazonaws.com/photos/577882276/medium.jpg,"Bayview Village, North York, ON, Canada",43.781705492,-79.3738223916,529.0,Yellow-bellied Sapsucker
14008,2025-06-27,CC-BY-NC,https://inaturalist-open-data.s3.amazonaws.com/photos/536389223/medium.jpg,"Colonel  Samuel Smith Park, Toronto, ON, Canada",43.5906511232,-79.5131823425,683.0,Mallard
15533,2025-07-09,CC-BY-NC,https://inaturalist-open-data.s3.amazonaws.com/photos/552168975/medium.jpg,"High Park-Swansea, Toronto, ON, Canada",43.642485,-79.4668888889,12.0,Agelaius phoeniceus
673,2025-01-14,CC-BY-NC,https://inaturalist-open-data.s3.amazonaws.com/photos/464142132/medium.jpeg,"Toronto, ON, Canada",43.6033316157,-79.4909521942,683.0,Long-tailed Duck
18554,2025-09-28,CC-BY-NC-ND,https://inaturalist-open-data.s3.amazonaws.com/photos/574767422/medium.jpg,"Toronto, ON, Canada",43.6408540423,-79.3227052281,8.0,Gadwall
23399,2025-12-28,CC-BY-NC,https://inaturalist-open-data.s3.amazonaws.com/photos/603370204/medium.jpg,"Bayview Village, Toronto, ON, Canada",43.777636267,-79.3704431046,61.0,Downy Woodpecker
19984,2025-10-20,CC-BY-NC,https://static.inaturalist.org/photos/582673179/medium.jpg,"South Riverdale, Toronto, ON, Canada",43.6480748852,-79.3245218567,122.0,Brown Creeper
2057,2025-02-19,CC-BY-NC,https://inaturalist-open-data.s3.amazonaws.com/photos/471431904/medium.jpg,"Banbury-Don Mills, North York, ON, Canada",43.7302505954,-79.3557553234,976.0,American Crow
2667,2025-03-04,,https://static.inaturalist.org/photos/474198322/medium.jpg,"Corktown Common, Toronto, ON, CA",43.6545866667,-79.3529283333,7.0,Northern Cardinal
2054,2025-02-19,CC-BY-NC,https://inaturalist-open-data.s3.amazonaws.com/photos/471431858/medium.jpg,"Banbury-Don Mills, North York, ON, Canada",43.7302505954,-79.3557553234,976.0,Dark-eyed Junco
21869,2025-11-20,CC-BY-NC,https://inaturalist-open-data.s3.amazonaws.com/photos/593219320/medium.jpg,"Ontario, CA",43.7466116141,-79.2276178934,152.0,Red-breasted Merganser
1700,2025-02-12,CC-BY-NC,https://inaturalist-open-data.s3.amazonaws.com/photos/469687471/medium.jpg,"Eglinton, Toronto, ON, CA",43.705505,-79.3987283333,36.0,Feral Pigeon
21385,2025-11-12,CC-BY-NC,https://inaturalist-open-data.s3.amazonaws.com/photos/590753805/medium.jpg,"The Beaches, Toronto, ON, Canada",43.6800580449,-79.2863801251,2.0,House Finch
14885,2025-08-01,CC-BY-NC,https://inaturalist-open-data.s3.amazonaws.com/photos/546147461/medium.jpg,"Rouge, Scarborough, ON, Canada",43.7942291772,-79.1171256094,25.0,Trumpeter Swan
17001,2025-09-10,CC-BY-NC,https://inaturalist-open-data.s3.amazonaws.com/photos/565250350/medium.jpg,"Bayview Village, Toronto, ON, Canada",43.777636267,-79.3704431046,61.0,American Goldfinch
21905,2025-11-16,CC-BY-NC,https://inaturalist-open-data.s3.amazonaws.com/photos/593724293/medium.jpg,"Rouge Marsh, Toronto, ON, Canada",43.7930849967,-79.1210622079,25.0,Green-winged Teal
23660,2025-12-29,CC-BY-NC,https://inaturalist-open-data.s3.amazonaws.com/photos/605196716/medium.jpg,"Toronto, ON, Canada",43.6412814328,-79.3234653348,216.0,Common Goldeneye
6981,2025-04-27,CC-BY-NC,https://inaturalist-open-data.s3.amazonaws.com/photos/494084800/medium.jpeg,"East York, ON M4B 2M7, Canada",43.69933991,-79.3104885,9.0,Mallard
20929,2025-10-31,CC0,https://inaturalist-open-data.s3.amazonaws.com/photos/588001792/medium.jpg,"Ontario, CA",43.6218372808,-79.339965698,376.0,Feral Pigeon
21052,2025-11-06,CC-BY-NC,https://inaturalist-open-data.s3.amazonaws.com/photos/588894723/medium.jpg,"Bayview Village, Toronto, ON, Canada",43.777636267,-79.3704431046,61.0,Cedar Waxwing
4935,2025-04-14,,https://static.inaturalist.org/photos/486530066/medium.jpg,"Island Rd, Toronto, ON, CA",43.5860033333,-79.54348,8.0,Double-crested Cormorant
6145,2025-04-25,CC-BY-NC,https://inaturalist-open-data.s3.amazonaws.com/photos/491486535/medium.jpeg,"Toronto, ON M5V 1A2, Canada",43.6381332234,-79.3888231197,3.0,American Robin
2531,2025-03-01,CC-BY-NC,https://inaturalist-open-data.s3.amazonaws.com/photos/473512593/medium.jpg,"Nipigon Ave, Toronto, ON, CA",43.7982493009,-79.415880337,14.0,Dark-eyed Junco
17686,2025-09-20,CC-BY-NC,https://inaturalist-open-data.s3.amazonaws.com/photos/570146046/medium.jpg,"York Mills Rd, Toronto, ON, CA",43.7446383333,-79.3982383333,3.0,Downy Woodpecker
4439,2025-04-05,CC-BY-NC,https://inaturalist-open-data.s3.amazonaws.com/photos/484128918/medium.jpeg,"Toronto, ON M5G 1G7, Canada",43.6577568015,-79.3828869984,10.0,Feral Pigeon
20219,2025-10-23,CC-BY-NC,https://inaturalist-open-data.s3.amazonaws.com/photos/583727763/medium.jpg,"Front St E, Toronto, ON, CA",43.6485768376,-79.3736707374,85.0,House Sparrow
12981,2025-06-22,,https://static.inaturalist.org/photos/525294589/medium.jpg,"Tommy Thompson Park, Toronto, ON, CA",43.6459783333,-79.3208783333,19.0,Barn Swallow
22283,2025-11-30,CC-BY-NC,https://inaturalist-open-data.s3.amazonaws.com/photos/596332314/medium.jpg,"73 Cardiff Rd, North York, ON M4P 2P4, Canada",43.713027,-79.3841394,179.0,Black-capped Chickadee
728,2025-01-12,CC-BY-NC,https://inaturalist-open-data.s3.amazonaws.com/photos/464253947/medium.jpeg,"Colonel  Samuel Smith Park, Toronto, ON, Canada",43.5906511232,-79.5131823425,683.0,Mallard
19185,2025-10-09,CC-BY-NC,https://inaturalist-open-data.s3.amazonaws.com/photos/578625831/medium.jpg,"Bayview Village, Toronto, ON, Canada",43.777636267,-79.3704431046,61.0,Black-capped Chickadee
7949,2025-05-02,,https://static.inaturalist.org/photos/498663280/medium.jpeg,Toronto,43.6469917297,-79.5202407837,53.0,Hooded Merganser
23725,2025-11-10,,https://static.inaturalist.org/photos/607215791/medium.jpg,"Evergreen Brick Works, 550 Bayview Ave, Toronto, ON M4W 3X8, Canada",43.6843314,-79.3647127,177.0,Mallard
9937,2025-05-11,CC-BY-NC,https://inaturalist-open-data.s3.amazonaws.com/photos/506037110/medium.jpg,"Colonel  Samuel Smith Park, Toronto, ON, Canada",43.5906511232,-79.5131823425,683.0,Mourning Dove
12084,2025-06-07,CC-BY-NC,https://inaturalist-open-data.s3.amazonaws.com/photos/517386542/medium.jpg,"E Don River Trail, Toronto, ON, CA",43.7299466667,-79.3248883333,4.0,Great Blue Heron
2871,2025-03-09,CC-BY-NC,https://inaturalist-open-data.s3.amazonaws.com/photos/475549145/medium.jpeg,"Colonel  Samuel Smith Park, Toronto, ON, Canada",43.5906511232,-79.5131823425,683.0,Mute Swan
20173,2025-10-22,CC-BY-NC,https://inaturalist-open-data.s3.amazonaws.com/photos/583430651/medium.jpg,"Bayview Village, Toronto, ON, Canada",43.777636267,-79.3704431046,61.0,American Goldfinch
11422,2025-06-01,CC-BY-NC,https://inaturalist-open-data.s3.amazonaws.com/photos/514110396/medium.jpg,"Humber River, Toronto, ON, CA",43.63737,-79.4768116667,1.0,Belted Kingfisher
18451,2025-09-28,CC-BY-NC,https://inaturalist-open-data.s3.amazonaws.com/photos/573765879/medium.jpg,"Tommy Thompson Park , Toronto, ON, Canada",43.6251681546,-79.324562687,4.0,Trumpeter Swan
21357,2025-11-12,CC-BY-NC,https://inaturalist-open-data.s3.amazonaws.com/photos/590708245/medium.jpg,"North York General Hospital, Toronto, ON, CA",43.7679866667,-79.3617383333,9.0,Canada Goose
11571,2025-05-27,CC-BY-NC,https://inaturalist-open-data.s3.amazonaws.com/photos/514947326/medium.jpg,"Toronto, ON, CA",43.8246616667,-79.1810616667,7.0,Great Blue Heron
11024,2025-05-14,,https://static.inaturalist.org/photos/511257049/medium.jpg,"Eringate, Toronto, ON, CA",43.6492419146,-79.5929885328,257.0,Canada Goose
5194,2025-04-18,CC-BY-NC,https://inaturalist-open-data.s3.amazonaws.com/photos/487905406/medium.jpg,"Bayview Village, Toronto, ON, Canada",43.7776130274,-79.371880767,342.0,Yellow-bellied Sapsucker
20559,2025-10-29,CC-BY-NC,https://inaturalist-open-data.s3.amazonaws.com/photos/586219202/medium.jpg,"New Toronto, Etobicoke, ON, Canada",43.5912702556,-79.5131561259,410.0,Green-winged Teal
12517,2025-06-14,CC-BY-NC,https://inaturalist-open-data.s3.amazonaws.com/photos/520844004/medium.jpg,"Serena Gundy Park Tr, Toronto, ON, CA",43.7183303903,-79.3549944645,432.0,Mallard
531,2025-01-09,CC-BY-NC,https://inaturalist-open-data.s3.amazonaws.com/photos/463509227/medium.jpeg,"Colonel  Samuel Smith Park, Toronto, ON, Canada",43.5906511232,-79.5131823425,683.0,Northern Cardinal
8311,2025-04-28,CC-BY-NC,https://inaturalist-open-data.s3.amazonaws.com/photos/499710249/medium.jpeg,"Colonel  Samuel Smith Park, Toronto, ON, Canada",43.5906511232,-79.5131823425,683.0,Song Sparrow
1336,2025-01-31,CC-BY-NC,https://inaturalist-open-data.s3.amazonaws.com/photos/467695594/medium.jpeg,"The Kingsway, Etobicoke, ON, Canada",43.6475602268,-79.5117594799,949.0,European Starling
4659,2025-03-25,CC-BY,https://inaturalist-open-data.s3.amazonaws.com/photos/485441247/medium.png,"Ontario, CA",43.6749588765,-79.3471653071,79.0,Mourning Dove
10920,2025-04-11,CC-BY,https://inaturalist-open-data.s3.amazonaws.com/photos/510950337/medium.jpg,"35 Saskatoon Dr, Etobicoke, ON M9P 2E8, Canada",43.693859164,-79.5382429907,137.0,American Robin
23748,2025-12-05,CC-BY-NC,https://inaturalist-open-data.s3.amazonaws.com/photos/607853622/medium.jpg,"MM4R+52, Toronto, ON M4L 3W6, Canada",43.6556285043,-79.3110909685,9.0,Northern Cardinal
1997,2025-02-17,CC-BY-NC,https://inaturalist-open-data.s3.amazonaws.com/photos/471038343/medium.jpg,"Bayview Village, Toronto, ON, Canada",43.777636267,-79.3704431046,61.0,Northern Cardinal
9755,2025-05-02,CC-BY-NC,https://inaturalist-open-data.s3.amazonaws.com/photos/505386117/medium.jpg,"South Riverdale, Toronto, ON, Canada",43.6459829645,-79.3208659256,8.0,Barn Swallow
2952,2025-03-08,CC-BY-NC,https://inaturalist-open-data.s3.amazonaws.com/photos/475663844/medium.jpeg,"Bluffers Park, Scarborough, Canada",43.7062905468,-79.2337954044,50.0,Trumpeter Swan
17533,2025-09-17,,https://inaturalist-open-data.s3.amazonaws.com/photos/568428830/medium.jpg,"Broadview North, East York, ON, Canada",43.6906066693,-79.3605194327,15.0,Great Egret
8469,2025-04-28,CC-BY-NC,https://inaturalist-open-data.s3.amazonaws.com/photos/500317123/medium.jpeg,"Edenbridge-Humber Valley, Etobicoke, ON, Canada",43.6690930666,-79.5117711873,31.0,Red-winged Blackbird
16302,2025-08-29,CC-BY-NC,https://inaturalist-open-data.s3.amazonaws.com/photos/559442003/medium.jpg,"New Toronto, Etobicoke, ON, Canada",43.597031222,-79.51252004,156.0,American Redstart
5911,2025-04-23,CC-BY-NC,https://inaturalist-open-data.s3.amazonaws.com/photos/490324390/medium.jpg,"Rushton Rd, Toronto, ON, CA",43.6877383333,-79.42972,14.0,Brown Creeper
6186,2025-04-25,CC-BY,https://inaturalist-open-data.s3.amazonaws.com/photos/491551391/medium.jpeg,"Toronto, ON M5V 2Y3, Canada",43.63716766,-79.39255265,7.0,Feral Pigeon
2649,2025-03-03,CC-BY-NC,https://inaturalist-open-data.s3.amazonaws.com/photos/473903691/medium.jpg,"Bayview Village, Toronto, ON, Canada",43.777636267,-79.3704431046,61.0,American Black Duck × Mallard
8735,2025-05-04,CC-BY-NC,https://inaturalist-open-data.s3.amazonaws.com/photos/501094035/medium.jpg,"Clouston Ave, Toronto, ON, CA",43.6939716667,-79.5107583333,8.0,Cooper's Hawk
16000,2025-08-24,CC-BY-NC,https://inaturalist-open-data.s3.amazonaws.com/photos/557139047/medium.jpg,"Tommy Thompson Park, Toronto, ON, CA",43.6318767065,-79.3244446459,53.0,Wood Duck
20851,2025-11-02,CC-BY-NC,https://inaturalist-open-data.s3.amazonaws.com/photos/587613810/medium.jpg,"Downsview, North York, ON, Canada",43.7436658974,-79.4844294411,120.0,European Starling
13107,2025-06-25,,https://static.inaturalist.org/photos/526926105/medium.jpg,"Gloucester St, Toronto, ON, CA",43.6670416667,-79.3846133333,23.0,House Sparrow
10834,2025-05-25,CC-BY,https://inaturalist-open-data.s3.amazonaws.com/photos/516598763/medium.jpg,"Scarborough, ON M1P 3P5, Canada",43.7633789,-79.2683495,43.0,Bay-breasted Warbler
19386,2025-10-10,CC0,https://inaturalist-open-data.s3.amazonaws.com/photos/579639035/medium.jpg,"Ontario, CA",43.6774190944,-79.3123353945,135.0,White-throated Sparrow
4205,2025-03-29,CC-BY-NC,https://inaturalist-open-data.s3.amazonaws.com/photos/482796122/medium.jpeg,"Rouge Marsh, Toronto, ON, Canada",43.7923214063,-79.121127028,75.0,Red-winged Blackbird
2686,2025-03-04,CC-BY-NC,https://inaturalist-open-data.s3.amazonaws.com/photos/474217266/medium.jpeg,"Toronto, ON, Canada",43.6330503051,-79.4661956391,244.0,Gadwall
3825,2025-03-21,CC-BY-NC,https://inaturalist-open-data.s3.amazonaws.com/photos/479930884/medium.jpeg,"Rouge Marsh, Toronto, ON, Canada",43.793019168,-79.1213626153,100.0,Mallard
13510,2025-07-03,CC-BY-NC,https://inaturalist-open-data.s3.amazonaws.com/photos/530809326/medium.jpg,"Humber Bay Park East, Toronto, ON, CA",43.6211026964,-79.4744128966,376.0,Red-necked Grebe
14824,2025-07-29,CC-BY-NC,https://inaturalist-open-data.s3.amazonaws.com/photos/545232833/medium.jpg,"North York, ON M4A 2G9, Canada",43.7305370023,-79.3242136762,295.0,Downy Woodpecker
18717,2025-10-03,CC-BY-NC,https://inaturalist-open-data.s3.amazonaws.com/photos/575599937/medium.jpg,"Bayview Village, North York, ON, Canada",43.7782455398,-79.3693646487,480.0,Black-capped Chickadee
14961,2025-08-03,CC-BY-NC,https://inaturalist-open-data.s3.amazonaws.com/photos/546865388/medium.jpg,"Toronto, ON M5J 2Z5, Canada",43.6434590852,-79.3802892789,10.0,Feral Pigeon
18401,2025-09-28,CC-BY-NC,https://inaturalist-open-data.s3.amazonaws.com/photos/573456660/medium.jpg,"Tommy Thompson Park , Toronto, ON, Canada",43.625614514,-79.3249053451,31.0,Canvasback
6423,2025-04-25,CC-BY-NC,https://inaturalist-open-data.s3.amazonaws.com/photos/491838931/medium.jpg,"Rosetta McClain Gardens, 5 Glen Everest Rd, Scarborough, ON M1N 1J2, Canada",43.6968253,-79.2557466,193.0,Downy Woodpecker
10228,2025-05-15,CC-BY-NC,https://inaturalist-open-data.s3.amazonaws.com/photos/507685832/medium.jpg,"Colonel  Samuel Smith Park, Toronto, ON, Canada",43.5906511232,-79.5131823425,683.0,Tree Swallow
11432,2025-05-30,CC-BY-NC,https://inaturalist-open-data.s3.amazonaws.com/photos/514143609/medium.jpg,"Hanlan's Point, Toronto, ON, Canada",43.6210680918,-79.3924815058,809.0,Common Tern
3091,2025-03-01,,https://static.inaturalist.org/photos/476156240/medium.jpeg,"Toronto, ON, Canada",43.6469474043,-79.3264241517,55.0,American Wigeon
11449,2025-05-31,CC-BY-NC,https://inaturalist-open-data.s3.amazonaws.com/photos/514270670/medium.jpg,"High Park, Toronto, ON, CA",43.6475768591,-79.4659984626,381.0,Red-tailed Hawk
15733,2025-08-04,CC-BY-NC,https://inaturalist-open-data.s3.amazonaws.com/photos/553910439/medium.jpg,"Bayview Village, Toronto, ON, Canada",43.777636267,-79.3704431046,150.0,Song Sparrow
5467,2025-04-20,CC-BY-NC,https://inaturalist-open-data.s3.amazonaws.com/photos/488882925/medium.jpg,"High Park Tr, Toronto, ON, CA",43.6413635687,-79.4572851805,38.0,Brown-headed Cowbird
313,2025-01-08,CC-BY-NC,https://inaturalist-open-data.s3.amazonaws.com/photos/462586473/medium.jpg,"Bridle Path-Sunnybrook-York Mills, Toronto, ON, Canada",43.7302735317,-79.3571613691,418.0,House Finch
19702,2025-10-16,,https://static.inaturalist.org/photos/581074114/medium.jpg,"Corktown Common, Toronto, ON, CA",43.6541333333,-79.3531416667,4.0,Ruby-crowned Kinglet
20100,2025-10-21,,https://static.inaturalist.org/photos/583051047/medium.jpg,"Corktown Common, Toronto, ON, CA",43.6544116667,-79.3525616667,3.0,White-crowned Sparrow
6387,2025-04-25,CC-BY-NC,https://inaturalist-open-data.s3.amazonaws.com/photos/491832755/medium.jpg,"Bayview Village, North York, ON, Canada",43.7796098389,-79.3701520317,416.0,American Robin
3928,2025-03-27,CC-BY-NC,https://inaturalist-open-data.s3.amazonaws.com/photos/481002745/medium.jpeg,"4001 Leslie St, North York, ON M2K 1E1, Canada",43.7692131,-79.3628187,218.0,American Robin
17203,2025-09-10,CC-BY-NC,https://inaturalist-open-data.s3.amazonaws.com/photos/566659100/medium.jpg,"Colonel  Samuel Smith Park, Toronto, ON, Canada",43.5906511232,-79.5131823425,683.0,Mute Swan
22493,2025-12-08,,https://static.inaturalist.org/photos/598340946/medium.jpg,"Corktown Common, Toronto, ON, CA",43.6539783333,-79.353395,2.0,Dark-eyed Junco
8662,2025-04-26,CC-BY-NC,https://inaturalist-open-data.s3.amazonaws.com/photos/500778286/medium.jpeg,"Colonel  Samuel Smith Park, Toronto, ON, Canada",43.5906511232,-79.5131823425,683.0,Ring-billed Gull
10091,2025-05-17,CC-BY-NC,https://inaturalist-open-data.s3.amazonaws.com/photos/506896166/medium.jpg,"Leaside-Bennington, Toronto, ON, Canada",43.6870263748,-79.3665493796,135.0,Turkey Vulture
10665,2025-05-24,CC-BY-NC,https://inaturalist-open-data.s3.amazonaws.com/photos/509942629/medium.jpg,"Toronto, CA-ON, CA",43.5918235779,-79.5108032227,29.0,Mute Swan
22222,2025-04-17,CC-BY,https://inaturalist-open-data.s3.amazonaws.com/photos/595950534/medium.jpg,"South Riverdale, Toronto, ON, Canada",43.6323993866,-79.3239297235,89.0,Blue-winged Teal
13253,2025-06-08,CC-BY-NC,https://inaturalist-open-data.s3.amazonaws.com/photos/528115836/medium.jpg,"Cassels Ave, Toronto, ON, CA",43.67892,-79.3093716667,22.0,Cooper's Hawk
1892,2025-02-16,CC-BY-NC,https://inaturalist-open-data.s3.amazonaws.com/photos/470648211/medium.jpg,"Bayview Village, North York, ON, Canada",43.7815231477,-79.3883587644,219.0,Dark-eyed Junco
15764,2025-08-18,,https://static.inaturalist.org/photos/554303935/medium.jpg,"Toronto, CA-ON, CA",43.6476982714,-79.520990923,3.0,Mallard
4595,2025-04-08,CC-BY,https://inaturalist-open-data.s3.amazonaws.com/photos/485204386/medium.png,"The Beaches, Toronto, ON, Canada",43.6746084387,-79.2949748924,25.0,Song Sparrow
8817,2025-04-27,CC-BY-NC,https://inaturalist-open-data.s3.amazonaws.com/photos/501244762/medium.jpeg,"Colonel  Samuel Smith Park, Toronto, ON, Canada",43.5906511232,-79.5131823425,683.0,Mallard
15138,2025-08-06,,https://static.inaturalist.org/photos/548449618/medium.jpg,"Albert Franck Pl, Toronto, ON, CA",43.6477966667,-79.36898,6.0,Northern Waterthrush
10561,2025-05-16,CC-BY-NC,https://inaturalist-open-data.s3.amazonaws.com/photos/509425123/medium.jpg,"Colonel  Samuel Smith Park, Toronto, ON, Canada",43.5906511232,-79.5131823425,683.0,Northern Yellow Warbler
20656,2025-05-01,CC-BY-NC,https://inaturalist-open-data.s3.amazonaws.com/photos/586493261/medium.jpg,"High Park - North Half, Toronto, ON, Canada",43.6490889589,-79.4642275187,440.0,American Redstart
14144,2025-07-10,CC-BY-NC,https://inaturalist-open-data.s3.amazonaws.com/photos/537893203/medium.jpg,"Colonel  Samuel Smith Park, Toronto, ON, Canada",43.5906511232,-79.5131823425,683.0,Barn Swallow
20149,2025-10-21,CC-BY-NC,https://inaturalist-open-data.s3.amazonaws.com/photos/583363358/medium.jpg,"Bayview Village, North York, ON, Canada",43.7786285291,-79.3780061814,922.0,White-throated Sparrow
9575,2025-05-12,CC0,https://inaturalist-open-data.s3.amazonaws.com/photos/504271641/medium.jpeg,"Beltline Trail, Toronto, ON, Canada",43.6803611044,-79.368957822,4.0,Mallard
22821,2025-12-14,,https://static.inaturalist.org/photos/600561515/medium.jpg,"Toronto, ON, CA",43.6157440495,-79.3709027013,90.0,Long-tailed Duck
7190,2025-04-25,CC-BY-NC,https://inaturalist-open-data.s3.amazonaws.com/photos/494830567/medium.jpg,"High Park-Swansea, Toronto, ON, Canada",43.6416736185,-79.4564343364,55.0,Common Grackle
11270,2025-05-30,CC-BY-NC,https://inaturalist-open-data.s3.amazonaws.com/photos/512933842/medium.jpg,"Bayview Village, Toronto, ON, Canada",43.777636267,-79.3704431046,61.0,Northern Cardinal
18916,2025-10-06,CC-BY-NC,https://inaturalist-open-data.s3.amazonaws.com/photos/577075684/medium.jpg,"Humber River Recreational Tr, Toronto, ON, CA",43.6525083333,-79.49482,2.0,Great Blue Heron
16215,2025-08-13,CC-BY-NC,https://inaturalist-open-data.s3.amazonaws.com/photos/558798554/medium.jpg,"Berry Rd, Toronto, ON, CA",43.63888,-79.485205,8.0,Great Blue Heron
11246,2025-05-26,CC-BY-NC,https://inaturalist-open-data.s3.amazonaws.com/photos/512707621/medium.jpg,"Colonel  Samuel Smith Park, Toronto, ON, Canada",43.5906511232,-79.5131823425,683.0,Black-crowned Night Heron
4145,2025-03-11,CC-BY-NC,https://inaturalist-open-data.s3.amazonaws.com/photos/482396127/medium.jpg,"Humber Bay, Toronto, ON, CA",43.6233783333,-79.4771583333,18.0,Red-necked Grebe
6296,2025-04-24,CC-BY-NC,https://inaturalist-open-data.s3.amazonaws.com/photos/491707307/medium.jpeg,"Etobicoke, ON M9C 3S2, Canada",43.6487732444,-79.5949199796,413.0,Spotted Sandpiper
6478,2025-04-25,CC-BY-NC,https://inaturalist-open-data.s3.amazonaws.com/photos/491917126/medium.jpeg,"The Kingsway, Etobicoke, ON, Canada",43.6474670662,-79.5115449031,883.0,House Sparrow
13054,2025-06-24,CC-BY-NC,https://static.inaturalist.org/photos/526303502/medium.jpg,"St Lawrence-East Bayfront-The Islands, Toronto, ON, Canada",43.6142246001,-79.3860875737,61.0,Common Grackle
11279,2025-05-30,CC-BY-NC,https://inaturalist-open-data.s3.amazonaws.com/photos/512945092/medium.jpg,"Ashbridge's Bay Park, Toronto, ON, Canada",43.6614806156,-79.3129715824,15.0,Yellow-bellied Flycatcher
11911,2025-06-05,CC-BY-NC,https://inaturalist-open-data.s3.amazonaws.com/photos/516357609/medium.jpg,"Bayview Village, Toronto, ON, Canada",43.777636267,-79.3704431046,61.0,Red-winged Blackbird
7489,2025-04-25,CC-BY-NC,https://inaturalist-open-data.s3.amazonaws.com/photos/496682358/medium.jpg,"Downsview Park, Toronto, ON, CA",43.7386868468,-79.4814573801,23.0,American Tree Sparrow
14060,2025-07-14,CC-BY-NC,https://inaturalist-open-data.s3.amazonaws.com/photos/536913429/medium.jpg,"Black Creek Tr, Toronto, ON, CA",43.67477,-79.4992966667,5.0,Great Egret
6270,2025-04-21,CC-BY-NC,https://inaturalist-open-data.s3.amazonaws.com/photos/491662836/medium.jpeg,"Rouge Marsh, Toronto, ON, Canada",43.7929046137,-79.1201931725,40.0,Canada Goose
15862,2025-05-17,CC-BY-NC,https://inaturalist-open-data.s3.amazonaws.com/photos/555317402/medium.jpg,"Leaside-Bennington, Toronto, ON, Canada",43.6826896977,-79.3670578934,244.0,Song Sparrow
466,2025-01-09,CC-BY-NC,https://inaturalist-open-data.s3.amazonaws.com/photos/463263459/medium.jpeg,"Colonel  Samuel Smith Park, Toronto, ON, Canada",43.5906511232,-79.5131823425,683.0,European Starling
19629,2025-10-15,CC-BY-NC,https://inaturalist-open-data.s3.amazonaws.com/photos/580717562/medium.jpg,"Toronto, ON, CA",43.6280216667,-79.3274383333,2.0,Mallard
15531,2025-07-09,CC-BY-NC,https://inaturalist-open-data.s3.amazonaws.com/photos/552168862/medium.jpg,"High Park-Swansea, Toronto, ON, Canada",43.6436166944,-79.4673966944,12.0,Anas platyrhynchos
21447,2025-11-10,CC-BY-NC,https://inaturalist-open-data.s3.amazonaws.com/photos/590845049/medium.jpg,"Steeles Ave W, Toronto, ON, CA",43.7859466667,-79.4718783333,4.0,Ring-billed Gull
1586,2025-02-01,,https://static.inaturalist.org/photos/468936151/medium.jpg,"Scarborough, ON, Canada",43.7093042554,-79.227503685,31.0,Ring-billed Gull
22223,2025-04-17,CC-BY,https://inaturalist-open-data.s3.amazonaws.com/photos/595950536/medium.jpg,"South Riverdale, Toronto, ON, Canada",43.632447032,-79.3237387975,66.0,Blue-winged Teal
19678,2025-10-08,CC-BY-NC,https://inaturalist-open-data.s3.amazonaws.com/photos/581015636/medium.jpg,"Rosetta McClain Gardens, 5 Glen Everest Rd, Scarborough, ON M1N 1J2, Canada",43.6968253,-79.2557466,193.0,Dark-eyed Junco
23842,2025-07-13,CC-BY-NC,https://inaturalist-open-data.s3.amazonaws.com/photos/610884624/medium.jpg,"South Riverdale, Toronto, ON, Canada",43.6408654682,-79.3218000462,31.0,Brown-headed Cowbird
19077,2025-10-08,CC0,https://inaturalist-open-data.s3.amazonaws.com/photos/578082971/medium.jpg,"Ontario, CA",43.750265342,-79.3295218792,493.0,Black-capped Chickadee
17229,2025-09-14,CC-BY-NC,https://inaturalist-open-data.s3.amazonaws.com/photos/566866565/medium.jpg,"Bayview Village, Toronto, ON, Canada",43.777636267,-79.3704431046,61.0,Swainson's Thrush
3233,2025-03-12,CC-BY-NC,https://inaturalist-open-data.s3.amazonaws.com/photos/476595830/medium.jpeg,"Port Lands, Toronto, ON, Canada",43.6478149643,-79.3276596442,14.0,Northern Cardinal
6621,2025-04-26,,https://static.inaturalist.org/photos/492255161/medium.jpeg,"Ontario, CA",43.671255123,-79.4648644423,182.0,American Robin
10494,2025-05-23,CC0,https://inaturalist-open-data.s3.amazonaws.com/photos/509170699/medium.jpg,"Humber Polytechnic, Toronto, ON, CA",43.7260666667,-79.608505,3.0,Magnolia Warbler
13476,2025-07-02,CC-BY-NC,https://inaturalist-open-data.s3.amazonaws.com/photos/530453597/medium.jpg,"Ontario, CA",43.7846350713,-79.3698232448,37.0,American Goldfinch
20206,2025-10-23,CC-BY-NC,https://inaturalist-open-data.s3.amazonaws.com/photos/583618978/medium.jpg,"Rockcliffe Blvd at Caesar Ave, York, ON M6N, Canada",43.6789997381,-79.4915714487,4.0,American Robin
15375,2025-08-09,CC-BY-NC,https://inaturalist-open-data.s3.amazonaws.com/photos/550130713/medium.jpg,"Woodbine Gardens, East York, ON, Canada",43.7017063629,-79.3158832009,540.0,Northern Cardinal
3921,2025-03-28,CC-BY-NC,https://inaturalist-open-data.s3.amazonaws.com/photos/480865614/medium.jpg,"Cardiff Rd, Toronto, ON, CA",43.7129959,-79.3841547,39.0,Song Sparrow
6463,2025-04-25,,https://static.inaturalist.org/photos/491858871/medium.jpg,"Humber Arboretum, Toronto, ON, CA",43.7265133333,-79.6108783333,4.0,Black-capped Chickadee
2186,2025-02-22,,https://static.inaturalist.org/photos/472140927/medium.jpeg,"Rouge, Scarborough, ON, Canada",43.7901305556,-79.1215027778,1.0,Bald Eagle
14133,2025-07-04,CC-BY-NC,https://inaturalist-open-data.s3.amazonaws.com/photos/537798278/medium.jpg,"Etobicoke, ON M8X 2S8, Canada",43.6590261273,-79.5007150993,67.0,Common Merganser
23369,2025-12-27,CC-BY-NC,https://inaturalist-open-data.s3.amazonaws.com/photos/603072191/medium.jpg,"Toronto, ON, Canada",43.5904344086,-79.5132354747,372.0,Redpoll
20765,2025-11-01,CC-BY-NC,https://inaturalist-open-data.s3.amazonaws.com/photos/587314221/medium.jpg,"Bayview Village, North York, ON, Canada",43.7822054026,-79.3746207306,699.0,American Robin
17165,2025-09-08,CC-BY-NC,https://inaturalist-open-data.s3.amazonaws.com/photos/566109585/medium.jpg,"Colonel  Samuel Smith Park, Toronto, ON, Canada",43.5906511232,-79.5131823425,683.0,Mallard
1855,2025-01-30,CC-BY-NC,https://inaturalist-open-data.s3.amazonaws.com/photos/470421607/medium.jpeg,"Scarborough, ON M1C 2Y9, Canada",43.7942702503,-79.1173352301,20.0,Cackling Goose
18042,2025-09-23,CC-BY-NC,https://inaturalist-open-data.s3.amazonaws.com/photos/571679932/medium.jpg,"Downtown Toronto, Toronto, ON, Canada",43.6458813884,-79.3604316559,31.0,Mallard
11556,2025-06-02,CC-BY-NC,https://inaturalist-open-data.s3.amazonaws.com/photos/514939657/medium.jpg,"Rosetta McClain Gardens, 5 Glen Everest Rd, Scarborough, ON M1N 1J2, Canada",43.6968253,-79.2557466,193.0,American Robin
21145,2025-11-07,CC-BY-NC,https://inaturalist-open-data.s3.amazonaws.com/photos/589513209/medium.jpg,"Bayview Village, Toronto, ON, Canada",43.777636267,-79.3704431046,61.0,American Robin
11488,2025-06-01,CC-BY-NC,https://inaturalist-open-data.s3.amazonaws.com/photos/514410984/medium.jpg,"Bayview Woods-Steeles, North York, ON, Canada",43.7994951897,-79.3825163691,933.0,Indigo Bunting
12371,2025-06-11,CC-BY-NC,https://inaturalist-open-data.s3.amazonaws.com/photos/519551619/medium.jpg,"High Park, Toronto, ON, CA",43.6399283333,-79.4562083333,2.0,Northern Yellow Warbler
18697,2025-10-01,CC-BY-NC,https://inaturalist-open-data.s3.amazonaws.com/photos/575494229/medium.jpg,"Rosetta McClain Gardens, 5 Glen Everest Rd, Scarborough, ON M1N 1J2, Canada",43.6968253,-79.2557466,193.0,Yellow-bellied Sapsucker
20151,2025-10-21,CC-BY-NC,https://inaturalist-open-data.s3.amazonaws.com/photos/583363376/medium.jpg,"Bayview Village, North York, ON, Canada",43.7786285291,-79.3780061814,922.0,Cedar Waxwing
15037,2025-08-03,CC-BY-NC,https://inaturalist-open-data.s3.amazonaws.com/photos/547546899/medium.jpg,"Toronto, ON M6S 5A3, Canada",43.6423527182,-79.4575744495,63.0,Great Egret
3232,2025-03-14,,https://static.inaturalist.org/photos/476593554/medium.jpg,"W Humber River Trail, Toronto, ON, CA",43.7282216667,-79.61338,24.0,American Robin
18722,2025-10-03,CC-BY-NC,https://inaturalist-open-data.s3.amazonaws.com/photos/575600005/medium.jpg,"Bayview Village, North York, ON, Canada",43.7782455398,-79.3693646487,480.0,Hairy Woodpecker
6875,2025-04-25,CC-BY-NC,https://inaturalist-open-data.s3.amazonaws.com/photos/493599110/medium.jpeg,"Rouge Beach, Toronto, ON, Canada",43.7942207183,-79.1174867748,15.0,Common Tern
23597,2025-12-31,,https://static.inaturalist.org/photos/604320444/medium.jpg,"Lake Ontario, Toronto, ON, CA",43.6373214358,-79.3210787863,58.0,American Herring Gull
6422,2025-04-25,CC-BY-NC,https://inaturalist-open-data.s3.amazonaws.com/photos/491838699/medium.jpg,"Rosetta McClain Gardens, 5 Glen Everest Rd, Scarborough, ON M1N 1J2, Canada",43.6968253,-79.2557466,193.0,Red-bellied Woodpecker
856,2025-01-12,CC-BY-NC,https://inaturalist-open-data.s3.amazonaws.com/photos/464812958/medium.jpeg,"Colonel  Samuel Smith Park, Toronto, ON, Canada",43.5906511232,-79.5131823425,683.0,Red-breasted Merganser
7732,2025-04-30,CC-BY-NC,https://inaturalist-open-data.s3.amazonaws.com/photos/497803639/medium.jpeg,"Bayview Village, North York, ON, Canada",43.7705884073,-79.3627316234,15.0,Northern Cardinal
115,2025-01-04,CC-BY-NC-SA,https://inaturalist-open-data.s3.amazonaws.com/photos/461811643/medium.jpg,"New Toronto, Etobicoke, ON, Canada",43.5918354814,-79.5108184786,7.0,Greater Scaup
1574,2025-02-01,,https://static.inaturalist.org/photos/468936094/medium.jpg,"Scarborough, ON, Canada",43.7093042554,-79.227503685,31.0,Gadwall
17371,2025-09-12,CC-BY-NC,https://inaturalist-open-data.s3.amazonaws.com/photos/567382264/medium.jpg,"Colonel  Samuel Smith Park, Toronto, ON, Canada",43.5906511232,-79.5131823425,683.0,Mallard
21578,2025-11-12,CC-BY-NC,https://inaturalist-open-data.s3.amazonaws.com/photos/591385515/medium.jpg,"Toronto, ON M4T 2E5, Canada",43.6851355855,-79.3853854761,137.0,Winter Wren
19277,2025-10-12,CC-BY-NC,https://inaturalist-open-data.s3.amazonaws.com/photos/579358427/medium.jpg,"Etobicoke, ON M9V 1N8, Canada",43.7332140275,-79.592285715,7.0,Dark-eyed Junco
7592,2025-04-28,CC-BY-NC,https://inaturalist-open-data.s3.amazonaws.com/photos/497055146/medium.jpeg,"Annex, Toronto, ON, Canada",43.6711083118,-79.4010192614,80.0,House Sparrow
2251,2025-02-25,,https://static.inaturalist.org/photos/472588187/medium.jpg,"Sally Bird Park, Toronto, ON, CA",43.6629833333,-79.406295,14.0,Cooper's Hawk
23896,2025-10-29,CC-BY-NC,https://inaturalist-open-data.s3.amazonaws.com/photos/613559478/medium.jpg,"The Queensway – Humber Bay, Etobicoke, ON, Canada",43.6231061534,-79.4771295707,49.0,Gadwall
140,2025-01-05,CC-BY-NC,https://inaturalist-open-data.s3.amazonaws.com/photos/461983841/medium.jpeg,"South Riverdale, Toronto, ON, Canada",43.628088951,-79.3280535936,68.0,American Black Duck
10132,2025-05-18,CC-BY-NC,https://inaturalist-open-data.s3.amazonaws.com/photos/507109439/medium.jpg,"Ontario, CA",43.6297712181,-79.7253468946,665.0,American Robin
12958,2025-06-16,CC0,https://inaturalist-open-data.s3.amazonaws.com/photos/525057981/medium.jpg,"Ontario, CA",43.7861443807,-79.3614988272,344.0,Feral Pigeon
14762,2025-07-30,CC-BY-NC,https://inaturalist-open-data.s3.amazonaws.com/photos/545006470/medium.jpg,"Guild Park And Gardens, Toronto, ON, CA",43.7468083333,-79.1905583333,14.0,Cooper's Hawk
5688,2025-04-20,CC-BY-NC,https://inaturalist-open-data.s3.amazonaws.com/photos/489239014/medium.jpg,"Canary Crescent, North York, ON M2K, Canada",43.7815154017,-79.3883480356,219.0,European Starling
10409,2025-05-20,CC-BY-NC,https://inaturalist-open-data.s3.amazonaws.com/photos/508426201/medium.jpg,"Tommy Thompson Park, Toronto, ON, CA",43.6493553038,-79.3237354511,480.0,Blackburnian Warbler
19523,2025-10-14,CC-BY-NC,https://inaturalist-open-data.s3.amazonaws.com/photos/580330967/medium.jpg,"High Park-Swansea, Toronto, ON, Canada",43.646353812,-79.4653532696,144.0,Common Raven
10867,2025-05-24,CC-BY-NC,https://inaturalist-open-data.s3.amazonaws.com/photos/510674746/medium.jpg,"New Toronto, Etobicoke, ON, Canada",43.5927534262,-79.5122830802,15.0,Red-winged Blackbird
16753,2025-09-03,CC-BY-NC,https://inaturalist-open-data.s3.amazonaws.com/photos/562946098/medium.jpg,"Bayview Village, Toronto, ON, Canada",43.777636267,-79.3704431046,61.0,American Redstart
23033,2025-12-22,CC-BY-NC,https://inaturalist-open-data.s3.amazonaws.com/photos/601842311/medium.jpg,"Downsview, Toronto, ON, Canada",43.743060288,-79.4820398432,266.0,Red-tailed Hawk
6903,2025-04-26,CC-BY-NC,https://inaturalist-open-data.s3.amazonaws.com/photos/493743935/medium.jpeg,"Colonel  Samuel Smith Park, Toronto, ON, Canada",43.5906511232,-79.5131823425,683.0,American Robin
3737,2025-03-23,CC-BY-NC,https://inaturalist-open-data.s3.amazonaws.com/photos/479165657/medium.jpeg,"73 Cardiff Rd, North York, ON M4P 2P4, Canada",43.713027,-79.3841394,179.0,Northern Cardinal
10052,2025-05-14,CC-BY-NC,https://inaturalist-open-data.s3.amazonaws.com/photos/506597770/medium.jpg,"Colonel  Samuel Smith Park, Toronto, ON, Canada",43.5906511232,-79.5131823425,683.0,Myrtle Warbler
19143,2025-10-09,CC-BY-NC,https://inaturalist-open-data.s3.amazonaws.com/photos/578363080/medium.jpg,"Bayview Village, North York, ON, Canada",43.7816600598,-79.3726551217,833.0,Great Blue Heron
12828,2025-06-19,CC-BY-NC,https://inaturalist-open-data.s3.amazonaws.com/photos/523609128/medium.jpg,"Bayview Village, North York, ON, Canada",43.7823223048,-79.3696162391,30.0,American Robin
1305,2025-02-01,CC-BY-NC,https://inaturalist-open-data.s3.amazonaws.com/photos/467603251/medium.jpg,"QVG8+2C Port Union Waterfront Trail meeting place, Toronto, ON, Canada",43.7695383674,-79.1398019868,954.0,Mute Swan
4441,2025-04-05,CC-BY-NC,https://inaturalist-open-data.s3.amazonaws.com/photos/484129115/medium.jpeg,"Toronto, ON M5G 1G7, Canada",43.6577611677,-79.3828880042,10.0,Feral Pigeon
12085,2025-06-07,CC-BY-NC,https://inaturalist-open-data.s3.amazonaws.com/photos/517409326/medium.jpg,"Bayview Village, Toronto, ON, Canada",43.777636267,-79.3704431046,61.0,Song Sparrow
14872,2025-08-01,CC-BY-NC,https://inaturalist-open-data.s3.amazonaws.com/photos/545955960/medium.jpg,"Toronto, ON M6H 2G4, Canada",43.6742404237,-79.431998916,10.0,House Finch
1741,2025-02-12,CC-BY-NC,https://inaturalist-open-data.s3.amazonaws.com/photos/469907077/medium.jpg,"Bayview Village, Toronto, ON, Canada",43.777636267,-79.3704431046,61.0,Hermit Thrush
11707,2025-06-03,CC-BY-NC,https://inaturalist-open-data.s3.amazonaws.com/photos/515563887/medium.jpg,"Rouge, Scarborough, ON, Canada",43.8224512829,-79.1666893042,317.0,Red-winged Blackbird
5662,2025-04-18,CC-BY-NC,https://inaturalist-open-data.s3.amazonaws.com/photos/489127725/medium.jpeg,"Colonel  Samuel Smith Park, Toronto, ON, Canada",43.5906511232,-79.5131823425,683.0,Black-crowned Night Heron
23064,2025-12-23,CC-BY-NC,https://inaturalist-open-data.s3.amazonaws.com/photos/602113682/medium.jpg,"Toronto, ON, CA",43.7082283333,-79.2279883333,6.0,Bufflehead
21817,2025-11-19,CC-BY-NC,https://inaturalist-open-data.s3.amazonaws.com/photos/592921240/medium.jpg,"Rouge, Scarborough, ON, Canada",43.8135070824,-79.1601762572,61.0,Hairy Woodpecker
3975,2025-03-30,CC-BY-NC,https://inaturalist-open-data.s3.amazonaws.com/photos/481336210/medium.jpeg,"Leaside-Bennington, Toronto, ON, Canada",43.6855564051,-79.3665127665,2.0,Red-winged Blackbird
18744,2025-07-06,CC-BY-NC,https://inaturalist-open-data.s3.amazonaws.com/photos/575910828/medium.jpg,"Great Lakes Waterfront Tr, Toronto, ON, CA",43.7719495129,-79.1373243929,3.0,Mute Swan
22282,2025-11-30,CC-BY-NC,https://inaturalist-open-data.s3.amazonaws.com/photos/596332295/medium.jpg,"73 Cardiff Rd, North York, ON M4P 2P4, Canada",43.713027,-79.3841394,179.0,Dark-eyed Junco
17840,2025-09-21,,https://static.inaturalist.org/photos/570165039/medium.jpg,"Dacre Cres, Toronto, ON, CA",43.649945,-79.47238,15.0,Swainson's Thrush
19207,2025-10-11,CC-BY-NC,https://inaturalist-open-data.s3.amazonaws.com/photos/578821522/medium.jpg,"University of Toronto - St. George Campus, Toronto, ON, CA",43.6629498145,-79.394627726,53.0,Yellow-bellied Sapsucker
5056,2025-04-13,CC-BY-NC-ND,https://inaturalist-open-data.s3.amazonaws.com/photos/487132321/medium.jpg,"Toronto, ON, Canada",43.6418169893,-79.3226064816,61.0,Bufflehead
16685,2025-09-03,CC-BY-NC,https://inaturalist-open-data.s3.amazonaws.com/photos/562528506/medium.jpg,"Bayview Village, Toronto, ON, Canada",43.777636267,-79.3704431046,61.0,Magnolia Warbler
6185,2025-04-25,,https://static.inaturalist.org/photos/491547943/medium.jpg,"Spadina Quay Wetlands, Toronto, ON, CA",43.6371273948,-79.3924616435,4.0,Feral Pigeon
11242,2025-05-26,CC-BY-NC,https://inaturalist-open-data.s3.amazonaws.com/photos/512705839/medium.jpg,"Colonel  Samuel Smith Park, Toronto, ON, Canada",43.5906511232,-79.5131823425,683.0,Ring-billed Gull
20058,2025-09-23,CC0,https://inaturalist-open-data.s3.amazonaws.com/photos/582969599/medium.jpg,"Pricefield Road Playground, Rosedale, Toronto, ON, Canada",43.681648779,-79.3885881924,4.0,Carpintero velloso
15821,2025-08-19,,https://static.inaturalist.org/photos/554907920/medium.jpg,"South Riverdale, Toronto, ON, Kanada",43.6323273549,-79.3234822793,4.0,Königstyrann
19164,2025-10-10,CC-BY-NC,https://inaturalist-open-data.s3.amazonaws.com/photos/578457102/medium.jpg,"Everett Cres, Toronto, ON, CA",43.69607,-79.3111366667,12.0,Hairy Woodpecker
9509,2025-05-08,CC-BY-NC,https://inaturalist-open-data.s3.amazonaws.com/photos/503860671/medium.jpg,"Bayview Village, Toronto, ON, Canada",43.777636267,-79.3704431046,61.0,Black-and-white Warbler
16155,2025-08-26,CC-BY-NC,https://inaturalist-open-data.s3.amazonaws.com/photos/558228423/medium.jpg,"Toronto, ON, CA",43.7054685317,-79.233932281,3.0,Mallard
16928,2025-09-09,,https://static.inaturalist.org/photos/564790619/medium.jpg,"Corktown Common, Toronto, ON, CA",43.6542133333,-79.3528583333,12.0,Black-and-white Warbler
206,2025-01-03,CC-BY-NC,https://inaturalist-open-data.s3.amazonaws.com/photos/462246381/medium.jpeg,"Colonel  Samuel Smith Park, Toronto, ON, Canada",43.5906511232,-79.5131823425,683.0,Northern Cardinal
21793,2025-11-19,CC-BY-NC,https://inaturalist-open-data.s3.amazonaws.com/photos/592889285/medium.jpg,"Ashbridges Bay Park, Toronto, ON, Canada",43.6563681189,-79.309957218,8.0,Bufflehead
18355,2025-09-27,CC-BY-NC,https://inaturalist-open-data.s3.amazonaws.com/photos/573054411/medium.jpg,"Toronto, CA-ON, CA",43.646647399,-79.37827374,6.0,Red-breasted Nuthatch
13541,2025-07-03,CC-BY-NC,https://inaturalist-open-data.s3.amazonaws.com/photos/531257034/medium.jpg,"Rouge, Scarborough, ON, Canada",43.8217889728,-79.1643128274,315.0,Canada Goose
9522,2025-05-12,,https://static.inaturalist.org/photos/503905964/medium.jpeg,"Toronto, CA-ON, CA",43.6475483413,-79.5204856619,4.0,Canada Goose
7637,2025-04-28,CC-BY-NC,https://inaturalist-open-data.s3.amazonaws.com/photos/497430086/medium.jpeg,"Colonel  Samuel Smith Park, Toronto, ON, Canada",43.5906511232,-79.5131823425,683.0,Northern Cardinal
16646,2025-08-27,CC0,https://inaturalist-open-data.s3.amazonaws.com/photos/562111642/medium.jpg,"Ontario, CA",43.6314249144,-79.2657688375,170.0,Common Raven
18776,2025-10-04,CC-BY-NC,https://inaturalist-open-data.s3.amazonaws.com/photos/576036389/medium.jpg,"Commissioners St, Toronto, ON, CA",43.6469456122,-79.3461687728,6.0,Mallard
12394,2025-06-11,CC-BY-NC,https://inaturalist-open-data.s3.amazonaws.com/photos/519859301/medium.jpg,"Bayview Village, North York, ON, Canada",43.7803875902,-79.3699691247,317.0,Song Sparrow
20371,2025-10-26,CC-BY-NC,https://inaturalist-open-data.s3.amazonaws.com/photos/585007676/medium.jpg,"York Mills Rd, Toronto, ON, CA",43.7545075374,-79.3488893902,129.0,European Starling
10131,2025-05-18,CC-BY-NC,https://inaturalist-open-data.s3.amazonaws.com/photos/507109464/medium.jpg,"Ontario, CA",43.6249070083,-79.6343794876,665.0,Canada Goose
18289,2025-09-27,CC-BY-NC,https://inaturalist-open-data.s3.amazonaws.com/photos/572886248/medium.jpg,"Ashbridge's Bay Park, Toronto, ON, Canada",43.6581986264,-79.3068977818,61.0,Yellow-billed Cuckoo
18303,2025-09-27,CC-BY-NC,https://inaturalist-open-data.s3.amazonaws.com/photos/572922487/medium.jpg,"Woodbine Beach Dune Habitat, Toronto, ON, Canada",43.6601124652,-79.3067247796,8.0,Palm Warbler
6183,2025-04-24,CC-BY-NC,https://inaturalist-open-data.s3.amazonaws.com/photos/491529875/medium.jpg,"Bayview Village, Toronto, ON, Canada",43.777636267,-79.3704431046,135.0,Canada Goose
18301,2025-09-27,CC-BY-NC,https://inaturalist-open-data.s3.amazonaws.com/photos/572922471/medium.jpg,"Woodbine Beach Dune Habitat, Toronto, ON, Canada",43.6600774924,-79.308399372,4.0,Song Sparrow
8967,2025-05-07,,https://static.inaturalist.org/photos/501513056/medium.jpeg,"South Riverdale, Toronto, ON, Canada",43.6507963553,-79.3234583178,31.0,American Redstart
23873,2025-05-25,CC-BY-NC,https://inaturalist-open-data.s3.amazonaws.com/photos/611753177/medium.jpg,"Burlingame Rd, Toronto, ON, CA",43.599502202,-79.5524415955,113.0,American Robin
4360,2025-04-06,CC-BY-NC,https://inaturalist-open-data.s3.amazonaws.com/photos/483708623/medium.jpeg,"Evergreen Brick Works, 550 Bayview Ave, Toronto, ON M4W 3X8, Canada",43.6843314,-79.3647127,165.0,American Robin
23365,2025-12-27,CC-BY-NC,https://inaturalist-open-data.s3.amazonaws.com/photos/603064206/medium.jpg,"High Park, Toronto, ON, CA",43.6470182204,-79.4589265969,46.0,Red-bellied Woodpecker
23221,2025-05-16,CC-BY,https://inaturalist-open-data.s3.amazonaws.com/photos/602831959/medium.jpg,"High Park-Swansea, Toronto, ON, Canada",43.6497165789,-79.4631656622,134.0,Swainson's Thrush
17513,2025-09-17,CC-BY-NC,https://inaturalist-open-data.s3.amazonaws.com/photos/568409199/medium.jpg,"Bayview Village, Toronto, ON, Canada",43.777636267,-79.3704431046,61.0,Hairy Woodpecker
17745,2025-09-20,CC-BY-NC,https://inaturalist-open-data.s3.amazonaws.com/photos/569752133/medium.jpg,"Toronto, ON, Canada",43.7662818553,-79.1452099445,102.0,Ring-billed Gull
1255,2025-01-27,CC-BY-NC,https://inaturalist-open-data.s3.amazonaws.com/photos/467496349/medium.jpeg,"Edenbridge-Humber Valley, Etobicoke, ON, Canada",43.6661554868,-79.5133106957,31.0,Northern Cardinal
4811,2025-04-13,,https://static.inaturalist.org/photos/486091096/medium.jpeg,"Central Waterfront, Toronto, ON, Canada",43.6394891714,-79.3757818267,98.0,Long-tailed Duck
14944,2025-08-02,,https://static.inaturalist.org/photos/546678728/medium.jpg,"Toronto, ON, CA",43.7788374912,-79.1854861916,18.0,Cooper's Hawk
1580,2025-02-01,,https://static.inaturalist.org/photos/468936120/medium.jpg,"Scarborough, ON, Canada",43.7093042554,-79.227503685,31.0,Mallard
18195,2025-09-26,CC-BY-NC,https://inaturalist-open-data.s3.amazonaws.com/photos/572315801/medium.jpg,"Walmsley Blvd, Toronto, ON, CA",43.6925416667,-79.3996416667,13.0,White-throated Sparrow
9525,2025-05-11,CC-BY-NC,https://inaturalist-open-data.s3.amazonaws.com/photos/503948560/medium.jpg,"High Park-Swansea, Toronto, ON, Canada",43.6419727843,-79.4624211636,39.0,Prairie Warbler
4967,2025-04-14,CC-BY-NC,https://inaturalist-open-data.s3.amazonaws.com/photos/486579803/medium.jpg,"Bridle Path-Sunnybrook-York Mills, Toronto, ON, Canada",43.7255675317,-79.3528828392,841.0,Black-capped Chickadee
19365,2025-10-12,CC-BY-NC,https://inaturalist-open-data.s3.amazonaws.com/photos/579620412/medium.jpg,"Toronto, ON, Canada",43.657074116,-79.3083247474,122.0,Double-crested Cormorant
16362,2025-08-29,CC-BY-NC,https://inaturalist-open-data.s3.amazonaws.com/photos/559613394/medium.jpg,"High Park-Swansea, Toronto, ON, Canada",43.640198243,-79.4559867846,31.0,Great Blue Heron
672,2025-01-14,CC-BY-NC,https://inaturalist-open-data.s3.amazonaws.com/photos/464141680/medium.jpeg,"Toronto, ON, Canada",43.6035802261,-79.4906947021,683.0,Mallard
21551,2025-11-13,CC-BY-NC,https://inaturalist-open-data.s3.amazonaws.com/photos/591313786/medium.jpg,"Bayview Village, North York, ON, Canada",43.7820227937,-79.3747671207,685.0,Mallard
7896,2025-04-28,CC-BY-NC,https://inaturalist-open-data.s3.amazonaws.com/photos/498497183/medium.jpeg,"Colonel  Samuel Smith Park, Toronto, ON, Canada",43.5906511232,-79.5131823425,683.0,White-throated Sparrow
16158,2025-08-26,CC-BY-NC,https://inaturalist-open-data.s3.amazonaws.com/photos/558264652/medium.jpg,"Toronto, ON M4T 2E5, Canada",43.684741112,-79.3850170076,104.0,Red-tailed Hawk
8956,2025-05-06,CC-BY-NC,https://inaturalist-open-data.s3.amazonaws.com/photos/501500911/medium.jpeg,"South Riverdale, Toronto, ON, Canada",43.657303935,-79.3058594202,31.0,Prairie Warbler
22399,2025-12-06,CC-BY-NC,https://inaturalist-open-data.s3.amazonaws.com/photos/597757450/medium.jpg,"Long Branch, Etobicoke, ON, Canada",43.5853189281,-79.5419032444,68.0,Hooded Merganser
21520,2025-11-09,CC-BY-NC,https://inaturalist-open-data.s3.amazonaws.com/photos/591313342/medium.jpg,"Bayview Village, North York, ON, Canada",43.7809833934,-79.3850442979,522.0,Downy Woodpecker
10703,2025-05-24,CC-BY-NC,https://inaturalist-open-data.s3.amazonaws.com/photos/509993498/medium.jpg,"Ashbridges Bay Park, Toronto, ON, CA",43.6592026605,-79.3058812839,36.0,Song Sparrow
5612,2025-04-20,CC-BY-NC,https://static.inaturalist.org/photos/489063910/medium.jpeg,"New Toronto, Etobicoke, ON, Canada",43.5929763815,-79.5120336839,11.0,Great Blue Heron
22921,2025-11-14,CC-BY-NC,https://inaturalist-open-data.s3.amazonaws.com/photos/600914524/medium.jpg,"The Kingsway, Etobicoke, ON, Canada",43.647828863,-79.5109799314,244.0,White-breasted Nuthatch
2833,2025-03-07,,https://static.inaturalist.org/photos/475403050/medium.jpg,"South Riverdale, Toronto, ON, Canada",43.625821508,-79.3308364222,122.0,Greater Scaup
5284,2025-04-18,CC-BY-NC,https://inaturalist-open-data.s3.amazonaws.com/photos/488214455/medium.jpg,"Bayview Village, North York, ON, Canada",43.7807467137,-79.3725001341,396.0,House Finch
8031,2025-05-02,CC-BY-NC,https://inaturalist-open-data.s3.amazonaws.com/photos/498978172/medium.jpg,"Bayview Village, Toronto, ON, Canada",43.777636267,-79.3704431046,61.0,Northern Cardinal
6651,2025-04-25,CC-BY,https://inaturalist-open-data.s3.amazonaws.com/photos/492304901/medium.png,"Centre Island, Toronto, ON, Canada",43.6133509452,-79.3889836486,253.0,Swamp Sparrow
19583,2025-10-14,CC-BY-NC,https://inaturalist-open-data.s3.amazonaws.com/photos/580387718/medium.jpg,"Bayview Village, Toronto, ON, Canada",43.777636267,-79.3704431046,61.0,Northern Cardinal
1019,2025-01-25,CC-BY-NC,https://inaturalist-open-data.s3.amazonaws.com/photos/465937679/medium.jpg,"High Park, Toronto, ON, CA",43.6454283333,-79.4638216667,21.0,Black-capped Chickadee
9693,2025-05-14,CC-BY-NC,https://inaturalist-open-data.s3.amazonaws.com/photos/505009057/medium.jpg,"Toronto, ON M4T 1B2, Canada",43.683898089,-79.3871507049,48.0,Red-winged Blackbird
18747,2025-10-04,CC-BY-NC,https://inaturalist-open-data.s3.amazonaws.com/photos/575987134/medium.jpg,"Ontario, CA",43.6744231164,-79.104108673,21.0,Hairy Woodpecker
5981,2025-04-18,CC-BY-NC,https://inaturalist-open-data.s3.amazonaws.com/photos/490428025/medium.jpeg,"Colonel  Samuel Smith Park, Toronto, ON, Canada",43.5906511232,-79.5131823425,683.0,Pine Warbler
11029,2025-04-29,,https://static.inaturalist.org/photos/511265752/medium.jpg,"Eringate, Toronto, ON, CA",43.6476833275,-79.5940236341,75.0,Spotted Sandpiper
17623,2025-09-19,CC-BY-NC,https://inaturalist-open-data.s3.amazonaws.com/photos/569117316/medium.jpg,"Woodbine Beach Dune Habitat, Toronto, ON, Canada",43.6596845304,-79.3085267966,4.0,Ruby-crowned Kinglet
10620,2025-05-24,CC-BY-NC,https://inaturalist-open-data.s3.amazonaws.com/photos/509746212/medium.jpg,"Woodbine Beach, Toronto, ON, Canada",43.6616461344,-79.306888819,8.0,Franklin's Gull
3485,2025-03-19,CC-BY-NC,https://inaturalist-open-data.s3.amazonaws.com/photos/477887177/medium.jpg,"Don River East Branch, Toronto, ON, CA",43.768925,-79.3609,13.0,Mallard
20260,2025-10-24,CC-BY-NC,https://inaturalist-open-data.s3.amazonaws.com/photos/583972718/medium.jpg,"Howard St, Toronto, ON, CA",43.6715166667,-79.3712533333,14.0,House Sparrow
16695,2025-08-31,CC-BY,https://inaturalist-open-data.s3.amazonaws.com/photos/562448148/medium.jpg,"New Toronto, Etobicoke, ON, Canada",43.5930451372,-79.5134856376,599.0,Red-breasted Nuthatch
135,2025-01-05,CC-BY-NC,https://inaturalist-open-data.s3.amazonaws.com/photos/461983275/medium.jpeg,"Toronto, CA-ON, CA",43.6432120954,-79.3206808716,93.0,Red-breasted Merganser
3920,2025-03-29,,https://static.inaturalist.org/photos/480840229/medium.jpeg,"Ontario, CA",43.624949971,-79.2898764474,168.0,Yellow-bellied Sapsucker
17405,2025-09-10,,https://static.inaturalist.org/photos/567610219/medium.jpg,"High Park, Toronto, ON, Canada",43.6448671353,-79.4631851301,271.0,Red-breasted Nuthatch
16540,2025-08-31,CC-BY-NC,https://inaturalist-open-data.s3.amazonaws.com/photos/561237840/medium.jpg,"High Park-Swansea, Toronto, ON, 加拿大",43.6445704823,-79.4620754104,38.0,美洲红尾鸲
13262,2025-06-28,CC-BY,https://inaturalist-open-data.s3.amazonaws.com/photos/528294006/medium.jpg,"High Park-Swansea, Toronto, ON, Canada",43.6388238539,-79.4641515612,22.0,Lesser Scaup
5971,2025-04-18,CC-BY-NC,https://inaturalist-open-data.s3.amazonaws.com/photos/490416710/medium.jpeg,"Colonel  Samuel Smith Park, Toronto, ON, Canada",43.5906511232,-79.5131823425,683.0,Belted Kingfisher
7519,2025-04-28,CC-BY-NC,https://inaturalist-open-data.s3.amazonaws.com/photos/496745200/medium.jpg,"German Mills Crk, North York, ON M2M 4C9, Canada",43.7972667,-79.3843997,184.0,Black-capped Chickadee
5511,2025-04-20,CC-BY-NC,https://inaturalist-open-data.s3.amazonaws.com/photos/489020486/medium.jpg,"Bayview Village, Toronto, ON, Canada",43.777636267,-79.3704431046,61.0,Northern Cardinal
21051,2025-11-06,CC-BY-NC,https://inaturalist-open-data.s3.amazonaws.com/photos/588893628/medium.jpg,"Bayview Village, Toronto, ON, Canada",43.777636267,-79.3704431046,61.0,Downy Woodpecker
65,2025-01-02,CC-BY-NC,https://inaturalist-open-data.s3.amazonaws.com/photos/461565738/medium.jpeg,"Toronto, ON M4W 2R8, Canada",43.6805152097,-79.3842569366,102.0,Cooper's Hawk
8777,2025-05-06,,https://static.inaturalist.org/photos/501220931/medium.jpg,"Corktown Common, Toronto, ON, CA",43.653995,-79.351875,5.0,Myrtle Warbler
11847,2025-05-27,CC-BY-NC,https://inaturalist-open-data.s3.amazonaws.com/photos/515955002/medium.jpg,"Colonel  Samuel Smith Park, Toronto, ON, Canada",43.5906511232,-79.5131823425,683.0,Black-crowned Night Heron
8233,2025-05-03,CC-BY-NC,https://inaturalist-open-data.s3.amazonaws.com/photos/499545707/medium.jpg,"South Riverdale, Toronto, ON, Canada",43.6498305937,-79.3233871173,8.0,Golden-winged Warbler
11142,2025-05-28,CC-BY-NC,https://inaturalist-open-data.s3.amazonaws.com/photos/512064194/medium.jpg,"Queens Quay W, Toronto, ON, CA",43.6395949871,-79.3754892145,5.0,Mallard
9775,2025-05-10,CC-BY-NC,https://inaturalist-open-data.s3.amazonaws.com/photos/505430818/medium.jpg,"South Riverdale, Toronto, ON, Canada",43.6496827515,-79.3244234466,247.0,Black-throated Green Warbler
16123,2025-08-26,CC-BY,https://inaturalist-open-data.s3.amazonaws.com/photos/558125704/medium.jpg,"Scarborough, ON M1P 3P5, Canada",43.7629911911,-79.2681954056,384.0,American Goldfinch
23375,2025-12-27,CC-BY-NC,https://inaturalist-open-data.s3.amazonaws.com/photos/603178936/medium.jpg,"73 Cardiff Rd, North York, ON M4P 2P4, Canada",43.713027,-79.3841394,179.0,Fox Sparrow
12490,2025-06-13,CC-BY-NC,https://inaturalist-open-data.s3.amazonaws.com/photos/520536056/medium.jpg,"Toronto Zoo, Toronto, ON, CA",43.8227583333,-79.1833116667,17.0,Brown-headed Cowbird
17896,2025-09-21,CC-BY-NC,https://inaturalist-open-data.s3.amazonaws.com/photos/570392646/medium.jpg,"Colonel  Samuel Smith Park, Toronto, ON, Canada",43.5906511232,-79.5131823425,683.0,White-throated Sparrow
23603,2025-12-31,,https://static.inaturalist.org/photos/604321651/medium.jpg,"Tommy Thompson Park, Toronto, ON, CA",43.6231250353,-79.3239413572,117.0,Black-capped Chickadee
18134,2025-09-25,,https://static.inaturalist.org/photos/572075481/medium.jpg,"Corktown Common, Toronto, ON, CA",43.6537966667,-79.3519533333,16.0,Northern Yellow Warbler
1566,2025-02-05,CC-BY-NC,https://inaturalist-open-data.s3.amazonaws.com/photos/468933974/medium.jpg,"Bayview Village, North York, ON, Canada",43.7817337618,-79.3881833534,251.0,Black-capped Chickadee
16758,2025-09-03,CC-BY-NC,https://inaturalist-open-data.s3.amazonaws.com/photos/562949338/medium.jpg,"Bayview Village, North York, ON, Canada",43.7820354547,-79.3727533175,434.0,American Redstart
634,2025-01-07,CC-BY-NC,https://inaturalist-open-data.s3.amazonaws.com/photos/463861275/medium.jpeg,"Colonel  Samuel Smith Park, Toronto, ON, Canada",43.5906511232,-79.5131823425,683.0,Red-breasted Merganser
9897,2025-05-09,CC-BY-NC,https://inaturalist-open-data.s3.amazonaws.com/photos/505876237/medium.jpg,"Humber Bay Park West, 2225 Lake Shore Blvd W, Etobicoke, ON M8V 3X7, Canada",43.6164742,-79.479417,491.0,Great Blue Heron
18176,2025-05-24,CC-BY-NC,https://inaturalist-open-data.s3.amazonaws.com/photos/572115759/medium.jpg,"Banbury-Don Mills, North York, ON, Canada",43.7325464774,-79.3589539683,114.0,Northern Cardinal
12963,2025-06-22,CC-BY-NC,,"Toronto, ON M5J 2E9, Canada",43.6181006974,-79.3770367652,4.0,Northern Yellow Warbler
3714,2025-03-23,CC-BY-NC,https://inaturalist-open-data.s3.amazonaws.com/photos/479069922/medium.jpg,"Taylor Creek Park, Toronto, ON, CA",43.7007754949,-79.3129064806,40.0,Eastern Screech-Owl
3345,2025-03-15,CC-BY-NC,https://inaturalist-open-data.s3.amazonaws.com/photos/477190655/medium.jpeg,"Toronto, ON, Canada",43.661690096,-79.3154827505,4.0,Bufflehead
14491,2025-07-24,CC-BY-NC,https://inaturalist-open-data.s3.amazonaws.com/photos/542085137/medium.jpg,"73 Cardiff Rd, North York, ON M4P 2P4, Canada",43.713027,-79.3841394,179.0,House Finch
8695,2025-05-06,,https://static.inaturalist.org/photos/500881210/medium.jpeg,"Toronto, ON M5J 2Z8, Canada",43.644026,-79.3794635,97.0,Gray Catbird
14636,2025-07-01,CC-BY-NC,https://static.inaturalist.org/photos/543691411/medium.jpg,"Etobicoke, ON M8V 4B7, Canada",43.5908385026,-79.5131541789,207.0,Red-necked Grebe
13141,2025-06-26,CC-BY-NC,,"Balsam Ave, Toronto, ON, CA",43.6771920643,-79.2907282127,5.0,Common Raven
17177,2025-09-12,CC-BY-NC,https://inaturalist-open-data.s3.amazonaws.com/photos/566302404/medium.jpg,"Downsview Park, Toronto, ON, CA",43.7412015571,-79.4815737041,20.0,Indigo Bunting
22845,2025-12-17,CC-BY-NC,https://inaturalist-open-data.s3.amazonaws.com/photos/600752512/medium.jpg,"G. Ross Lord Reservoir, Toronto, ON M3H 5W5, Canada",43.7724864,-79.4635155,294.0,Downy Woodpecker
11856,2025-06-05,CC-BY,https://inaturalist-open-data.s3.amazonaws.com/photos/516073543/medium.jpg,"Toronto, CA-ON, CA",43.7437802038,-79.4838436693,3.0,Cedar Waxwing
21944,2025-11-23,CC-BY-NC,https://inaturalist-open-data.s3.amazonaws.com/photos/594056681/medium.jpg,"Yonge St, Toronto, ON, CA",43.7793123862,-79.4151469639,14.0,Feral Pigeon
21847,2025-11-19,CC-BY-NC,https://inaturalist-open-data.s3.amazonaws.com/photos/593043714/medium.jpg,"Bayview Village, North York, ON, Canada",43.7783574916,-79.3716296934,15.0,Black-capped Chickadee
7571,2025-04-29,,https://static.inaturalist.org/photos/496990393/medium.jpg,"Don River, Toronto, ON, CA",43.6554633333,-79.351455,131.0,Baltimore Oriole
4202,2025-03-29,CC-BY-NC,https://inaturalist-open-data.s3.amazonaws.com/photos/482796097/medium.jpeg,"Rouge Marsh, Toronto, ON, Canada",43.7923214063,-79.121127028,75.0,Trumpeter Swan
17986,2025-09-23,,https://static.inaturalist.org/photos/571220678/medium.jpg,"Corktown Common, Toronto, ON, CA",43.6543416667,-79.35205,24.0,Black-throated Blue Warbler
6271,2025-04-21,CC-BY-NC,https://inaturalist-open-data.s3.amazonaws.com/photos/491663003/medium.jpeg,"Rouge Marsh, Toronto, ON, Canada",43.7929046137,-79.1201931725,40.0,Great Blue Heron
16082,2025-08-25,CC-BY-NC,https://inaturalist-open-data.s3.amazonaws.com/photos/557573208/medium.jpg,"Etobicoke, ON M9W 6V3, Canada",43.7265934415,-79.6042601019,114.0,American Goldfinch
6559,2025-04-25,CC-BY-NC,https://inaturalist-open-data.s3.amazonaws.com/photos/491987226/medium.jpeg,"Colonel  Samuel Smith Park, Toronto, ON, Canada",43.5906511232,-79.5131823425,683.0,Tree Swallow
4171,2025-04-03,,https://static.inaturalist.org/photos/482547636/medium.jpg,"Corktown Common, Toronto, ON, CA",43.6544083333,-79.3525466667,13.0,Black-capped Chickadee
15709,2025-08-16,CC-BY-NC,https://inaturalist-open-data.s3.amazonaws.com/photos/553690714/medium.jpg,"Bayview Village, North York, ON, Canada",43.7831514154,-79.3834778954,657.0,Ruby-throated Hummingbird
10686,2025-05-15,,https://static.inaturalist.org/photos/509980128/medium.jpg,"Toronto, ON M5B 1H2, Canada",43.6604176734,-79.3818855286,57.0,Chipping Sparrow
15408,2025-08-10,CC-BY-NC,https://inaturalist-open-data.s3.amazonaws.com/photos/550666671/medium.jpg,"Bayview Woods-Steeles, North York, ON, Canada",43.7994951897,-79.3825163691,933.0,Song Sparrow
18437,2025-09-27,CC-BY-NC,https://inaturalist-open-data.s3.amazonaws.com/photos/573927431/medium.jpg,"Etobicoke, ON M8W 3P2, Canada",43.5863381253,-79.5438604429,184.0,Northern Cardinal
19470,2025-10-13,CC-BY-NC,https://inaturalist-open-data.s3.amazonaws.com/photos/579974519/medium.jpg,"Bayview Village, North York, ON, Canada",43.7818146129,-79.3732226479,570.0,Cedar Waxwing
11737,2025-06-03,CC-BY-NC,https://inaturalist-open-data.s3.amazonaws.com/photos/515671082/medium.jpg,"Cedar Trail and the Beare Wetlands Loop, Bottom of, Zoo Rd, Toronto, ON M1B 5W2, Canada",43.8224231,-79.1664536,185.0,American Goldfinch
15998,2025-08-24,CC-BY-NC,https://inaturalist-open-data.s3.amazonaws.com/photos/557122062/medium.jpg,"New Toronto, Etobicoke, ON, Canada",43.5905803642,-79.5124263695,381.0,Black-crowned Night Heron
6383,2025-04-25,CC-BY-NC,https://inaturalist-open-data.s3.amazonaws.com/photos/491832521/medium.jpg,"Bayview Village, North York, ON, Canada",43.7796098389,-79.3701520317,416.0,Red-winged Blackbird
10860,2025-05-10,CC-BY-NC,https://inaturalist-open-data.s3.amazonaws.com/photos/510669652/medium.jpg,"Colonel  Samuel Smith Park, Toronto, ON, Canada",43.5906511232,-79.5131823425,683.0,American Goldfinch
18909,2025-09-29,CC-BY-NC,https://inaturalist-open-data.s3.amazonaws.com/photos/577029604/medium.jpg,"Rouge Marsh, Toronto, ON, Canada",43.7936798075,-79.121652294,10.0,Great Egret
11317,2025-05-27,CC-BY-NC,https://inaturalist-open-data.s3.amazonaws.com/photos/513233150/medium.jpg,"Colonel  Samuel Smith Park, Toronto, ON, Canada",43.5906511232,-79.5131823425,683.0,Northern Yellow Warbler
18241,2025-09-26,CC-BY-NC,https://inaturalist-open-data.s3.amazonaws.com/photos/572474763/medium.jpg,"Woodbine Beach Dune Ecosystem , Toronto, ON, Canada",43.6596840763,-79.3065159894,2.0,Clay-colored Sparrow
9111,2025-05-08,CC-BY-NC,https://inaturalist-open-data.s3.amazonaws.com/photos/502036256/medium.jpg,"Todmorden Mills Park, Toronto, ON, CA",43.6850054112,-79.3602755333,372.0,Hooded Warbler
10894,2025-05-25,CC-BY-NC,https://inaturalist-open-data.s3.amazonaws.com/photos/510801095/medium.jpg,"Walmsley Blvd, Toronto, ON, CA",43.6926571711,-79.3997166593,62.0,Common Grackle
16526,2025-09-01,CC-BY-NC,https://inaturalist-open-data.s3.amazonaws.com/photos/561212258/medium.jpg,"Bayview Village, Toronto, ON, Canada",43.777636267,-79.3704431046,61.0,Song Sparrow
10782,2025-05-25,,https://static.inaturalist.org/photos/510504029/medium.jpg,"Corktown Common, Toronto, ON, CA",43.6533783333,-79.3524033333,4.0,Northern Yellow Warbler
9264,2025-05-10,CC-BY-NC,https://inaturalist-open-data.s3.amazonaws.com/photos/502803064/medium.jpeg,"Toronto, ON, Canada",43.5902144725,-79.517266908,31.0,Western Grebe
20783,2025-10-23,CC-BY-NC,https://inaturalist-open-data.s3.amazonaws.com/photos/587357416/medium.jpg,"Rouge Marsh, Toronto, ON, Canada",43.7930908051,-79.1211641318,31.0,Wood Duck
10473,2025-05-19,CC-BY-NC,https://inaturalist-open-data.s3.amazonaws.com/photos/508960342/medium.jpg,"MM7P+8Q, Toronto, ON M4L 3W6, Canada",43.6637495396,-79.3120320886,13.0,Baltimore Oriole
3410,2025-03-18,CC-BY-NC,https://inaturalist-open-data.s3.amazonaws.com/photos/477628710/medium.jpeg,"High Park-Swansea, Toronto, ON, Canada",43.6420069221,-79.4573535063,31.0,Red-winged Blackbird
22621,2025-12-08,CC0,https://inaturalist-open-data.s3.amazonaws.com/photos/598829990/medium.jpg,"Ontario, CA",43.7431373803,-79.2021137169,465.0,Bufflehead
2213,2025-02-22,,https://static.inaturalist.org/photos/472195660/medium.jpeg,"Scarborough, ON M1X 1P2, Canada",43.8526980065,-79.1792097688,93.0,Canada Goose
18929,2025-09-29,CC-BY-NC,https://inaturalist-open-data.s3.amazonaws.com/photos/577262717/medium.jpg,"Rouge Beach, Toronto, ON, Canada",43.7941834493,-79.117485885,8.0,Ring-billed Gull
14975,2025-08-03,CC-BY-NC,https://inaturalist-open-data.s3.amazonaws.com/photos/546969232/medium.jpg,"Toronto, ON, Canada",43.6189691,-79.4783391,124.0,Mallard
22953,2025-06-28,CC-BY-NC,https://inaturalist-open-data.s3.amazonaws.com/photos/601226845/medium.jpg,"Toronto, ON, Canada",43.6474461014,-79.3279104921,30.0,Mallard
9929,2025-05-11,CC-BY-NC,https://inaturalist-open-data.s3.amazonaws.com/photos/506013366/medium.jpg,"Colonel  Samuel Smith Park, Toronto, ON, Canada",43.5906511232,-79.5131823425,683.0,American Robin
23383,2025-12-14,CC-BY-NC,https://inaturalist-open-data.s3.amazonaws.com/photos/603206619/medium.jpg,"Lake Ontario, Toronto, ON, CA",43.7042084416,-79.2355050025,939.0,Trumpeter Swan
8862,2025-04-27,CC-BY-NC,https://inaturalist-open-data.s3.amazonaws.com/photos/501411610/medium.jpeg,"Colonel  Samuel Smith Park, Toronto, ON, Canada",43.5906511232,-79.5131823425,683.0,Red-necked Grebe
4331,2025-03-31,CC-BY-NC,https://inaturalist-open-data.s3.amazonaws.com/photos/483612705/medium.jpeg,"Scarborough, ON, Canada",43.8211567746,-79.1629631671,100.0,American Robin
3454,2025-03-15,,https://static.inaturalist.org/photos/477730282/medium.jpeg,"Toronto, ON M4M 3M2, Canada",43.6480512606,-79.3248329312,398.0,Canada Goose
17883,2025-09-21,,https://static.inaturalist.org/photos/570382752/medium.jpg,"Blockhouse Bay, Toronto, ON, CA",43.6215333333,-79.3658833333,3.0,Black-crowned Night Heron
866,2025-01-19,CC-BY-NC,https://inaturalist-open-data.s3.amazonaws.com/photos/464815252/medium.jpg,"Royal Ontario Museum, Toronto, ON, CA",43.6682283333,-79.3954083333,22.0,House Sparrow
18881,2025-09-26,,https://static.inaturalist.org/photos/576679148/medium.jpg,"Scarborough, ON M1X 1P3, Canada",43.8346972856,-79.1626239941,120.0,Nashville Warbler
8232,2025-05-02,CC-BY-NC,https://inaturalist-open-data.s3.amazonaws.com/photos/499541504/medium.jpg,"Bayview Village, North York, ON, Canada",43.7812844357,-79.3722955854,284.0,Black-throated Green Warbler
2311,2025-02-25,CC-BY-NC,https://inaturalist-open-data.s3.amazonaws.com/photos/472605333/medium.jpg,"Scarborough, ON, Canada",43.7088969605,-79.231747209,520.0,Trumpeter Swan
10172,2025-05-18,CC-BY-NC,https://inaturalist-open-data.s3.amazonaws.com/photos/507479828/medium.jpg,"Etobicoke, ON M8V 4B7, Canada",43.5907559388,-79.512709938,4.0,Northern Cardinal
5414,2025-02-11,CC-BY-NC,https://inaturalist-open-data.s3.amazonaws.com/photos/488745021/medium.jpg,"Yonge St, Toronto, ON, CA",43.7675323999,-79.4129477164,187.0,Feral Pigeon
6379,2025-04-25,CC-BY-NC,https://inaturalist-open-data.s3.amazonaws.com/photos/491832364/medium.jpg,"Bayview Village, North York, ON, Canada",43.7796098389,-79.3701520317,416.0,Northern Cardinal
11661,2025-04-05,CC-BY-NC,https://inaturalist-open-data.s3.amazonaws.com/photos/515409356/medium.jpg,"Highway 401 E, Toronto, ON, CA",43.6755616667,-79.5784833333,4.0,Red-tailed Hawk
8363,2025-05-04,CC-BY-NC,https://inaturalist-open-data.s3.amazonaws.com/photos/499895609/medium.jpg,"Centennial Park, Etobicoke, ON, Canada",43.6462508735,-79.594905232,4.0,Ruby-throated Hummingbird
8324,2025-04-28,CC-BY-NC,https://inaturalist-open-data.s3.amazonaws.com/photos/499722013/medium.jpeg,"Colonel  Samuel Smith Park, Toronto, ON, Canada",43.5906511232,-79.5131823425,683.0,Common Tern
14763,2025-07-30,CC0,https://inaturalist-open-data.s3.amazonaws.com/photos/545007785/medium.jpg,"David A. Balfour Park, Toronto, ON, Canada",43.6859879185,-79.387216061,8.0,Ruby-throated Hummingbird
11041,2025-05-27,CC-BY-NC,https://inaturalist-open-data.s3.amazonaws.com/photos/511480326/medium.jpg,"Bayview Village, Toronto, ON, Canada",43.777636267,-79.3704431046,61.0,Chipping Sparrow
17911,2025-09-22,CC-BY-NC,https://inaturalist-open-data.s3.amazonaws.com/photos/570603563/medium.jpg,"E.T. Seton Park, North York, ON, Canada",43.7167310629,-79.3449033945,8.0,Gray-cheeked Thrush
8643,2025-04-26,CC-BY-NC,https://inaturalist-open-data.s3.amazonaws.com/photos/500758413/medium.jpeg,"Colonel  Samuel Smith Park, Toronto, ON, Canada",43.5906511232,-79.5131823425,683.0,Red-breasted Merganser
7879,2025-05-01,CC-BY-NC,https://inaturalist-open-data.s3.amazonaws.com/photos/498362845/medium.jpeg,"Toronto, ON M6S 2X3, Canada",43.6420688445,-79.4627085328,15.0,Red-winged Blackbird
13558,2025-06-15,CC0,https://inaturalist-open-data.s3.amazonaws.com/photos/531325835/medium.jpg,"Centro, Toronto, ON, Canadá",43.640447921,-79.3745731535,124.0,Andorinha-das-chaminés
5231,2025-04-16,CC-BY,https://inaturalist-open-data.s3.amazonaws.com/photos/488020272/medium.png,"Toronto, ON, Canada",43.6675737915,-79.2915012118,294.0,Iceland Gull
9705,2025-05-06,CC-BY-NC,https://inaturalist-open-data.s3.amazonaws.com/photos/505025127/medium.jpg,"Colonel  Samuel Smith Park, Toronto, ON, Canada",43.5906511232,-79.5131823425,683.0,Northern Cardinal
5366,2025-04-19,CC-BY-NC,https://inaturalist-open-data.s3.amazonaws.com/photos/488491139/medium.jpeg,"Steeles, Scarborough, ON, Canada",43.8116321323,-79.3069795147,31.0,Blue-winged Teal
22815,2025-12-16,CC-BY-NC,https://inaturalist-open-data.s3.amazonaws.com/photos/600538717/medium.jpg,"High Park-Swansea, Toronto, ON, Canada",43.6417801698,-79.4621515288,8.0,White-throated Sparrow
10789,2025-05-25,,https://static.inaturalist.org/photos/510525022/medium.jpg,"Corktown Common, Toronto, ON, CA",43.6546633333,-79.3528366667,17.0,Blackburnian Warbler
7079,2025-04-27,,https://static.inaturalist.org/photos/494494989/medium.jpg,"Flemingdon Park, Toronto, ON, CA",43.7148366667,-79.3417283333,4.0,Turkey Vulture
23771,2025-10-08,CC-BY,https://inaturalist-open-data.s3.amazonaws.com/photos/608243316/medium.jpg,"Birch Cliff, Scarborough, ON, Canada",43.6963450802,-79.2558103538,44.0,Bald Eagle
18128,2025-09-16,CC-BY-NC,https://inaturalist-open-data.s3.amazonaws.com/photos/572028082/medium.jpg,"Rouge Marsh, Toronto, ON, Canada",43.793019168,-79.1213626153,25.0,Wood Duck
8908,2025-04-27,CC-BY-NC,https://inaturalist-open-data.s3.amazonaws.com/photos/501456711/medium.jpeg,"Colonel  Samuel Smith Park, Toronto, ON, Canada",43.5906511232,-79.5131823425,683.0,Long-tailed Duck
20661,2025-04-16,CC-BY-NC,https://inaturalist-open-data.s3.amazonaws.com/photos/586493363/medium.jpg,"High Park - North Half, Toronto, ON, Canada",43.6490889589,-79.4642275187,440.0,Chipping Sparrow
2161,2025-02-23,,https://static.inaturalist.org/photos/472116438/medium.jpg,"South Riverdale, Toronto, ON, Canada",43.6256467807,-79.3312673665,122.0,Common Goldeneye
15084,2025-08-04,CC-BY,https://inaturalist-open-data.s3.amazonaws.com/photos/547726184/medium.jpg,"High Park-Swansea, Toronto, ON, Canada",43.6413116101,-79.45824811,100.0,Northern Flicker
19349,2025-01-13,CC-BY,https://inaturalist-open-data.s3.amazonaws.com/photos/579606845/medium.jpg,"Toronto, ON, Canada",43.6563421257,-79.3129085073,129.0,Iceland Gull
10032,2025-05-13,CC-BY-NC,https://inaturalist-open-data.s3.amazonaws.com/photos/506562997/medium.jpg,"Colonel  Samuel Smith Park, Toronto, ON, Canada",43.5906511232,-79.5131823425,683.0,Northern Yellow Warbler
7831,2025-05-01,CC-BY-NC,https://inaturalist-open-data.s3.amazonaws.com/photos/498241073/medium.jpg,"Bayview Village, North York, ON, Canada",43.7803519328,-79.3893152642,104.0,Chipping Sparrow
11992,2025-05-03,CC-BY-NC,https://inaturalist-open-data.s3.amazonaws.com/photos/516794504/medium.jpg,"South Riverdale, Toronto, ON, Canada",43.6594610805,-79.3059010055,1.0,Red-winged Blackbird
7289,2025-04-27,CC-BY-NC,https://inaturalist-open-data.s3.amazonaws.com/photos/495953642/medium.jpg,"Don Valley Parkway S, Toronto, ON, CA",43.6931683588,-79.358186587,372.0,Turkey Vulture
7731,2025-04-30,CC-BY-NC,https://inaturalist-open-data.s3.amazonaws.com/photos/497803637/medium.jpeg,"Bayview Village, North York, ON, Canada",43.7705884073,-79.3627316234,15.0,Northern Cardinal
23870,2025-02-17,CC-BY-NC,https://inaturalist-open-data.s3.amazonaws.com/photos/611626734/medium.jpg,"Bayview Village, North York, ON, Canada",43.778876414,-79.3788644883,909.0,Northern Cardinal
14372,2025-07-21,,https://static.inaturalist.org/photos/540523506/medium.jpg,"York University Heights, North York, ON, Canada",43.7702666922,-79.5073454964,4.0,Eastern Kingbird
14786,2025-07-28,CC-BY-NC,https://inaturalist-open-data.s3.amazonaws.com/photos/545158004/medium.jpg,"Wellesley St E, Toronto, ON, CA",43.666295,-79.3787083333,27.0,Feral Pigeon
5243,2025-04-08,CC-BY-NC,https://inaturalist-open-data.s3.amazonaws.com/photos/488036550/medium.jpeg,"North York, ON M4A 1P7, Kanada",43.7306651631,-79.3177622929,38.0,Carolinaspecht
9927,2025-05-16,,https://static.inaturalist.org/photos/505979716/medium.jpg,"Corktown Common, Toronto, ON, CA",43.65447,-79.3525166667,9.0,Blackburnian Warbler
8289,2025-05-03,CC-BY-NC,https://inaturalist-open-data.s3.amazonaws.com/photos/499699052/medium.jpg,"Ontario, CA",43.6622577378,-79.5995592329,174.0,Canada Goose
20540,2025-10-29,CC-BY-NC,https://inaturalist-open-data.s3.amazonaws.com/photos/586137625/medium.jpg,"St Clements Ave, Toronto, ON, CA",43.7125533856,-79.4020854744,8.0,House Sparrow
1076,2025-01-26,CC-BY-NC,https://inaturalist-open-data.s3.amazonaws.com/photos/466428575/medium.jpg,"South Riverdale, Toronto, ON, Canada",43.6308621555,-79.3248831665,488.0,Mute Swan
19233,2025-10-11,CC-BY-NC,https://inaturalist-open-data.s3.amazonaws.com/photos/579006870/medium.jpg,"Tommy Thompson Park , Toronto, ON, Canada",43.6280985697,-79.3248278047,1.0,Wilson's Snipe
18793,2025-10-04,CC-BY-NC,https://inaturalist-open-data.s3.amazonaws.com/photos/576137681/medium.jpg,"Bayview Village, Toronto, ON, Canada",43.777636267,-79.3704431046,61.0,Northern Flicker
21696,2025-11-16,CC-BY-NC,https://inaturalist-open-data.s3.amazonaws.com/photos/592068470/medium.jpg,"Merton St, Toronto, ON, CA",43.70055,-79.3739166667,8.0,American Robin
22557,2025-12-09,CC-BY-NC,https://inaturalist-open-data.s3.amazonaws.com/photos/598651068/medium.jpg,"Downsview, North York, ON, Canada",43.7427907291,-79.4743592578,699.0,Rough-legged Hawk
315,2025-01-08,CC-BY-NC,https://inaturalist-open-data.s3.amazonaws.com/photos/462586552/medium.jpg,"Bridle Path-Sunnybrook-York Mills, Toronto, ON, Canada",43.7302735317,-79.3571613691,418.0,House Finch
5781,2025-04-22,CC-BY-NC,https://inaturalist-open-data.s3.amazonaws.com/photos/490324349/medium.jpg,"Rushton Rd, Toronto, ON, CA",43.687705,-79.4297033333,12.0,Mourning Dove
9917,2025-05-16,,,"Ontario, CA",43.7599591716,-79.4391275136,18.0,House Finch
15680,2025-08-16,CC-BY-NC,https://inaturalist-open-data.s3.amazonaws.com/photos/553431516/medium.jpg,"Rouge, Scarborough, ON, Canada",43.8214123968,-79.1646779068,36.0,Killdeer
23463,2025-12-26,CC-BY-NC,https://inaturalist-open-data.s3.amazonaws.com/photos/603720191/medium.jpg,"Colonel Samuel Smith Park, 3145 Lake Shore Blvd W, Etobicoke, ON M8V 4B6, Canada",43.591398,-79.5133857,198.0,Greater Scaup
6891,2025-04-25,CC-BY-NC,https://inaturalist-open-data.s3.amazonaws.com/photos/493715854/medium.jpg,"High Park-Swansea, Toronto, ON, Canada",43.6524083793,-79.4602951709,55.0,Winter Wren
17720,2025-09-19,CC-BY-NC,https://inaturalist-open-data.s3.amazonaws.com/photos/569738966/medium.jpg,"Colonel  Samuel Smith Park, Toronto, ON, Canada",43.5906511232,-79.5131823425,683.0,American Redstart
4302,2025-04-06,CC-BY-NC,https://inaturalist-open-data.s3.amazonaws.com/photos/483522499/medium.jpeg,"Toronto, CA-ON, CA",43.6165013646,-79.4977207482,4.0,House Sparrow
16202,2025-08-27,,https://static.inaturalist.org/photos/558715955/medium.jpg,"Corktown Common, Toronto, ON, CA",43.6544216667,-79.3525616667,8.0,Blackburnian Warbler
21923,2025-11-21,CC-BY-NC,https://inaturalist-open-data.s3.amazonaws.com/photos/593770617/medium.jpg,"Bayview Village, Toronto, ON, Canada",43.777636267,-79.3704431046,61.0,Black-capped Chickadee
22846,2025-12-17,CC-BY-NC,https://inaturalist-open-data.s3.amazonaws.com/photos/600763122/medium.jpg,"Toronto, ON, CA",43.6263966667,-79.3248133333,24.0,American Goshawk
936,2025-01-19,CC-BY-NC,https://inaturalist-open-data.s3.amazonaws.com/photos/465315048/medium.jpeg,"Rouge Beach, Toronto, ON, Canada",43.7941017463,-79.117375172,25.0,Tundra Swan
1381,2025-02-03,CC-BY-NC,https://inaturalist-open-data.s3.amazonaws.com/photos/467903161/medium.jpeg,"Toronto, ON, Canada",43.6351943298,-79.4590268266,81.0,Long-tailed Duck
10034,2025-05-13,CC-BY-NC,https://inaturalist-open-data.s3.amazonaws.com/photos/506563653/medium.jpg,"Colonel  Samuel Smith Park, Toronto, ON, Canada",43.5906511232,-79.5131823425,683.0,Orchard Oriole
21328,2025-11-11,CC-BY-NC,https://inaturalist-open-data.s3.amazonaws.com/photos/590561878/medium.jpg,"Ontario, CA",43.6408735048,-79.471537986,8.0,Barred Owl
22814,2025-12-16,CC-BY-NC,https://inaturalist-open-data.s3.amazonaws.com/photos/600538698/medium.jpg,"High Park-Swansea, Toronto, ON, Canada",43.6418017286,-79.4621461644,8.0,Northern Cardinal
20789,2025-10-23,CC-BY-NC,https://inaturalist-open-data.s3.amazonaws.com/photos/587357450/medium.jpg,"Rouge Marsh, Toronto, ON, Canada",43.7930908051,-79.1211641318,31.0,Northern Shoveler
14411,2025-07-23,CC-BY-NC,https://inaturalist-open-data.s3.amazonaws.com/photos/541253611/medium.jpg,"Grenadier Pond, Toronto, ON, CA",43.6437866667,-79.4678633333,7.0,Wood Duck
19390,2025-10-10,CC0,https://inaturalist-open-data.s3.amazonaws.com/photos/579639091/medium.jpg,"Ontario, CA",43.6356895855,-79.3210870868,135.0,White-throated Sparrow
8784,2025-05-06,,https://static.inaturalist.org/photos/501224882/medium.jpg,"Corktown Common, Toronto, ON, CA",43.6542166667,-79.35302,10.0,Palm Warbler
5572,2025-04-20,,https://static.inaturalist.org/photos/489059028/medium.jpg,"South Riverdale, Toronto, ON, Canada",43.6491965708,-79.3237503191,31.0,Eastern Phoebe
7692,2025-04-30,CC-BY-NC,https://inaturalist-open-data.s3.amazonaws.com/photos/497719972/medium.jpeg,"Centennial Park, Etobicoke, ON, Canada",43.6470188181,-79.5922135941,61.0,Tennessee Warbler
5348,2025-04-19,,https://static.inaturalist.org/photos/488439217/medium.jpg,"High Park Tr, Toronto, ON, CA",43.645500809,-79.4689327375,4.0,Mallard
12427,2025-06-10,CC-BY-NC,https://inaturalist-open-data.s3.amazonaws.com/photos/520026329/medium.jpg,"Rouge, Scarborough, ON, Canada",43.8225208418,-79.1665615567,457.0,Canada Goose
4627,2025-03-31,CC-BY-NC,https://inaturalist-open-data.s3.amazonaws.com/photos/485253617/medium.jpeg,"The Kingsway, Etobicoke, ON, Canada",43.6475136465,-79.5115878185,950.0,House Sparrow
12537,2025-06-13,CC-BY-NC,https://inaturalist-open-data.s3.amazonaws.com/photos/520938790/medium.jpg,"Walmsley Blvd, Toronto, ON, CA",43.6924783333,-79.39968,14.0,Red-winged Blackbird
22586,2025-11-06,CC0,https://inaturalist-open-data.s3.amazonaws.com/photos/598829430/medium.jpg,"Ontario, CA",43.7776118465,-79.2924574932,182.0,Dark-eyed Junco
22656,2025-12-08,CC-BY-NC,https://inaturalist-open-data.s3.amazonaws.com/photos/598985755/medium.jpg,"Scarborough Pickering Townline, Pickering, ON, Canada",43.8384351402,-79.1626392401,31.0,Blue Jay
12467,2025-06-10,CC-BY-NC,https://inaturalist-open-data.s3.amazonaws.com/photos/520390242/medium.jpg,"Ontario, CA",43.6515382912,-79.7545614769,29.0,Cooper's Hawk
14162,2025-07-11,CC-BY-NC,https://inaturalist-open-data.s3.amazonaws.com/photos/538199177/medium.jpg,"Lower Reesor Pond, Toronto, ON M1B 5W5, Canada",43.8280937,-79.1899396,175.0,Eastern Kingbird
4156,2025-04-03,,https://static.inaturalist.org/photos/482521005/medium.jpeg,"Etobicoke, ON M8X 1Z4, Canada",43.6480958996,-79.5214676857,6.0,Mallard
4556,2025-04-09,CC-BY-NC,https://inaturalist-open-data.s3.amazonaws.com/photos/484844514/medium.jpeg,"Rouge Marsh, Toronto, ON, Canada",43.793019168,-79.1213626153,50.0,Great Blue Heron
10356,2025-05-17,,https://static.inaturalist.org/photos/508239253/medium.jpg,"South Riverdale, Toronto, ON, Canada",43.6567645892,-79.3052819885,31.0,Song Sparrow
1907,2025-02-01,,https://static.inaturalist.org/photos/470664823/medium.jpeg,"Downsview, ON M3K 0E1, Canada",43.740646324,-79.4802495092,33.0,Downy Woodpecker
11469,2025-05-26,CC-BY-NC,https://inaturalist-open-data.s3.amazonaws.com/photos/514359430/medium.jpg,"Chalkfarm Park, Toronto, ON, CA",43.7285948369,-79.5170776056,10.0,American Redstart
11643,2025-06-03,CC-BY-NC,https://inaturalist-open-data.s3.amazonaws.com/photos/515353117/medium.jpg,"Toronto, ON, Canada",43.6675665257,-79.2914355843,4.0,Bonaparte's Gull
6213,2025-04-25,CC-BY-NC,https://inaturalist-open-data.s3.amazonaws.com/photos/491612360/medium.jpg,"The Junction, Toronto, ON, Canada",43.6640412079,-79.4680851005,33.0,House Finch
10501,2025-05-23,CC-BY-NC,https://inaturalist-open-data.s3.amazonaws.com/photos/509241553/medium.jpg,"Woodbine Beach, Toronto, ON, Canada",43.6614446944,-79.3055850016,4.0,Sanderling
9482,2025-05-11,,https://static.inaturalist.org/photos/503628566/medium.jpeg,"Toronto, ON, Canada",43.7021752911,-79.2407471008,61.0,Ring-billed Gull
2179,2025-02-23,CC-BY-NC,https://inaturalist-open-data.s3.amazonaws.com/photos/472132113/medium.jpg,"Great Lakes Waterfront Tr, Toronto, ON, CA",43.6307438335,-79.4720938988,161.0,Bufflehead
5116,2025-04-17,CC-BY-NC,https://inaturalist-open-data.s3.amazonaws.com/photos/487526558/medium.jpg,"South Riverdale, Toronto, ON, Canada",43.6326997494,-79.3235855479,15.0,Double-crested Cormorant
7210,2025-04-27,CC-BY-NC,https://inaturalist-open-data.s3.amazonaws.com/photos/495211855/medium.jpg,"Rouge, Toronto, ON, CA",43.8171767137,-79.193810311,27.0,Tree Swallow
6622,2025-04-26,,https://static.inaturalist.org/photos/492257062/medium.jpeg,"Ontario, CA",43.6875539284,-79.5178520781,116.0,American Robin
5489,2025-04-19,CC-BY-NC,https://inaturalist-open-data.s3.amazonaws.com/photos/488969929/medium.jpg,"Bayview Village, North York, ON, Canada",43.7804103507,-79.3729378681,498.0,Mourning Dove
8064,2025-05-02,CC-BY-NC,https://inaturalist-open-data.s3.amazonaws.com/photos/499075221/medium.jpeg,"Colonel  Samuel Smith Park, Toronto, ON, Canada",43.5906511232,-79.5131823425,683.0,Warbling Vireo
10851,2025-05-05,CC-BY,https://inaturalist-open-data.s3.amazonaws.com/photos/510621349/medium.jpg,"Scarborough, ON M1P 3P5, Canada",43.7629911911,-79.2681954056,384.0,Black-throated Blue Warbler
10742,2025-05-25,CC-BY-NC,https://inaturalist-open-data.s3.amazonaws.com/photos/510286074/medium.jpg,yard,43.672729,-79.33101,11.0,Swainson's Thrush
18802,2025-09-28,CC-BY-NC,https://inaturalist-open-data.s3.amazonaws.com/photos/576151442/medium.jpg,"Downsview Park, Toronto, ON, CA",43.739791524,-79.4774064249,8.0,Mallard
1950,2025-02-15,,https://static.inaturalist.org/photos/470889105/medium.jpeg,"New Toronto, Etobicoke, ON, Canada",43.5915083333,-79.5134,1.0,Long-tailed Duck
3736,2025-03-23,CC-BY-NC,https://inaturalist-open-data.s3.amazonaws.com/photos/479142298/medium.jpg,"Toronto, ON, Canada",43.6623800866,-79.3030142407,61.0,Lesser Black-backed Gull
8471,2025-04-28,CC-BY-NC,https://inaturalist-open-data.s3.amazonaws.com/photos/500317372/medium.jpeg,"Rockcliffe-Smythe, York, ON, Canada",43.6688447271,-79.5113634915,31.0,Mallard
1623,2025-02-09,CC-BY-NC,https://inaturalist-open-data.s3.amazonaws.com/photos/469236978/medium.jpg,"Cardiff Rd, Toronto, ON, CA",43.7130229546,-79.3839956235,39.0,Northern Cardinal
6735,2025-04-26,,https://static.inaturalist.org/photos/492640803/medium.jpg,"High Park, Toronto, ON, CA",43.6516216667,-79.4633466667,5.0,White-throated Sparrow
13327,2025-06-29,CC-BY-NC,https://inaturalist-open-data.s3.amazonaws.com/photos/528867205/medium.jpg,"Tommy Thompson Park, Toronto, ON, CA",43.6516807957,-79.3238869612,157.0,Northern Rough-winged Swallow
4382,2025-04-07,CC-BY-NC,https://inaturalist-open-data.s3.amazonaws.com/photos/483914074/medium.jpeg,"High Park-Swansea, Toronto, ON, Canada",43.6504295284,-79.4657931519,130.0,Red-bellied Woodpecker
4071,2025-04-01,CC-BY-NC,https://inaturalist-open-data.s3.amazonaws.com/photos/481954619/medium.jpeg,"High Park-Swansea, Toronto, ON, Canada",43.6422848038,-79.4629346671,62.0,Red-winged Blackbird
22700,2025-12-09,CC-BY-NC,https://inaturalist-open-data.s3.amazonaws.com/photos/599359140/medium.jpg,"Bayview Village, North York, ON, Canada",43.780013658,-79.372450324,489.0,Downy Woodpecker
2755,2025-03-08,CC-BY-NC,https://inaturalist-open-data.s3.amazonaws.com/photos/474980813/medium.jpeg,"North York, ON M3L 1A3, Canada",43.7211667142,-79.510711357,21.0,Feral Pigeon
14528,2025-07-25,CC-BY-NC,https://inaturalist-open-data.s3.amazonaws.com/photos/542427234/medium.jpg,"Mount Pleasant East, Toronto, ON, Canada",43.6928891748,-79.3910317416,49.0,White-breasted Nuthatch
13742,2025-07-06,,https://static.inaturalist.org/photos/533214037/medium.jpg,"Rouge, Scarborough, ON, 加拿大",43.828202731,-79.1899204053,57.0,美洲黑水鸡
16654,2025-09-02,CC-BY-NC,https://inaturalist-open-data.s3.amazonaws.com/photos/562250040/medium.jpg,"Barberry Pl, Toronto, ON, CA",43.7673383333,-79.384575,4.0,American Robin
18650,2025-10-02,CC-BY-NC,https://inaturalist-open-data.s3.amazonaws.com/photos/575239494/medium.jpg,"Etobicoke, ON M9W 6V3, Canada",43.7254924834,-79.6093006432,29.0,Great Blue Heron
7964,2025-05-02,CC-BY-NC,https://inaturalist-open-data.s3.amazonaws.com/photos/498756065/medium.jpg,"Ashbridge's Bay Park, Toronto, ON, Canada",43.6615760646,-79.3130331837,8.0,Black-throated Blue Warbler
1478,2025-02-02,CC-BY-NC,https://inaturalist-open-data.s3.amazonaws.com/photos/468713736/medium.jpg,"Bayview Village, Toronto, ON, Canada",43.777636267,-79.3704431046,61.0,Dark-eyed Junco
22573,2025-10-16,CC0,https://inaturalist-open-data.s3.amazonaws.com/photos/598759566/medium.jpg,"The Queensway – Humber Bay, Etobicoke, ON, Canada",43.6200634972,-79.4759539285,481.0,Field Sparrow
19823,2025-10-16,CC-BY,https://inaturalist-open-data.s3.amazonaws.com/photos/581488419/medium.jpg,"The Beaches, Toronto, ON, Canada",43.6745259269,-79.2948563652,13.0,Fox Sparrow
23619,2025-04-28,,https://static.inaturalist.org/photos/604377090/medium.jpg,"High Park-Swansea, Toronto, ON, Canada",43.6451193976,-79.4682822418,227.0,Great Egret
16476,2025-08-31,CC-BY-NC,https://inaturalist-open-data.s3.amazonaws.com/photos/560951361/medium.jpg,"Armdale, Scarborough, ON, Canada",43.826873304,-79.2496016631,13.0,American Herring Gull
101,2025-01-03,,https://static.inaturalist.org/photos/461795599/medium.jpg,"Leaside-Bennington, Toronto, ON, Canada",43.6970326835,-79.3618662089,15.0,House Finch
967,2025-01-21,CC-BY-NC,https://inaturalist-open-data.s3.amazonaws.com/photos/465634899/medium.jpeg,"The Kingsway, Etobicoke, ON, Canada",43.6475757535,-79.5115663608,974.0,Mourning Dove
16366,2025-08-29,CC-BY-NC,https://inaturalist-open-data.s3.amazonaws.com/photos/559613436/medium.jpg,"High Park-Swansea, Toronto, ON, Canada",43.6432766999,-79.4672816845,31.0,Eastern Wood-Pewee
14562,2025-06-26,CC-BY-NC,https://inaturalist-open-data.s3.amazonaws.com/photos/542799965/medium.jpg,"Toronto, ON, CA",43.6422783333,-79.4905866667,3.0,Great Egret
23922,2025-06-07,CC-BY,https://inaturalist-open-data.s3.amazonaws.com/photos/614878770/medium.jpg,"South Riverdale, Toronto, ON, Canada",43.6605503569,-79.3078973912,56.0,Savannah Sparrow
8763,2025-05-06,CC-BY-NC,https://inaturalist-open-data.s3.amazonaws.com/photos/501194570/medium.jpeg,"Ontario, CA",43.6858145266,-79.51966452,413.0,Northern Parula
9468,2025-05-11,CC-BY-NC,https://inaturalist-open-data.s3.amazonaws.com/photos/503617593/medium.jpg,"Tommy Thompson Park, Toronto, ON, CA",43.6451862131,-79.321225858,110.0,Tree Swallow
21508,2025-11-08,CC-BY-NC,https://inaturalist-open-data.s3.amazonaws.com/photos/591264923/medium.jpg,"Rouge Marsh, Toronto, ON, Canada",43.7943072215,-79.1198105419,20.0,American Black Duck
49,2025-01-03,,https://static.inaturalist.org/photos/461496879/medium.jpg,"Corktown Common, Toronto, ON, CA",43.654225,-79.352745,9.0,Downy Woodpecker
12241,2025-05-30,CC-BY-NC,https://inaturalist-open-data.s3.amazonaws.com/photos/518640325/medium.jpg,"Colonel  Samuel Smith Park, Toronto, ON, Canada",43.5906511232,-79.5131823425,683.0,Red-necked Grebe
11002,2025-05-24,,https://static.inaturalist.org/photos/511200594/medium.jpg,Colonel Samuel Smith Park,43.5926216785,-79.5131125598,209.0,Black-crowned Night Heron
22650,2025-12-10,CC-BY-NC,https://inaturalist-open-data.s3.amazonaws.com/photos/598970210/medium.jpg,"Banbury-Don Mills, North York, ON, Canada",43.7343048926,-79.3542139909,65.0,Northern Cardinal
14247,2025-07-19,CC-BY-NC,https://inaturalist-open-data.s3.amazonaws.com/photos/539276099/medium.jpg,Toronto,43.6523780823,-79.4925079346,52.0,Great Egret
12330,2025-06-11,CC-BY-NC,https://inaturalist-open-data.s3.amazonaws.com/photos/519306576/medium.jpg,"Sherwood Park Tr, Toronto, ON, CA",43.716772136,-79.3871069493,4.0,American Robin
7680,2025-04-30,,https://static.inaturalist.org/photos/497673827/medium.jpg,"York University Heights, North York, ON, Canada",43.766883612,-79.5067607449,182.0,Northern Rough-winged Swallow
1955,2025-02-15,,https://static.inaturalist.org/photos/470889169/medium.jpeg,"New Toronto, Etobicoke, ON, Canada",43.5915083333,-79.5134,1.0,Tufted Duck
17806,2025-09-18,CC0,https://inaturalist-open-data.s3.amazonaws.com/photos/570093018/medium.jpg,"Ontario, CA",43.6392366368,-79.2931238105,39.0,House Sparrow
8067,2025-05-02,CC-BY-NC,https://inaturalist-open-data.s3.amazonaws.com/photos/499097213/medium.jpeg,"Colonel  Samuel Smith Park, Toronto, ON, Canada",43.5906511232,-79.5131823425,683.0,Red-winged Blackbird
21093,2025-11-08,CC-BY-NC,https://inaturalist-open-data.s3.amazonaws.com/photos/589318032/medium.jpg,"Cardiff Rd, Toronto, ON, CA",43.7129959,-79.3841547,39.0,Dark-eyed Junco
6298,2025-04-24,CC-BY-NC,https://inaturalist-open-data.s3.amazonaws.com/photos/491709896/medium.jpeg,"Etobicoke, ON M9C 5R5, Canada",43.6486946417,-79.5956388116,413.0,Brown Creeper
3938,2025-03-25,CC-BY-NC,https://inaturalist-open-data.s3.amazonaws.com/photos/481153085/medium.jpg,"Bayview Village, North York, ON, Canada",43.7814418137,-79.388326578,134.0,Northern Cardinal
23157,2025-12-14,,https://static.inaturalist.org/photos/602514359/medium.jpg,"North York, ON M4A 1P5, Canada",43.7306307608,-79.3138590083,96.0,Red-tailed Hawk
2874,2025-03-09,CC-BY-NC,https://inaturalist-open-data.s3.amazonaws.com/photos/475553804/medium.jpg,"Colonel Samuel Smith Park, New Toronto, Toronto, ON, Canada",43.5926649047,-79.5131030437,820.0,Gadwall
12406,2025-06-12,CC0,https://inaturalist-open-data.s3.amazonaws.com/photos/519975926/medium.jpg,"David Balfour Park Trail, Toronto, ON, Canada",43.6814357728,-79.3832341864,15.0,Carpintero velloso
7185,2025-04-25,CC-BY-NC,https://inaturalist-open-data.s3.amazonaws.com/photos/494826559/medium.jpg,"High Park-Swansea, Toronto, ON, Canada",43.6409978492,-79.4584432496,59.0,Red-winged Blackbird
18454,2025-09-11,CC-BY-NC,https://inaturalist-open-data.s3.amazonaws.com/photos/573793530/medium.jpg,"Toronto, ON M5T 1G1, Canada",43.6531845322,-79.3914844841,201.0,Feral Pigeon
1358,2025-02-02,CC-BY-NC,https://inaturalist-open-data.s3.amazonaws.com/photos/467711889/medium.jpeg,"Colonel  Samuel Smith Park, Toronto, ON, Canada",43.5906511232,-79.5131823425,683.0,Northern Cardinal
18179,2025-09-25,,https://static.inaturalist.org/photos/572126005/medium.jpg,"Corktown Common, Toronto, ON, CA",43.6538166667,-79.351945,13.0,Nashville Warbler
18639,2025-10-02,CC-BY-NC,https://inaturalist-open-data.s3.amazonaws.com/photos/575146473/medium.jpg,Toronto,43.6414718628,-79.4566802979,4.0,Great Egret
23051,2025-12-23,CC-BY-NC,https://inaturalist-open-data.s3.amazonaws.com/photos/602012815/medium.jpg,"Cardiff Rd, Toronto, ON, CA",43.7130246455,-79.384414369,39.0,American Crow
333,2025-01-08,CC-BY-NC,https://inaturalist-open-data.s3.amazonaws.com/photos/462609131/medium.jpg,"Bridle Path-Sunnybrook-York Mills, Toronto, ON, Canada",43.7300831444,-79.3577562816,507.0,Downy Woodpecker
23626,2025-05-04,,https://static.inaturalist.org/photos/604377163/medium.jpg,"Leaside-Bennington, Toronto, ON, Canada",43.6859062593,-79.3660077606,103.0,Yellow-rumped Warbler
14556,2025-07-26,CC-BY-NC,https://inaturalist-open-data.s3.amazonaws.com/photos/542749049/medium.jpg,"Tommy Thompson Park , Toronto, ON, Canada",43.6225609354,-79.3344515825,4.0,Northern Waterthrush
15769,2025-08-18,CC-BY-NC,https://inaturalist-open-data.s3.amazonaws.com/photos/554355244/medium.jpg,"Black Creek Tr, Toronto, ON, CA",43.67483,-79.4995116667,13.0,Great Blue Heron
6378,2025-04-25,CC-BY-NC,https://inaturalist-open-data.s3.amazonaws.com/photos/491832360/medium.jpg,"Bayview Village, North York, ON, Canada",43.7796098389,-79.3701520317,416.0,Northern Flicker
6144,2025-04-25,CC-BY-NC,https://inaturalist-open-data.s3.amazonaws.com/photos/491482740/medium.jpeg,"JJQ6+3PC, Toronto, ON M5V 1A2, Canada",43.637813714,-79.3884982061,3.0,Canada Goose
12804,2025-06-17,CC-BY-NC,https://inaturalist-open-data.s3.amazonaws.com/photos/523403614/medium.jpg,"Bayview Village, North York, ON, Canada",43.7817737793,-79.3863310287,437.0,Northern Cardinal
4846,2025-04-13,CC-BY-NC,https://inaturalist-open-data.s3.amazonaws.com/photos/486160812/medium.jpeg,"73 Cardiff Rd, North York, ON M4P 2P4, Canada",43.713027,-79.3841394,179.0,Song Sparrow
9052,2025-05-07,CC-BY-NC,https://inaturalist-open-data.s3.amazonaws.com/photos/501711620/medium.jpeg,"Ontario, CA",43.6741304697,-79.4636732572,971.0,Eastern Kingbird
6814,2025-04-26,,https://static.inaturalist.org/photos/493080738/medium.jpeg,"North York, ON M2K 1E2, Canada",43.7711855759,-79.3649862707,20.0,Canada Goose
17002,2025-09-10,CC-BY-NC,https://inaturalist-open-data.s3.amazonaws.com/photos/565250787/medium.jpg,"Bayview Village, Toronto, ON, Canada",43.777636267,-79.3704431046,61.0,Black-capped Chickadee
6393,2025-04-25,CC-BY-NC,https://inaturalist-open-data.s3.amazonaws.com/photos/491834858/medium.jpg,"Bayview Village, North York, ON, Canada",43.7799538058,-79.3688540808,409.0,Northern Flicker
15643,2025-06-22,CC-BY-NC,https://inaturalist-open-data.s3.amazonaws.com/photos/553275801/medium.jpg,"Toronto Zoo, Toronto, ON, CA",43.8222254509,-79.1801331977,21.0,Canada Goose
10300,2025-05-20,CC-BY-NC,https://inaturalist-open-data.s3.amazonaws.com/photos/507957702/medium.jpg,"Toronto, ON M4J 1G4, Canada",43.6783380106,-79.3254511803,179.0,American Robin
13703,2025-07-04,,https://static.inaturalist.org/photos/532627511/medium.jpg,"New Toronto, Etobicoke, ON, Canada",43.5935626452,-79.5124781666,158.0,American White Pelican
16983,2025-08-30,,https://static.inaturalist.org/photos/565116220/medium.jpg,"High Park-Swansea, Toronto, ON, Canada",43.6413768884,-79.4657395862,15.0,Wood Duck
18264,2025-09-27,CC-BY-NC,https://inaturalist-open-data.s3.amazonaws.com/photos/572755021/medium.jpg,"Sheppard Ave E, Toronto, ON, CA",43.77385,-79.36773,4.0,House Sparrow
10105,2025-05-18,,https://static.inaturalist.org/photos/506988713/medium.jpg,"Flemingdon Park, Toronto, ON, CA",43.7148666667,-79.34172,7.0,Baltimore Oriole
5308,2025-04-19,CC-BY-NC,https://inaturalist-open-data.s3.amazonaws.com/photos/488349873/medium.jpg,"Hickory Tree Rd, Toronto, ON, CA",43.6974257076,-79.5135666238,3.0,Northern Cardinal
10426,2025-05-21,CC-BY-NC,https://inaturalist-open-data.s3.amazonaws.com/photos/508489017/medium.jpg,"Bayview Village, Toronto, ON, Canada",43.777636267,-79.3704431046,61.0,Grey Catbird
2872,2025-03-09,CC-BY-NC,https://inaturalist-open-data.s3.amazonaws.com/photos/475551697/medium.jpeg,"E.T Seton Park, East York, ON, Canada",43.7159681509,-79.3482972027,2.0,Common Raven
19089,2025-10-08,CC0,https://inaturalist-open-data.s3.amazonaws.com/photos/578083145/medium.jpg,"Ontario, CA",43.7190603705,-79.3560476529,493.0,White-throated Sparrow
4344,2025-04-05,CC-BY-NC,https://inaturalist-open-data.s3.amazonaws.com/photos/483681970/medium.jpg,"Bayview Village, North York, ON, Canada",43.7814401554,-79.3887176569,453.0,American Goldfinch
2848,2025-03-07,,https://static.inaturalist.org/photos/475411470/medium.jpeg,"Toronto, ON, Canada",43.6447784387,-79.3177365234,488.0,Canada Goose
12090,2025-06-07,CC-BY-NC,https://inaturalist-open-data.s3.amazonaws.com/photos/517416141/medium.jpg,"Bayview Village, Toronto, ON, Canada",43.777636267,-79.3704431046,61.0,Baltimore Oriole
18953,2025-10-07,,https://static.inaturalist.org/photos/577652342/medium.jpg,"Craven Rd, Toronto, ON, CA",43.66735,-79.3190216667,13.0,European Starling
19749,2025-10-16,CC-BY-NC,https://inaturalist-open-data.s3.amazonaws.com/photos/581114012/medium.jpg,"Bayview Village, Toronto, ON, Canada",43.777636267,-79.3704431046,61.0,Ruby-crowned Kinglet
19526,2025-10-14,CC-BY-NC,https://inaturalist-open-data.s3.amazonaws.com/photos/580330995/medium.jpg,"High Park-Swansea, Toronto, ON, Canada",43.646446128,-79.4652388314,385.0,Red-tailed Hawk
21843,2025-11-19,CC-BY-NC,https://inaturalist-open-data.s3.amazonaws.com/photos/593042767/medium.jpg,"Bayview Woods-Steeles, North York, ON, Canada",43.7899285532,-79.3784534468,198.0,Mallard
2943,2025-03-10,CC-BY-NC,https://inaturalist-open-data.s3.amazonaws.com/photos/475621336/medium.jpg,"Ontario, CA",43.7507259495,-79.479181082,14.0,Red-tailed Hawk
7361,2025-04-28,,https://static.inaturalist.org/photos/496077334/medium.jpg,"Corktown Common, Toronto, ON, CA",43.65385,-79.351905,9.0,Pine Warbler
9455,2025-05-11,CC-BY-NC,https://inaturalist-open-data.s3.amazonaws.com/photos/503575064/medium.jpg,"Humber River, Toronto, ON, CA",43.63687,-79.47685,1.0,Northern Rough-winged Swallow
6675,2025-04-26,CC-BY-NC,https://inaturalist-open-data.s3.amazonaws.com/photos/492449395/medium.jpeg,"73 Cardiff Rd, North York, ON M4P 2P4, Canada",43.713027,-79.3841394,179.0,American Goldfinch
13841,2025-07-10,,https://static.inaturalist.org/photos/534359574/medium.jpg,"St. James' Cemetery & Crematorium, Toronto, ON, CA",43.670893995,-79.3682088317,181.0,Song Sparrow
9625,2025-05-13,CC-BY-NC,https://inaturalist-open-data.s3.amazonaws.com/photos/504602480/medium.jpg,"4001 Leslie St, North York, ON M2K 1E1, Canada",43.7689252,-79.3631408,194.0,House Finch
20493,2025-10-28,,https://static.inaturalist.org/photos/585835513/medium.jpg,"Corktown Common, Toronto, ON, CA",43.6535333333,-79.352805,2.0,American Goldfinch
5803,2025-04-21,,https://static.inaturalist.org/photos/489861226/medium.jpeg,"New Toronto, Etobicoke, ON, Canada",43.5915083333,-79.5134,1.0,Red-breasted Merganser
9364,2025-05-07,CC-BY-NC,https://inaturalist-open-data.s3.amazonaws.com/photos/503136545/medium.jpeg,"Colonel  Samuel Smith Park, Toronto, ON, Canada",43.5906511232,-79.5131823425,683.0,Red-winged Blackbird
16339,2025-08-29,CC-BY-NC,https://inaturalist-open-data.s3.amazonaws.com/photos/559583133/medium.jpg,"Ashbridge's Bay Park, Toronto, ON, Canada",43.6581597112,-79.3081688546,4.0,Blackburnian Warbler
4623,2025-04-09,CC-BY,https://inaturalist-open-data.s3.amazonaws.com/photos/485255252/medium.png,"South Riverdale, Toronto, ON, Canada",43.6488056073,-79.3230604898,380.0,American Woodcock
22390,2025-12-05,CC-BY-NC,https://inaturalist-open-data.s3.amazonaws.com/photos/597606595/medium.jpg,"73 Cardiff Rd, North York, ON M4P 2P4, Canada",43.713027,-79.3841394,179.0,Downy Woodpecker
17730,2025-09-19,CC-BY-NC,https://inaturalist-open-data.s3.amazonaws.com/photos/569751485/medium.jpg,"Colonel  Samuel Smith Park, Toronto, ON, Canada",43.5906511232,-79.5131823425,683.0,Mallard
19004,2025-10-08,CC-BY-NC,https://inaturalist-open-data.s3.amazonaws.com/photos/577858637/medium.jpg,"Rosetta McClain Gardens, 5 Glen Everest Rd, Scarborough, ON M1N 1J2, Canada",43.6968253,-79.2557466,193.0,Bald Eagle
14882,2025-08-01,CC-BY-NC,https://inaturalist-open-data.s3.amazonaws.com/photos/546142619/medium.jpg,"Rouge, Scarborough, ON, Canada",43.7827390587,-79.1272782292,263.0,Great Crested Flycatcher
18420,2025-09-28,CC-BY-NC,https://inaturalist-open-data.s3.amazonaws.com/photos/573550092/medium.jpg,"South Riverdale, Toronto, ON, Canada",43.6563452556,-79.3075399989,82.0,Gadwall
22622,2025-12-08,CC0,https://inaturalist-open-data.s3.amazonaws.com/photos/598830010/medium.jpg,"Ontario, CA",43.7419309948,-79.2588803732,465.0,Gadwall
22611,2025-12-06,CC0,https://inaturalist-open-data.s3.amazonaws.com/photos/598829842/medium.jpg,"Ontario, CA",43.6250744731,-79.3387041517,880.0,Mallard
14022,2025-07-13,CC-BY-NC,https://inaturalist-open-data.s3.amazonaws.com/photos/536512580/medium.jpg,"Lower Reesor Pond, Toronto, ON M1B 5W5, Canada",43.8280937,-79.1899396,175.0,Mallard
3756,2025-03-25,CC-BY-NC,https://inaturalist-open-data.s3.amazonaws.com/photos/479554137/medium.jpg,"Cardiff Rd, Toronto, ON, CA",43.71303,-79.3841466667,11.0,Northern Cardinal
7782,2025-04-28,CC-BY-NC,https://inaturalist-open-data.s3.amazonaws.com/photos/498080149/medium.jpeg,"Colonel  Samuel Smith Park, Toronto, ON, Canada",43.5906511232,-79.5131823425,683.0,Myrtle Warbler
7372,2025-04-27,CC-BY-NC,https://inaturalist-open-data.s3.amazonaws.com/photos/496152878/medium.jpg,"Bayview Village, North York, ON, Canada",43.7818162328,-79.3697545972,105.0,Red-winged Blackbird
5940,2025-04-23,,https://static.inaturalist.org/photos/490351252/medium.jpg,"Corktown Common, Toronto, ON, CA",43.6543466667,-79.35253,10.0,Dark-eyed Junco
17573,2025-09-18,,https://static.inaturalist.org/photos/568805517/medium.jpg,"Corktown Common, Toronto, ON, CA",43.6543116667,-79.3527616667,15.0,Eastern Wood-Pewee
248,2025-01-03,CC-BY-NC,https://inaturalist-open-data.s3.amazonaws.com/photos/462275758/medium.jpeg,"Colonel  Samuel Smith Park, Toronto, ON, Canada",43.5906511232,-79.5131823425,683.0,Greater Scaup
21206,2025-10-29,CC-BY-NC,https://inaturalist-open-data.s3.amazonaws.com/photos/589837410/medium.jpg,"The Queensway – Humber Bay, Etobicoke, ON, Canada",43.6234210118,-79.4737142213,391.0,Long-tailed Duck
2797,2025-03-08,,https://static.inaturalist.org/photos/475325298/medium.jpg,"Lake Ontario, Toronto, ON, CA",43.7023958866,-79.2357767428,92.0,Bufflehead
930,2025-01-12,CC-BY-NC,https://inaturalist-open-data.s3.amazonaws.com/photos/465263882/medium.jpg,"New Toronto, Etobicoke, ON, Canada",43.591969322,-79.511246064,80.0,American Robin
1862,2025-02-11,CC-BY-NC,https://inaturalist-open-data.s3.amazonaws.com/photos/470422310/medium.jpeg,"Toronto, ON, Canada",43.6290618639,-79.4748488814,108.0,American Kestrel
20609,2025-10-27,CC-BY-NC,https://inaturalist-open-data.s3.amazonaws.com/photos/586491234/medium.jpg,"High Park - North Half, Toronto, ON, Canada",43.6490889589,-79.4642275187,440.0,Dark-eyed Junco
3360,2025-03-15,CC-BY-NC,https://inaturalist-open-data.s3.amazonaws.com/photos/477315279/medium.jpeg,"South Riverdale, Toronto, ON, Canada",43.6466736858,-79.3237829152,80.0,Red-tailed Hawk
15493,2025-08-11,CC-BY-NC,https://inaturalist-open-data.s3.amazonaws.com/photos/551812467/medium.jpg,"Bayview Woods-Steeles, North York, ON, Canada",43.7994951897,-79.3825163691,933.0,Song Sparrow
3364,2025-03-17,,https://static.inaturalist.org/photos/477329162/medium.jpg,"Etobicoke Creek Tr, Toronto, ON, CA",43.5860633333,-79.5422533333,5.0,Bufflehead
23679,2025-12-30,CC-BY-NC,https://inaturalist-open-data.s3.amazonaws.com/photos/606028410/medium.jpg,"The Kingsway, Etobicoke, ON, Canada",43.6472543842,-79.5127394605,244.0,European Starling
3223,2025-03-08,CC-BY-NC-SA,https://inaturalist-open-data.s3.amazonaws.com/photos/476555781/medium.jpeg,"Toronto, ON M5H 2N3, Canada",43.7174665563,-79.4507214054,178.0,Canada Goose
4211,2025-01-04,CC-BY,https://inaturalist-open-data.s3.amazonaws.com/photos/482817617/medium.png,"Leaside-Bennington, Toronto, ON, Canada",43.6888470041,-79.3667996982,13.0,Dark-eyed Junco
14228,2025-07-18,CC-BY-NC,https://inaturalist-open-data.s3.amazonaws.com/photos/538782950/medium.jpg,"Ursula Franklin St / Huron St - SMART, Toronto, ON M5S 2S2, Canada",43.6603104646,-79.3984226882,34.0,House Sparrow
11630,2025-06-01,CC-BY-NC,https://inaturalist-open-data.s3.amazonaws.com/photos/515334568/medium.jpg,"High Park-Swansea, Toronto, ON, Canada",43.6452375381,-79.4688707118,31.0,Mute Swan
15447,2025-08-10,CC-BY-NC,https://inaturalist-open-data.s3.amazonaws.com/photos/551146915/medium.jpg,"York, ON M6S 1S2, Canada",43.6455412319,-79.4925048575,244.0,Great Egret
5222,2025-04-16,CC-BY,https://inaturalist-open-data.s3.amazonaws.com/photos/488018938/medium.png,"Taylor-Massey, ON, Canada",43.6985874842,-79.2934146565,66.0,Canada Goose
10610,2025-05-24,,https://static.inaturalist.org/photos/510317998/medium.jpg,"Toronto, ON M4L 3W6, Canada",43.6578271451,-79.3076909333,13.0,Red-winged Blackbird
1430,2025-02-05,CC-BY-NC,https://inaturalist-open-data.s3.amazonaws.com/photos/468276122/medium.jpeg,"Unwin Bridge, Toronto, ON, Canada",43.6475889556,-79.3280621469,4.0,Tundra Swan
6656,2025-04-25,CC-BY,https://inaturalist-open-data.s3.amazonaws.com/photos/492313931/medium.png,"Centre Island, Toronto, ON, Canada",43.6240049993,-79.3923546347,164.0,Savannah Sparrow
13505,2025-07-03,CC-BY-NC,https://inaturalist-open-data.s3.amazonaws.com/photos/530765294/medium.jpg,"Humber Bay, Toronto, ON, CA",43.6225265225,-79.4784433453,172.0,Gadwall
4141,2025-03-20,CC-BY-NC,https://inaturalist-open-data.s3.amazonaws.com/photos/482305647/medium.jpg,"Bay St, Toronto, ON, CA",43.64143,-79.3766633333,102.0,Merle d'Amérique
5561,2025-04-20,,https://static.inaturalist.org/photos/489058925/medium.jpg,"South Riverdale, Toronto, ON, Canada",43.6491965708,-79.3237503191,31.0,Yellow-rumped Warbler
19925,2025-10-18,,https://static.inaturalist.org/photos/582195797/medium.jpg,"Corktown Common, Toronto, ON, CA",43.6538166667,-79.3512716667,2.0,Northern Mockingbird
22949,2025-06-28,CC-BY-NC,https://inaturalist-open-data.s3.amazonaws.com/photos/601222551/medium.jpg,"Toronto, ON, Canada",43.6430464507,-79.3341002377,30.0,Double-crested Cormorant
8463,2025-04-26,CC-BY,https://static.inaturalist.org/photos/500311579/medium.jpg,"High Park-Swansea, Toronto, ON, Canada",43.6441938691,-79.4684738807,84.0,Wood Duck
16211,2025-08-11,CC-BY-NC,https://inaturalist-open-data.s3.amazonaws.com/photos/558777511/medium.jpg,"The Queensway – Humber Bay, Etobicoke, ON, Canada",43.6212742099,-79.4763057677,491.0,Virginia Rail
11030,2025-04-29,,https://static.inaturalist.org/photos/511267957/medium.jpg,"Eringate, Toronto, ON, CA",43.6486871535,-79.5931344894,246.0,Red-necked Grebe
13108,2025-06-25,,https://static.inaturalist.org/photos/526841982/medium.jpg,"Corktown Common, Toronto, ON, CA",43.653675,-79.35308,5.0,Cedar Waxwing
11071,2025-05-27,CC-BY-NC,https://inaturalist-open-data.s3.amazonaws.com/photos/511675549/medium.jpg,"Ontario, CA",43.6113084511,-79.2539785285,9.0,White-breasted Nuthatch
8389,2025-05-04,,,"Miles Rd, Toronto, ON, CA",43.6083267567,-79.4881660459,20.0,Chimney Swift
6505,2025-04-25,CC-BY-NC,https://inaturalist-open-data.s3.amazonaws.com/photos/491928737/medium.jpg,"Toronto, ON, Canada",43.694081704,-79.2564225199,474.0,Eastern Towhee
7270,2025-04-28,CC-BY-NC,https://static.inaturalist.org/photos/495889411/medium.jpeg,"South Riverdale, Toronto, ON, Canada",43.6221439119,-79.3343023981,122.0,Northern Flicker
10902,2025-05-26,CC-BY-NC,,"Glen Stewart Park, Toronto, ON, CA",43.6773002588,-79.2914753254,20.0,Tennessee Warbler
907,2025-01-21,CC-BY-NC,https://inaturalist-open-data.s3.amazonaws.com/photos/465143288/medium.jpeg,"73 Cardiff Rd, North York, ON M4P 2P4, Canada",43.713027,-79.3841394,179.0,House Sparrow
22011,2025-11-24,CC-BY-NC,https://inaturalist-open-data.s3.amazonaws.com/photos/594444209/medium.jpg,"Ashbridges Bay Park, Toronto, ON, Canada",43.6616447206,-79.3144735003,2.0,Mallard
20641,2025-05-23,CC-BY-NC,https://inaturalist-open-data.s3.amazonaws.com/photos/586493021/medium.jpg,"High Park - North Half, Toronto, ON, Canada",43.6490889589,-79.4642275187,440.0,Swainson's Thrush
7511,2025-04-28,CC-BY-NC,https://inaturalist-open-data.s3.amazonaws.com/photos/496744431/medium.jpg,"German Mills Crk, North York, ON M2M 4C9, Canada",43.7972667,-79.3843997,184.0,Song Sparrow
10027,2025-05-13,CC-BY-NC,https://inaturalist-open-data.s3.amazonaws.com/photos/506558279/medium.jpg,"Colonel  Samuel Smith Park, Toronto, ON, Canada",43.5906511232,-79.5131823425,683.0,Black-crowned Night Heron
11801,2025-05-29,CC-BY-NC,https://inaturalist-open-data.s3.amazonaws.com/photos/515921359/medium.jpg,"South Riverdale, Toronto, ON, Canada",43.6558491653,-79.3088616491,31.0,Eastern Wood-Pewee
16029,2025-08-24,CC-BY-NC,https://inaturalist-open-data.s3.amazonaws.com/photos/557228902/medium.jpg,"Downtown Toronto, Toronto, ON, Canada",43.6419342544,-79.3858050107,11.0,House Sparrow
119,2025-01-04,,https://static.inaturalist.org/photos/461855636/medium.jpg,"South Etobicoke, Toronto, ON, CA",43.591305,-79.5109866667,5.0,Tufted Duck
21569,2025-11-14,CC-BY-NC,https://inaturalist-open-data.s3.amazonaws.com/photos/591342285/medium.jpg,"Avon Loop at Weston Rd, York, ON M6N 2G8, Canada",43.6813502788,-79.4787696004,5.0,Canada Goose
14581,2025-07-01,CC-BY-NC,https://inaturalist-open-data.s3.amazonaws.com/photos/542953554/medium.jpg,"South Riverdale, Toronto, ON, Canada",43.6397771192,-79.3223081376,917.0,Red-winged Blackbird
10064,2025-05-14,CC-BY-NC,https://inaturalist-open-data.s3.amazonaws.com/photos/506601526/medium.jpg,"James Gardens 99 Edenbridge Dr, Etobicoke, ON M9A 3G4, Canada",43.6716852,-79.5142997,182.0,Red-winged Blackbird
18296,2025-09-26,CC-BY-NC,https://inaturalist-open-data.s3.amazonaws.com/photos/572899587/medium.jpg,"L'Amoreaux West, ON M1W 0B2, Canada",43.7946779,-79.3272163,13.0,Feral Pigeon
13048,2025-06-23,CC-BY-NC,https://inaturalist-open-data.s3.amazonaws.com/photos/526264246/medium.jpg,"Toronto Zoo, Toronto, ON, CA",43.8232166667,-79.1829916667,4.0,Barn Swallow
20181,2025-10-21,CC-BY-NC,https://inaturalist-open-data.s3.amazonaws.com/photos/583434667/medium.jpg,"Bayview Village, Toronto, ON, Canada",43.777636267,-79.3704431046,61.0,White-throated Sparrow
19266,2025-10-08,CC-BY-NC,https://inaturalist-open-data.s3.amazonaws.com/photos/579249211/medium.jpg,"Bayview Village, Toronto, ON, Canada",43.777636267,-79.3704431046,381.0,Wood Duck
510,2025-01-11,CC-BY-NC,https://inaturalist-open-data.s3.amazonaws.com/photos/463438731/medium.jpeg,Toronto--Lake Crescent Park,43.6074596857,-79.4881254807,177.0,Long-tailed Duck
18097,2025-08-31,CC-BY-NC,https://inaturalist-open-data.s3.amazonaws.com/photos/571939646/medium.jpg,"Ontario, CA",43.6416625109,-79.0967647268,11.0,Downy Woodpecker
14565,2025-07-25,CC-BY,,"Ontario, CA",43.6998141134,-79.4202004159,5.0,Northern Cardinal
3755,2025-03-24,CC-BY-NC,https://inaturalist-open-data.s3.amazonaws.com/photos/479464435/medium.jpg,"Bob Acton Park, Toronto, ON, CA",43.686855,-79.29387,10.0,Cooper's Hawk
1334,2025-01-31,CC-BY-NC,https://inaturalist-open-data.s3.amazonaws.com/photos/467693633/medium.jpeg,"The Kingsway, Etobicoke, ON, Canada",43.6482116955,-79.5119447933,244.0,European Starling
20226,2025-10-15,CC-BY-NC,https://inaturalist-open-data.s3.amazonaws.com/photos/583738885/medium.jpg,"Rouge Marsh, Toronto, ON, Canada",43.7931054983,-79.1205471753,35.0,Wood Duck
16146,2025-08-20,CC-BY-NC,https://inaturalist-open-data.s3.amazonaws.com/photos/558151148/medium.jpg,"Rosetta McClain Gardens, 5 Glen Everest Rd, Scarborough, ON M1N 1J2, Canada",43.6968253,-79.2557466,193.0,Baltimore Oriole
19951,2025-10-19,CC-BY-NC,https://inaturalist-open-data.s3.amazonaws.com/photos/582297556/medium.jpg,"73 Cardiff Rd, North York, ON M4P 2P4, Canada",43.713027,-79.3841394,179.0,Dark-eyed Junco
2514,2025-02-24,CC-BY-NC,https://inaturalist-open-data.s3.amazonaws.com/photos/473345565/medium.jpeg,"Rouge Beach, Toronto, ON, Canada",43.7944416857,-79.1174610026,15.0,Trumpeter Swan
10441,2025-05-20,CC-BY-NC,https://inaturalist-open-data.s3.amazonaws.com/photos/508736697/medium.jpg,"Colonel  Samuel Smith Park, Toronto, ON, Canada",43.5906511232,-79.5131823425,683.0,Grey Catbird
3231,2025-03-14,,https://static.inaturalist.org/photos/476589888/medium.jpg,"York University Heights, North York, ON, Canada",43.7709666333,-79.5071577169,31.0,Mallard
3015,2025-03-08,CC-BY-NC,https://inaturalist-open-data.s3.amazonaws.com/photos/475926078/medium.jpg,"Humber Bay Shores, Etobicoke, ON, Canada",43.6213686639,-79.4809827164,82.0,Hooded Merganser
6548,2025-04-25,CC-BY-NC,https://inaturalist-open-data.s3.amazonaws.com/photos/491979888/medium.jpeg,"Colonel  Samuel Smith Park, Toronto, ON, Canada",43.5906511232,-79.5131823425,683.0,Tree Swallow
2107,2025-02-21,CC-BY-NC,https://inaturalist-open-data.s3.amazonaws.com/photos/471684789/medium.jpg,"Bayview Village, Toronto, ON, Canada",43.777636267,-79.3704431046,61.0,Downy Woodpecker
9340,2025-05-10,,https://static.inaturalist.org/photos/503011645/medium.jpeg,"Cliffside, Scarborough, ON, Canada",43.7074314546,-79.2394348729,4.0,Northern Parula
11615,2025-06-03,CC-BY-NC,https://inaturalist-open-data.s3.amazonaws.com/photos/515264952/medium.jpg,"Whistle Post St, Toronto, ON, CA",43.6872433333,-79.2950409902,16.0,Swainson's Thrush
22942,2025-12-19,CC-BY-NC,https://inaturalist-open-data.s3.amazonaws.com/photos/601001548/medium.jpg,"Cardiff Rd, Toronto, ON, CA",43.7129959,-79.3841547,39.0,House Finch
776,2025-01-17,CC-BY-NC,https://inaturalist-open-data.s3.amazonaws.com/photos/464516866/medium.jpg,"Downsview, Toronto, ON, Canada",43.743060288,-79.4820398432,266.0,Black-capped Chickadee
15048,2025-07-29,CC-BY-NC,https://inaturalist-open-data.s3.amazonaws.com/photos/547609153/medium.jpg,"East York, ON M4B 2P6, Canada",43.7053351238,-79.301402159,178.0,Black-capped Chickadee
10369,2025-05-19,CC-BY-NC,https://inaturalist-open-data.s3.amazonaws.com/photos/508306228/medium.jpg,"Bayview Village, Toronto, ON, Canada",43.777636267,-79.3704431046,238.0,Common Grackle
23761,2025-10-01,CC-BY,https://inaturalist-open-data.s3.amazonaws.com/photos/608240708/medium.jpg,"South Riverdale, Toronto, ON, Canada",43.6597014603,-79.3066450967,12.0,Ruby-crowned Kinglet
6589,2025-04-25,CC-BY-NC,https://inaturalist-open-data.s3.amazonaws.com/photos/492057035/medium.jpeg,"Colonel  Samuel Smith Park, Toronto, ON, Canada",43.5906511232,-79.5131823425,683.0,Ruby-crowned Kinglet
22982,2025-12-11,CC-BY-NC,https://inaturalist-open-data.s3.amazonaws.com/photos/601399734/medium.jpg,"Humbermede, North York, ON, Canada",43.7332206008,-79.5446289372,4.0,Fox Sparrow
16376,2025-08-29,CC-BY-NC,https://inaturalist-open-data.s3.amazonaws.com/photos/559667727/medium.jpg,"Bayview Village, Toronto, ON, Canada",43.777636267,-79.3704431046,317.0,Magnolia Warbler
23249,2025-05-14,CC-BY,https://inaturalist-open-data.s3.amazonaws.com/photos/602842529/medium.jpg,"Toronto, ON, Canada",43.663097914,-79.3044290929,164.0,Lesser Black-backed Gull
14962,2025-08-03,CC-BY-NC,,"Ontario, CA",43.7010328216,-79.5882730227,20.0,Hairy Woodpecker
6227,2025-04-25,CC-BY-NC,https://inaturalist-open-data.s3.amazonaws.com/photos/491622242/medium.jpg,"Great Lakes Waterfront Tr, Toronto, ON, CA",43.6368576829,-79.3934389019,10.0,Canada Goose
12068,2025-06-07,,https://static.inaturalist.org/photos/517293907/medium.jpg,"Finch Ave W, Toronto, ON, CA",43.7680427015,-79.4708286913,10.0,Tree Swallow
2038,2025-01-13,,https://static.inaturalist.org/photos/471292146/medium.jpeg,"Toronto, ON, Canada",43.7175142939,-79.2211259902,603.0,White-winged Scoter
7156,2025-04-27,,https://static.inaturalist.org/photos/494708872/medium.jpg,"Flemingdon Park, Toronto, ON, CA",43.7148866667,-79.3420033333,10.0,Yellow-rumped Warbler
12915,2025-06-21,,https://static.inaturalist.org/photos/524732202/medium.jpg,"Cherry St, Toronto, ON, CA",43.6438833333,-79.3526466667,5.0,Great Egret
21910,2025-11-22,CC-BY-NC,https://inaturalist-open-data.s3.amazonaws.com/photos/593740832/medium.jpg,"High Park-Swansea, Toronto, ON, Canada",43.6425447288,-79.4687614637,79.0,Common Merganser
5868,2025-04-22,CC-BY-NC,https://inaturalist-open-data.s3.amazonaws.com/photos/490001900/medium.jpg,"Nipigon Ave, Toronto, ON, CA",43.7983344543,-79.4159641057,184.0,Ruby-crowned Kinglet
18347,2025-09-26,CC-BY-NC,https://inaturalist-open-data.s3.amazonaws.com/photos/573029174/medium.jpg,"Toronto, ON, CA",43.739809436,-79.4829416985,349.0,Killdeer
12716,2025-05-16,,https://static.inaturalist.org/photos/522711134/medium.jpg,"Birch Cliff, Scarborough, ON, Canada",43.6963414071,-79.2553409105,4.0,Philadelphia Vireo
16001,2025-08-24,CC-BY-NC,https://inaturalist-open-data.s3.amazonaws.com/photos/557141717/medium.jpg,"Tommy Thompson Park, Toronto, ON, CA",43.6281045131,-79.3244733038,34.0,Great Egret
14799,2025-07-28,CC-BY-NC,https://inaturalist-open-data.s3.amazonaws.com/photos/545190523/medium.jpg,"Rykert Cres, Toronto, ON, CA",43.7172541255,-79.3577345467,494.0,Northern Cardinal
6902,2025-04-26,CC-BY-NC,https://inaturalist-open-data.s3.amazonaws.com/photos/493743535/medium.jpeg,"Colonel  Samuel Smith Park, Toronto, ON, Canada",43.5906511232,-79.5131823425,683.0,Double-crested Cormorant
6590,2025-04-25,CC-BY-NC,https://inaturalist-open-data.s3.amazonaws.com/photos/492057145/medium.jpeg,"Colonel  Samuel Smith Park, Toronto, ON, Canada",43.5906511232,-79.5131823425,683.0,White-throated Sparrow
22136,2025-11-27,,https://static.inaturalist.org/photos/595398726/medium.jpg,"Ashbridges Bay, Toronto, ON, CA",43.6591517695,-79.3126365404,101.0,Hooded Merganser
17209,2025-09-10,CC-BY-NC,https://inaturalist-open-data.s3.amazonaws.com/photos/566661903/medium.jpg,"Colonel  Samuel Smith Park, Toronto, ON, Canada",43.5906511232,-79.5131823425,683.0,Eastern Phoebe
23930,2025-06-28,CC-BY,https://inaturalist-open-data.s3.amazonaws.com/photos/614895457/medium.jpg,"Bayview Village, North York, ON, Canada",43.7880658623,-79.3749396126,33.0,Great Blue Heron
165,2025-01-03,CC-BY-NC,https://inaturalist-open-data.s3.amazonaws.com/photos/461995165/medium.jpeg,"Colonel  Samuel Smith Park, Toronto, ON, Canada",43.5906511232,-79.5131823425,683.0,White-throated Sparrow
11664,2025-05-20,CC-BY-NC,https://inaturalist-open-data.s3.amazonaws.com/photos/515418409/medium.jpg,"South Riverdale, Toronto, ON, Canada",43.6494350974,-79.3236529907,115.0,Warbling Vireo
23832,2025-06-15,CC-BY-NC,https://inaturalist-open-data.s3.amazonaws.com/photos/610804749/medium.jpg,"South Riverdale, Toronto, ON, Canada",43.6260367365,-79.3309585794,2.0,American Herring Gull
13247,2025-06-27,CC-BY-NC,https://inaturalist-open-data.s3.amazonaws.com/photos/528048181/medium.jpg,"Rouge, Scarborough, ON, Canada",43.8287658979,-79.1892324547,163.0,Trumpeter Swan
11353,2025-05-23,CC-BY-NC,https://inaturalist-open-data.s3.amazonaws.com/photos/513480025/medium.jpg,"Rouge Marsh, Toronto, ON, Canada",43.7930998613,-79.1196654139,75.0,Turkey Vulture
23874,2025-02-13,,https://static.inaturalist.org/photos/611913928/medium.jpg,"Greater Vancouver, BC, CA",43.6915987953,-79.3421024453,6.0,Great Blue Heron
6545,2025-04-25,CC-BY-NC,https://inaturalist-open-data.s3.amazonaws.com/photos/491972910/medium.jpeg,"Colonel  Samuel Smith Park, Toronto, ON, Canada",43.5906511232,-79.5131823425,683.0,Mute Swan
3786,2025-03-24,CC-BY-NC,https://inaturalist-open-data.s3.amazonaws.com/photos/479566717/medium.jpg,"Toronto, ON, Canada",43.6566094643,-79.3127775572,527.0,Lesser Scaup
20007,2025-10-17,CC-BY-NC,https://inaturalist-open-data.s3.amazonaws.com/photos/582706851/medium.jpg,"Bayview Village, Toronto, ON, Canada",43.777636267,-79.3704431046,61.0,American Goldfinch
20212,2025-10-15,CC-BY-NC,https://inaturalist-open-data.s3.amazonaws.com/photos/583639018/medium.jpg,"Rouge Marsh, Toronto, ON, Canada",43.7943595863,-79.1196148797,10.0,Greater Yellowlegs
4461,2025-04-08,CC-BY-NC,https://inaturalist-open-data.s3.amazonaws.com/photos/484373376/medium.jpeg,"73 Cardiff Rd, North York, ON M4P 2P4, Canada",43.713027,-79.3841394,179.0,Downy Woodpecker
13818,2025-07-08,CC-BY-NC,https://inaturalist-open-data.s3.amazonaws.com/photos/534141681/medium.jpg,"Banbury-Don Mills, North York, ON, Canada",43.7301447397,-79.3556494868,704.0,American Goldfinch
4590,2025-04-06,CC-BY-NC,https://inaturalist-open-data.s3.amazonaws.com/photos/485145962/medium.jpg,"Colonel Samuel Smith Park Dr, Toronto, ON, CA",43.5924001236,-79.5155332875,41.0,Eastern Phoebe
12634,2025-06-15,CC-BY-NC,https://inaturalist-open-data.s3.amazonaws.com/photos/522000450/medium.jpg,"Lower Reesor Pond, Toronto, ON M1B 5W5, Canada",43.8280937,-79.1899396,175.0,Pied-billed Grebe
15357,2025-06-19,CC-BY-NC,https://inaturalist-open-data.s3.amazonaws.com/photos/550034199/medium.jpg,"Cliffside, Scarborough, ON, Canada",43.7042174367,-79.2363378662,8.0,Orchard Oriole
3235,2025-03-14,CC-BY-NC,https://inaturalist-open-data.s3.amazonaws.com/photos/476596616/medium.jpg,"E Don River Trail, Toronto, ON, CA",43.7343413299,-79.3300418406,117.0,Mallard
21678,2025-11-16,CC-BY-NC,https://inaturalist-open-data.s3.amazonaws.com/photos/592036498/medium.jpg,"High Park-Swansea, Toronto, ON, Canada",43.6464561,-79.4654509044,8.0,Red-tailed Hawk
19812,2025-10-17,,https://static.inaturalist.org/photos/581429692/medium.jpg,"Corktown Common, Toronto, ON, CA",43.6542083333,-79.3519883333,2.0,White-crowned Sparrow
18236,2025-09-26,CC-BY-NC,https://inaturalist-open-data.s3.amazonaws.com/photos/572467541/medium.jpg,"Woodbine Beach Dune Ecosystem , Toronto, ON, Canada",43.6608390848,-79.3079515792,4.0,Killdeer
9323,2025-05-10,CC-BY-NC,https://inaturalist-open-data.s3.amazonaws.com/photos/502959465/medium.jpeg,"Mt Pleasant Rd at Mt Pleasant Cemetery, Toronto, ON M4T 2V8, Canada",43.6959652575,-79.3846716732,190.0,Nashville Warbler
17656,2025-09-19,CC-BY-NC,https://inaturalist-open-data.s3.amazonaws.com/photos/569235482/medium.jpg,"Bayview Village, Toronto, ON, Canada",43.777636267,-79.3704431046,61.0,Mallard
5930,2025-04-23,CC-BY-NC,https://inaturalist-open-data.s3.amazonaws.com/photos/490343345/medium.jpg,"Bayview Village, North York, ON, Canada",43.7803203553,-79.3893374844,48.0,Dark-eyed Junco
5645,2025-04-20,CC-BY-NC,https://inaturalist-open-data.s3.amazonaws.com/photos/489112035/medium.jpeg,"Leaside-Bennington, Toronto, ON, Canada",43.7198467716,-79.3546410859,2.0,White-throated Sparrow
16224,2025-08-27,CC-BY-NC,https://inaturalist-open-data.s3.amazonaws.com/photos/558861887/medium.jpg,"Rosetta McClain Gardens, 5 Glen Everest Rd, Scarborough, ON M1N 1J2, Canada",43.6968253,-79.2557466,193.0,American Redstart
10819,2025-05-25,CC-BY-NC,https://inaturalist-open-data.s3.amazonaws.com/photos/510570165/medium.jpg,"High Park-Swansea, Toronto, ON, Canada",43.6486080579,-79.4675240718,61.0,Blue-grey Gnatcatcher
15364,2025-08-09,CC-BY-NC,https://inaturalist-open-data.s3.amazonaws.com/photos/550089647/medium.jpg,"Flerimac Rd, Toronto, ON, CA",43.7735333333,-79.1691966667,5.0,Turkey Vulture
542,2025-01-09,CC-BY-NC,https://inaturalist-open-data.s3.amazonaws.com/photos/463517019/medium.jpeg,"Colonel  Samuel Smith Park, Toronto, ON, Canada",43.5906511232,-79.5131823425,683.0,Greater Scaup
10844,2025-05-25,CC-BY-NC,https://inaturalist-open-data.s3.amazonaws.com/photos/510610800/medium.jpg,"Toronto, CA-ON, CA",43.7703425581,-79.502123259,39.0,House Sparrow
4552,2025-04-09,CC-BY-NC,https://inaturalist-open-data.s3.amazonaws.com/photos/484845236/medium.jpg,"Bayview Village, North York, ON, Canada",43.7815270207,-79.3885357902,219.0,Dark-eyed Junco
2983,2025-03-11,,https://static.inaturalist.org/photos/475793518/medium.jpg,"Trolley Cres, Toronto, ON, CA",43.656795,-79.3552633333,6.0,Mourning Dove
16283,2025-08-24,CC-BY-NC,https://inaturalist-open-data.s3.amazonaws.com/photos/559228298/medium.jpg,"Bayview Village, Toronto, ON, Canada",43.777636267,-79.3704431046,61.0,American Goldfinch
7202,2025-04-28,CC-BY-NC,https://inaturalist-open-data.s3.amazonaws.com/photos/495170594/medium.jpg,"Don Mills Rd, Toronto, ON, CA",43.7623150352,-79.3472486855,39.0,Northern Cardinal
4872,2025-04-14,CC-BY-NC,https://inaturalist-open-data.s3.amazonaws.com/photos/486429087/medium.jpg,"Ashbridge's Bay Park, Toronto, ON, Canada",43.6572052229,-79.3056210528,4.0,American Robin
8158,2025-04-30,CC-BY-NC,https://inaturalist-open-data.s3.amazonaws.com/photos/499399981/medium.jpg,"Bayview Village, North York, ON, Canada",43.7813178772,-79.3882675693,219.0,American Goldfinch
6181,2025-04-25,CC-BY-NC,https://inaturalist-open-data.s3.amazonaws.com/photos/491512154/medium.jpg,"Queens Quay W, Toronto, ON, CA",43.6370560513,-79.3938354327,13.0,Ruby-crowned Kinglet
11442,2025-06-01,CC-BY-NC,https://inaturalist-open-data.s3.amazonaws.com/photos/514221747/medium.jpg,"Bayview Village, North York, ON, Canada",43.7879969381,-79.3749563021,60.0,Red-winged Blackbird
13117,2025-06-25,CC-BY,https://inaturalist-open-data.s3.amazonaws.com/photos/526890029/medium.jpg,"High Park-Swansea, Toronto, ON, Canada",43.65179439,-79.46464624,30.0,White-breasted Nuthatch
13826,2025-07-08,CC-BY-NC,https://inaturalist-open-data.s3.amazonaws.com/photos/534141808/medium.jpg,"Banbury-Don Mills, North York, ON, Canada",43.7301447397,-79.3556494868,704.0,Red-bellied Woodpecker
14254,2025-07-19,,https://static.inaturalist.org/photos/539197071/medium.jpg,"Broadview North, East York, ON, Canada",43.6946390182,-79.3580975894,15.0,Great Blue Heron
12600,2025-06-14,CC-BY-NC,https://inaturalist-open-data.s3.amazonaws.com/photos/521469625/medium.jpg,"Queen St East at Carroll St, Toronto, ON M4M 1G5, Canada",43.6583197907,-79.3516748026,4.0,Feral Pigeon
7002,2025-04-27,,https://static.inaturalist.org/photos/494195856/medium.jpg,"Lanor Ave, Toronto, ON, CA",43.6114466284,-79.5346664172,8.0,American Robin
4994,2025-04-15,CC-BY-NC,https://inaturalist-open-data.s3.amazonaws.com/photos/486738025/medium.jpg,"Bayview Village, Toronto, ON, Canada",43.777636267,-79.3704431046,61.0,Canada Goose
6438,2025-04-25,CC-BY-NC,https://inaturalist-open-data.s3.amazonaws.com/photos/491841657/medium.jpg,"Rosetta McClain Gardens, 5 Glen Everest Rd, Scarborough, ON M1N 1J2, Canada",43.6968253,-79.2557466,193.0,Hermit Thrush
12784,2025-06-18,CC-BY-NC,https://inaturalist-open-data.s3.amazonaws.com/photos/523174768/medium.jpg,"Lower Reesor Pond, Toronto, ON M1B 5W5, Canada",43.8280937,-79.1899396,175.0,Pied-billed Grebe
7816,2025-05-01,CC0,https://inaturalist-open-data.s3.amazonaws.com/photos/498150382/medium.jpeg,"Rosedale, Toronto, ON, Canada",43.67380345,-79.3858824224,4.0,Northern Cardinal
3478,2025-03-16,,https://static.inaturalist.org/photos/477806076/medium.jpeg,"MM4R+GR, Toronto, ON M4L 3W6, Canada",43.6567307456,-79.3045061454,103.0,Harlequin Duck
5912,2025-04-23,CC-BY-NC,https://inaturalist-open-data.s3.amazonaws.com/photos/490324947/medium.jpg,"Colonel Samuel Smith Park Dr, Toronto, ON, CA",43.5913083333,-79.514,14.0,Tree Swallow
6079,2025-04-24,CC-BY-NC,,"Toronto, CA-ON, CA",43.6700991469,-79.3668333068,4.0,Field Sparrow
11132,2025-05-27,CC-BY-NC,https://inaturalist-open-data.s3.amazonaws.com/photos/511986126/medium.jpg,"Bayview Village, North York, ON, Canada",43.7803395331,-79.3845103656,31.0,Red-eyed Vireo
4928,2025-04-12,CC-BY-NC,https://inaturalist-open-data.s3.amazonaws.com/photos/486482994/medium.jpg,"Centreville Amusement Park, Toronto, ON, CA",43.6188916667,-79.373025,12.0,Red-breasted Merganser
5469,2025-04-20,CC-BY-NC,https://inaturalist-open-data.s3.amazonaws.com/photos/488883991/medium.jpg,"High Park Tr, Toronto, ON, CA",43.6439879807,-79.4682531615,46.0,Canada Goose
22359,2025-12-04,CC-BY-NC,https://inaturalist-open-data.s3.amazonaws.com/photos/597374186/medium.jpg,"The Kingsway, Etobicoke, ON, Canada",43.6474981197,-79.5116736492,976.0,Dark-eyed Junco
15180,2025-08-07,,https://static.inaturalist.org/photos/549038377/medium.jpg,"Toronto, CA-ON, CA",43.6371639252,-79.4585031644,6.0,Red-winged Blackbird
2770,2025-02-19,CC-BY-NC,https://inaturalist-open-data.s3.amazonaws.com/photos/475017281/medium.jpeg,"The Queensway – Humber Bay, Etobicoke, ON, Canada",43.6228701326,-79.4777143027,131.0,Trumpeter Swan
13528,2025-06-15,CC-BY-NC,https://inaturalist-open-data.s3.amazonaws.com/photos/531063549/medium.jpg,"Colonel Samuel Smith Park Dr, Toronto, ON, CA",43.5902747566,-79.5151811334,22.0,Northern Cardinal
12187,2025-05-30,CC-BY-NC,https://inaturalist-open-data.s3.amazonaws.com/photos/518115896/medium.jpg,"Colonel  Samuel Smith Park, Toronto, ON, Canada",43.5906511232,-79.5131823425,683.0,Mallard
22816,2025-12-16,CC-BY-NC,https://inaturalist-open-data.s3.amazonaws.com/photos/600538720/medium.jpg,"High Park-Swansea, Toronto, ON, Canada",43.6506158459,-79.4629784249,4.0,Mourning Dove
19649,2025-10-15,CC-BY-NC,https://inaturalist-open-data.s3.amazonaws.com/photos/580760653/medium.jpg,"Bayview Woods-Steeles, North York, ON, Canada",43.7994951897,-79.3825163691,933.0,Great Blue Heron
10788,2025-05-25,,https://static.inaturalist.org/photos/510511771/medium.jpg,"Corktown Common, Toronto, ON, CA",43.6542466667,-79.3519966667,10.0,Warbling Vireo
10098,2025-05-18,,https://static.inaturalist.org/photos/506953447/medium.jpg,"Flemingdon Park, Toronto, ON, CA",43.7148783333,-79.341705,6.0,Magnolia Warbler
330,2025-01-08,CC-BY-NC,https://inaturalist-open-data.s3.amazonaws.com/photos/462609116/medium.jpg,"Bridle Path-Sunnybrook-York Mills, Toronto, ON, Canada",43.7300831444,-79.3577562816,507.0,House Finch
16669,2025-09-04,,https://static.inaturalist.org/photos/562487970/medium.jpg,"Corktown Common, Toronto, ON, CA",43.6531916667,-79.3528833333,7.0,Eastern Wood-Pewee
9581,2025-05-13,CC-BY-NC,https://inaturalist-open-data.s3.amazonaws.com/photos/504378787/medium.jpeg,"Toronto, ON, Canada",43.6561373097,-79.3073138454,31.0,Glaucous Gull
21317,2025-11-08,CC-BY-NC,https://inaturalist-open-data.s3.amazonaws.com/photos/590454011/medium.jpg,"Bayview Village, Toronto, ON, Canada",43.777636267,-79.3704431046,61.0,Brown Creeper
686,2025-01-11,CC-BY-NC,https://inaturalist-open-data.s3.amazonaws.com/photos/464203694/medium.jpeg,"The Kingsway, Etobicoke, ON, Canada",43.6477693307,-79.5120820731,244.0,European Starling
9989,2025-05-16,CC-BY,https://static.inaturalist.org/photos/506325991/medium.jpg,centre island,43.618534,-79.373833,432.0,Olive-sided Flycatcher
23690,2025-07-05,CC-BY-NC,https://inaturalist-open-data.s3.amazonaws.com/photos/606041774/medium.jpg,"Leaside-Bennington, Toronto, ON, Canada",43.6878073795,-79.366423723,22.0,Eastern Phoebe
5057,2025-04-13,CC-BY-NC-ND,https://inaturalist-open-data.s3.amazonaws.com/photos/487132338/medium.jpg,"South Riverdale, Toronto, ON, Canada",43.6327281563,-79.3236607159,15.0,Neotropic Cormorant
15837,2025-08-15,CC-BY-NC,https://inaturalist-open-data.s3.amazonaws.com/photos/555097885/medium.jpg,"Bayview Village, North York, ON, Canada",43.7800129433,-79.3748474121,650.0,Ruby-throated Hummingbird
3697,2025-03-23,CC-BY-NC,https://inaturalist-open-data.s3.amazonaws.com/photos/478925525/medium.jpg,"Walmsley Blvd, Toronto, ON, CA",43.6925783333,-79.3997283333,13.0,American Robin
11775,2025-06-01,CC-BY-NC,https://inaturalist-open-data.s3.amazonaws.com/photos/515800420/medium.jpg,"Rouge, Scarborough, ON, Canada",43.8058654475,-79.1365666221,53.0,American Goldfinch
13874,2025-07-11,CC-BY-NC,https://inaturalist-open-data.s3.amazonaws.com/photos/534853668/medium.jpg,"Woodbine Beach Dune ecosystem , Toronto, ON, Canada",43.6604047184,-79.3073652304,4.0,Cedar Waxwing
8769,2025-04-27,CC-BY-NC,https://inaturalist-open-data.s3.amazonaws.com/photos/501212252/medium.jpeg,"Colonel  Samuel Smith Park, Toronto, ON, Canada",43.5906511232,-79.5131823425,683.0,White-throated Sparrow
18738,2025-09-30,,https://static.inaturalist.org/photos/575731190/medium.jpg,"Corktown Common, Toronto, ON, CA",43.6539,-79.35202,12.0,Red-breasted Nuthatch
14037,2025-07-14,CC-BY-NC,https://inaturalist-open-data.s3.amazonaws.com/photos/536660057/medium.jpg,"North York General Hospital, Toronto, ON, CA",43.7686757431,-79.361372871,5.0,Grey Catbird
17310,2025-09-12,CC-BY-NC,https://inaturalist-open-data.s3.amazonaws.com/photos/567307232/medium.jpg,"Toronto, ON, CA",43.7149366667,-79.4651716667,3.0,Cooper's Hawk
318,2025-01-08,CC-BY-NC,https://inaturalist-open-data.s3.amazonaws.com/photos/462586697/medium.jpg,"Bridle Path-Sunnybrook-York Mills, Toronto, ON, Canada",43.7302735317,-79.3571613691,418.0,Hairy Woodpecker
20171,2025-10-22,CC-BY-NC,https://inaturalist-open-data.s3.amazonaws.com/photos/583429775/medium.jpg,"Bayview Village, Toronto, ON, Canada",43.777636267,-79.3704431046,61.0,Northern Cardinal
8283,2025-04-28,CC-BY-NC,https://inaturalist-open-data.s3.amazonaws.com/photos/499690498/medium.jpeg,"Colonel  Samuel Smith Park, Toronto, ON, Canada",43.5906511232,-79.5131823425,683.0,Red-necked Grebe
17803,2025-09-18,CC0,https://inaturalist-open-data.s3.amazonaws.com/photos/570092976/medium.jpg,"Ontario, CA",43.6711684473,-79.2531710607,39.0,Swainson's Thrush
22198,2025-11-29,CC-BY-NC,https://inaturalist-open-data.s3.amazonaws.com/photos/595932401/medium.jpg,"Bayview Village, North York, ON, Canada",43.780114422,-79.3723670795,805.0,Dark-eyed Junco
8856,2025-04-27,CC-BY-NC,https://inaturalist-open-data.s3.amazonaws.com/photos/501410064/medium.jpeg,"Colonel  Samuel Smith Park, Toronto, ON, Canada",43.5906511232,-79.5131823425,683.0,Song Sparrow
21536,2025-11-13,CC-BY-NC,https://inaturalist-open-data.s3.amazonaws.com/photos/591313571/medium.jpg,"Bayview Village, North York, ON, Canada",43.7820227937,-79.3747671207,685.0,Northern Cardinal
607,2025-01-07,CC-BY-NC,https://inaturalist-open-data.s3.amazonaws.com/photos/463756929/medium.jpeg,"Colonel  Samuel Smith Park, Toronto, ON, Canada",43.5906511232,-79.5131823425,683.0,Greater Scaup
13237,2025-06-23,,https://static.inaturalist.org/photos/527837447/medium.jpg,"Lagoon Rd, Toronto, ON, CA",43.6178135639,-79.3746076059,3.0,Red-winged Blackbird
3610,2025-03-18,CC-BY-NC,https://inaturalist-open-data.s3.amazonaws.com/photos/478365035/medium.jpeg,"Scarborough, ON M1H 2M9, Canada",43.7696331743,-79.2496616766,96.0,Red-breasted Nuthatch
7394,2025-04-28,CC-BY-NC,https://inaturalist-open-data.s3.amazonaws.com/photos/496221723/medium.jpg,"Bayview Village, North York, ON, Canada",43.7815652658,-79.388346418,292.0,Song Sparrow
20888,2025-11-03,CC-BY-NC,https://inaturalist-open-data.s3.amazonaws.com/photos/587966867/medium.jpg,"South Riverdale, Toronto, ON, Canada",43.6462078836,-79.3246415835,8.0,Northern Mockingbird
3353,2025-03-16,CC-BY-NC,https://inaturalist-open-data.s3.amazonaws.com/photos/477204716/medium.jpeg,"73 Cardiff Rd, North York, ON M4P 2P4, Canada",43.713027,-79.3841394,179.0,Downy Woodpecker
3189,2025-03-13,,https://static.inaturalist.org/photos/476407502/medium.jpg,"High Park, Toronto, ON, CA",43.6433633333,-79.466155,8.0,Canada Goose
886,2025-01-12,CC-BY-NC,https://inaturalist-open-data.s3.amazonaws.com/photos/464862700/medium.jpeg,"Colonel  Samuel Smith Park, Toronto, ON, Canada",43.5906511232,-79.5131823425,683.0,Gadwall
10059,2025-05-14,CC-BY-NC,https://inaturalist-open-data.s3.amazonaws.com/photos/506600567/medium.jpg,"James Gardens 99 Edenbridge Dr, Etobicoke, ON M9A 3G4, Canada",43.6716852,-79.5142997,182.0,American Black Duck × Mallard
22645,2025-12-01,CC-BY-NC,https://inaturalist-open-data.s3.amazonaws.com/photos/598842623/medium.jpg,"Marine Parade Dr at Silver Moon Dr, Etobicoke, ON M8V 0E7, Canada",43.6234527768,-79.4771984965,86.0,Hooded Merganser
15640,2025-08-11,CC-BY-NC,https://inaturalist-open-data.s3.amazonaws.com/photos/553251424/medium.jpg,"Rouge Marsh, Toronto, ON, Canada",43.7934913779,-79.1204895696,100.0,American Goldfinch
13081,2025-06-25,CC-BY-NC,https://inaturalist-open-data.s3.amazonaws.com/photos/526653138/medium.jpg,"Lonsdale Rd, Toronto, ON, CA",43.6903116667,-79.4050616667,6.0,Downy Woodpecker
21028,2025-11-06,CC-BY-NC,https://inaturalist-open-data.s3.amazonaws.com/photos/588810981/medium.jpg,"Ashbridge's Bay Park, Toronto, ON, Canada",43.6570737131,-79.3075528635,15.0,Gadwall
8744,2025-05-06,CC-BY-NC,https://inaturalist-open-data.s3.amazonaws.com/photos/501123626/medium.jpeg,"Tommy Thompson Park, Toronto, ON, Canada",43.649594711,-79.3241538985,61.0,Red-breasted Nuthatch
19326,2025-10-10,CC-BY-NC,https://inaturalist-open-data.s3.amazonaws.com/photos/579522418/medium.jpg,"Bayview Village, Toronto, ON, Canada",43.777636267,-79.3704431046,61.0,Northern Parula
17937,2025-08-18,CC-BY,https://inaturalist-open-data.s3.amazonaws.com/photos/570888554/medium.jpg,"Port Lands, Toronto, ON, Canada",43.6452166524,-79.3465393532,15.0,American Goldfinch
23096,2025-02-24,CC-BY-NC,https://inaturalist-open-data.s3.amazonaws.com/photos/602308191/medium.jpg,"Toronto, ON, Canada",43.6455024137,-79.3272640184,142.0,Tufted Duck
7442,2025-04-28,CC-BY-NC,https://inaturalist-open-data.s3.amazonaws.com/photos/496339856/medium.jpg,"Bayview Woods-Steeles, North York, ON, Canada",43.7973136935,-79.3844683076,52.0,Mallard
15101,2025-08-01,CC-BY-NC,https://inaturalist-open-data.s3.amazonaws.com/photos/547772655/medium.jpg,"Edenbridge-Humber Valley, Etobicoke, ON, Canada",43.669245,-79.511903,4.0,Great Blue Heron
13398,2025-06-28,CC-BY-NC,https://inaturalist-open-data.s3.amazonaws.com/photos/529526274/medium.jpg,"Carl Hall Rd, Toronto, ON, CA",43.7491133333,-79.474595,8.0,Killdeer
22197,2025-11-29,CC-BY-NC,https://inaturalist-open-data.s3.amazonaws.com/photos/595931724/medium.jpg,"Bayview Village, Toronto, ON, Canada",43.777636267,-79.3704431046,61.0,American Robin
1727,2025-02-12,CC-BY-NC-ND,https://inaturalist-open-data.s3.amazonaws.com/photos/469879091/medium.jpeg,"Colonel Samuel Smith Park, 3145 Lake Shore Blvd W, Etobicoke, ON M8V 4B6, Canada",43.591398,-79.5133857,198.0,Greater Scaup
20295,2025-10-17,CC-BY-NC,https://inaturalist-open-data.s3.amazonaws.com/photos/584434733/medium.jpg,"Finch Ave West at Jane St East Side, Glenfield-Jane Heights, ON M3N 2K1, Canada",43.7573410993,-79.5169666037,105.0,European Starling
17648,2025-09-10,CC-BY-NC,https://inaturalist-open-data.s3.amazonaws.com/photos/569226830/medium.jpg,"Rosetta McClain Gardens, 5 Glen Everest Rd, Scarborough, ON M1N 1J2, Canada",43.6968253,-79.2557466,193.0,Red-tailed Hawk
14317,2025-07-20,CC-BY-NC,https://inaturalist-open-data.s3.amazonaws.com/photos/539850633/medium.jpg,"Woodbine Beach, Toronto, ON, Canada",43.661679762,-79.3065550839,15.0,Ring-billed Gull
11744,2025-06-03,CC-BY-NC,https://inaturalist-open-data.s3.amazonaws.com/photos/515671380/medium.jpg,"Cedar Trail and the Beare Wetlands Loop, Bottom of, Zoo Rd, Toronto, ON M1B 5W2, Canada",43.8224231,-79.1664536,185.0,Grey Catbird
15854,2025-06-13,CC-BY-NC,https://inaturalist-open-data.s3.amazonaws.com/photos/555312603/medium.jpg,"High Park-Swansea, Toronto, ON, Canada",43.6425827343,-79.4613480889,31.0,Brown-headed Cowbird
9074,2025-04-07,,https://static.inaturalist.org/photos/501857069/medium.jpg,"Queen St E, Toronto, ON, CA",43.672405,-79.289605,4.0,American Robin
6975,2025-04-27,,https://static.inaturalist.org/photos/494050151/medium.jpeg,"Mississauga, ON L4W 3W3, Canada",43.6473612921,-79.5946701989,133.0,Red-necked Grebe
19380,2025-10-10,CC0,https://inaturalist-open-data.s3.amazonaws.com/photos/579638996/medium.jpg,"Ontario, CA",43.7397812039,-79.2001156748,135.0,Eastern Phoebe
15125,2025-08-04,CC-BY-NC,https://inaturalist-open-data.s3.amazonaws.com/photos/548275799/medium.jpg,"Toronto, ON M6S 2W3, Canada",43.645583204,-79.4688843191,55.0,Blue-grey Gnatcatcher
19851,2025-10-18,,https://static.inaturalist.org/photos/581696021/medium.jpg,"Humber River Recreational Tr, Toronto, ON, CA",43.6523083637,-79.4982377527,4.0,Great Egret
23220,2025-05-16,CC-BY,https://inaturalist-open-data.s3.amazonaws.com/photos/602831954/medium.jpg,"High Park-Swansea, Toronto, ON, Canada",43.6463938809,-79.466255567,139.0,Olive-sided Flycatcher
17499,2025-09-17,CC-BY-NC,https://static.inaturalist.org/photos/568307894/medium.jpg,"South Riverdale, Toronto, ON, Canada",43.6519422307,-79.325271184,61.0,Palm Warbler
19329,2025-10-12,CC-BY-NC,https://inaturalist-open-data.s3.amazonaws.com/photos/579526154/medium.jpg,"Bayview Village, North York, ON, Canada",43.7816016785,-79.3720237567,427.0,White-throated Sparrow
7363,2025-04-28,,https://static.inaturalist.org/photos/496088739/medium.jpg,"Corktown Common, Toronto, ON, CA",43.6544216667,-79.3525466667,8.0,White-throated Sparrow
6516,2025-04-25,CC-BY-NC,https://inaturalist-open-data.s3.amazonaws.com/photos/491928994/medium.jpg,"Toronto, ON, Canada",43.694081704,-79.2564225199,474.0,Northern Flicker
3027,2025-03-08,CC-BY-NC,https://inaturalist-open-data.s3.amazonaws.com/photos/475926157/medium.jpg,"Humber Bay Shores, Etobicoke, ON, Canada",43.6174123359,-79.4775261249,29.0,House Sparrow
5544,2025-04-20,,https://static.inaturalist.org/photos/489058631/medium.jpg,"South Riverdale, Toronto, ON, Canada",43.6491965708,-79.3237503191,31.0,Brown-headed Cowbird
15600,2025-08-13,CC0,https://inaturalist-open-data.s3.amazonaws.com/photos/552803038/medium.jpg,"Ontario, CA",43.6662494277,-79.3584070692,480.0,Mallard
13487,2025-07-01,CC-BY-NC,https://inaturalist-open-data.s3.amazonaws.com/photos/530505066/medium.jpg,"Keele St, Toronto, ON, CA",43.7380033333,-79.4832466667,11.0,Killdeer
4455,2025-04-08,CC-BY-NC,https://inaturalist-open-data.s3.amazonaws.com/photos/484373329/medium.jpeg,"73 Cardiff Rd, North York, ON M4P 2P4, Canada",43.713027,-79.3841394,179.0,American Robin
20271,2025-10-24,CC-BY-NC,https://inaturalist-open-data.s3.amazonaws.com/photos/584097925/medium.jpg,"Ellesmere Rd, Toronto, ON, CA",43.7855088521,-79.1905602488,40.0,Red-tailed Hawk
14387,2025-07-22,CC-BY-NC,https://inaturalist-open-data.s3.amazonaws.com/photos/540824438/medium.jpg,"High Park-Swansea, Toronto, ON, Canada",43.6440131333,-79.4585288592,15.0,Ruby-throated Hummingbird
62,2025-01-02,CC-BY-NC,https://inaturalist-open-data.s3.amazonaws.com/photos/461544543/medium.jpg,"Bayview Village, North York, ON, Canada",43.7820974225,-79.3723670795,272.0,European Starling
8596,2025-05-05,,https://static.inaturalist.org/photos/500698760/medium.jpg,"Corktown Common, Toronto, ON, CA",43.6542333333,-79.3526083333,9.0,Black-and-white Warbler
4394,2025-04-07,CC-BY-NC,https://inaturalist-open-data.s3.amazonaws.com/photos/483914201/medium.jpeg,"High Park-Swansea, Toronto, ON, Canada",43.6480278133,-79.4703507006,70.0,Northern Cardinal
2173,2025-01-31,,https://static.inaturalist.org/photos/472127069/medium.jpg,"G. Ross Lord Park, Toronto, ON, CA",43.7764369,-79.46296385,918.0,Red-bellied Woodpecker
14706,2025-07-28,CC-BY-NC,https://inaturalist-open-data.s3.amazonaws.com/photos/544422779/medium.jpg,"Toronto, ON M5V 0K6, Canada",43.6373359621,-79.3951906264,6.0,House Sparrow
10119,2025-05-18,CC-BY,https://inaturalist-open-data.s3.amazonaws.com/photos/507095348/medium.jpg,"Toronto, CA-ON, CA",43.6661147,-79.3721405,217.0,American Robin
16331,2025-08-29,CC-BY-NC,https://inaturalist-open-data.s3.amazonaws.com/photos/559574038/medium.jpg,"Ashbridge's Bay Park, Toronto, ON, Canada",43.6567334723,-79.3052802536,8.0,Red-eyed Vireo
6113,2025-04-25,CC-BY-NC,https://inaturalist-open-data.s3.amazonaws.com/photos/491367438/medium.jpg,"Don Valley Brick Works, Toronto, ON, CA",43.6864696909,-79.367113011,3.0,Red-winged Blackbird
2837,2025-03-07,,https://static.inaturalist.org/photos/475404605/medium.jpeg,"South Riverdale, Toronto, ON, Canada",43.6262385927,-79.329617691,61.0,Trumpeter Swan
15377,2025-08-09,CC-BY-NC,https://inaturalist-open-data.s3.amazonaws.com/photos/550151941/medium.jpg,"Sherwood Park, Toronto, ON, Canada",43.7136269913,-79.3839524973,8.0,American Robin
21375,2025-11-11,CC-BY-NC,https://inaturalist-open-data.s3.amazonaws.com/photos/590748625/medium.jpg,"Bayview Village, Toronto, ON, Canada",43.777636267,-79.3704431046,61.0,White-throated Sparrow
7981,2025-05-02,CC-BY-NC,https://inaturalist-open-data.s3.amazonaws.com/photos/498849267/medium.jpeg,"The Beaches, Toronto, ON, Canada",43.6643291386,-79.3120027819,8.0,Wood Thrush
12282,2025-06-04,CC-BY-NC,https://inaturalist-open-data.s3.amazonaws.com/photos/519053654/medium.jpg,"Rouge Beach, Toronto, ON, Canada",43.7943080952,-79.1174703903,15.0,Ring-billed Gull
2621,2025-03-01,,https://static.inaturalist.org/photos/473644541/medium.jpg,"High Park-Swansea, Toronto, ON, Canada",43.6456659303,-79.4685547593,31.0,Black-capped Chickadee
8353,2025-05-03,CC-BY-NC,https://inaturalist-open-data.s3.amazonaws.com/photos/499814919/medium.jpeg,"North York, ON M3A 1E1, Canada",43.7428067276,-79.3204109743,18.0,House Sparrow
16786,2025-09-06,CC0,https://inaturalist-open-data.s3.amazonaws.com/photos/563147608/medium.jpg,"Gibraltar Point Beach, Toronto, ON M5J 2W2, Canada",43.6167931265,-79.3904910609,29.0,Bay-breasted Warbler
14031,2025-07-13,CC-BY-NC,https://inaturalist-open-data.s3.amazonaws.com/photos/536620481/medium.jpg,"Bayview Village, North York, ON, Canada",43.7815336559,-79.3884500319,154.0,Black-capped Chickadee
5886,2025-04-22,CC-BY-NC,https://inaturalist-open-data.s3.amazonaws.com/photos/490142014/medium.jpg,"Bayview Village, North York, ON, Canada",43.7799224784,-79.3695895534,426.0,Ruby-crowned Kinglet
8791,2025-05-06,,https://static.inaturalist.org/photos/501226621/medium.jpg,"Corktown Common, Toronto, ON, CA",43.65347,-79.351905,11.0,Myrtle Warbler
5045,2025-04-15,CC-BY,https://inaturalist-open-data.s3.amazonaws.com/photos/487069216/medium.png,"Toronto, ON, Canada",43.657843407,-79.3051534975,244.0,Harlequin Duck
7770,2025-04-30,CC-BY-NC,https://static.inaturalist.org/photos/498043032/medium.jpg,"Toronto Islands, Toronto, Ontario",43.623913,-79.395063,1.0,Scissor-tailed Flycatcher
1462,2025-02-07,,https://static.inaturalist.org/photos/468629899/medium.jpeg,"Toronto, ON M5S 3H7, Canada",43.6625656895,-79.3960516155,71.0,Red-tailed Hawk
15532,2025-07-09,CC-BY-NC,https://inaturalist-open-data.s3.amazonaws.com/photos/552168954/medium.jpg,"High Park-Swansea, Toronto, ON, Canada",43.642575,-79.467035,16.0,Leuconotopicus villosus
17510,2025-09-17,,https://static.inaturalist.org/photos/568379933/medium.jpg,"Corktown Common, Toronto, ON, CA",43.65492,-79.35215,44.0,Nashville Warbler
11806,2025-05-25,CC-BY-NC,https://inaturalist-open-data.s3.amazonaws.com/photos/515921895/medium.jpg,"South Riverdale, Toronto, ON, Canada",43.6617712015,-79.3068150239,15.0,Bonaparte's Gull
6285,2025-04-25,CC-BY,https://inaturalist-open-data.s3.amazonaws.com/photos/491683647/medium.jpeg,"Queens Quay West at Dan Leckie Way East Side, Toronto, ON M5V 3M8, Canada",43.63657012,-79.39611898,7.0,Long-tailed Duck
1038,2025-01-26,CC-BY-NC,https://inaturalist-open-data.s3.amazonaws.com/photos/466142755/medium.jpeg,"73 Cardiff Rd, North York, ON M4P 2P4, Canada",43.713027,-79.3841394,179.0,Northern Cardinal
18009,2025-09-23,CC-BY-NC,https://inaturalist-open-data.s3.amazonaws.com/photos/571514747/medium.jpg,"Woodbine Beach, Toronto, ON, Canada",43.6604985632,-79.3061274939,8.0,Ring-billed Gull
18859,2025-10-05,CC-BY-NC,https://inaturalist-open-data.s3.amazonaws.com/photos/576648929/medium.jpg,"Bayview Village, Toronto, ON, Canada",43.777636267,-79.3704431046,61.0,Bay-breasted Warbler
5754,2025-04-21,CC-BY-NC,https://inaturalist-open-data.s3.amazonaws.com/photos/489496932/medium.jpg,"E Don River Trail, Toronto, ON, CA",43.78308,-79.37628,4.0,Hairy Woodpecker
17105,2025-09-12,CC-BY-NC,https://inaturalist-open-data.s3.amazonaws.com/photos/565882034/medium.jpg,"Bayview Ave, Toronto, ON, CA",43.684455,-79.365495,3.0,House Sparrow
11864,2025-05-28,CC-BY-NC,https://inaturalist-open-data.s3.amazonaws.com/photos/516102211/medium.jpg,"Colonel  Samuel Smith Park, Toronto, ON, Canada",43.5906511232,-79.5131823425,683.0,Ring-billed Gull
16884,2025-09-08,CC-BY-NC,https://inaturalist-open-data.s3.amazonaws.com/photos/564242609/medium.jpg,"Yonge St, Toronto, ON, CA",43.6574434536,-79.3814343308,17.0,Feral Pigeon
9615,2025-05-04,CC-BY-NC-ND,https://inaturalist-open-data.s3.amazonaws.com/photos/504562100/medium.jpg,"Toronto, ON, Canada",43.5845521883,-79.5406628324,31.0,Iceland Gull
10573,2025-05-16,CC-BY-NC,https://inaturalist-open-data.s3.amazonaws.com/photos/509464589/medium.jpg,"Colonel  Samuel Smith Park, Toronto, ON, Canada",43.5906511232,-79.5131823425,683.0,Red-winged Blackbird
21693,2025-11-14,CC0,https://inaturalist-open-data.s3.amazonaws.com/photos/592054111/medium.jpg,"Dufferin Grove, Toronto, ON, Canada",43.6579206661,-79.4320953765,2.0,Red-tailed Hawk
13923,2025-06-29,CC-BY-NC,https://inaturalist-open-data.s3.amazonaws.com/photos/535257367/medium.jpg,"Colonel  Samuel Smith Park, Toronto, ON, Canada",43.5906511232,-79.5131823425,683.0,Ring-billed Gull
17047,2025-09-10,CC-BY-NC,https://inaturalist-open-data.s3.amazonaws.com/photos/565437082/medium.jpg,"Great Lakes Waterfront Tr, Toronto, ON, CA",43.744207006,-79.1922168062,4.0,Double-crested Cormorant
6466,2025-04-25,,https://static.inaturalist.org/photos/491872019/medium.jpg,"Humber Polytechnic, Toronto, ON, CA",43.7302633333,-79.60588,7.0,European Starling
23029,2025-10-24,CC-BY-NC,https://inaturalist-open-data.s3.amazonaws.com/photos/601823690/medium.jpg,"South Riverdale, Toronto, ON, Canada",43.6419773753,-79.3214580169,661.0,Pine Warbler
9630,2025-05-12,CC-BY-NC,https://inaturalist-open-data.s3.amazonaws.com/photos/504618713/medium.jpg,"Toronto, ON M4M 3M9, Canada",43.651765406,-79.3226043507,7.0,Grey Catbird
10148,2025-05-18,CC-BY-NC,https://inaturalist-open-data.s3.amazonaws.com/photos/507119786/medium.jpg,"Evergreen Brick Works, 550 Bayview Ave, Toronto, ON M4W 3X8, Canada",43.6843314,-79.3647127,165.0,House Sparrow
9619,2025-05-12,,https://static.inaturalist.org/photos/504569957/medium.jpg,"Corktown Common, Toronto, ON, CA",43.65435,-79.3526216667,8.0,Scarlet Tanager
19818,2025-10-17,,https://static.inaturalist.org/photos/581437169/medium.jpg,"Corktown Common, Toronto, ON, CA",43.653995,-79.3535083333,8.0,Song Sparrow
14941,2025-08-02,CC-BY-NC,https://inaturalist-open-data.s3.amazonaws.com/photos/546636012/medium.jpg,"Bayview Village, Toronto, ON, Canada",43.777636267,-79.3704431046,61.0,Downy Woodpecker
2996,2025-03-11,CC-BY-NC,https://inaturalist-open-data.s3.amazonaws.com/photos/475844908/medium.jpeg,"Tommy Thompson Park, Toronto, ON, Canada",43.6468580359,-79.3235627802,8.0,Common Grackle
1603,2025-02-09,CC-BY-NC,https://inaturalist-open-data.s3.amazonaws.com/photos/469098559/medium.jpeg,"Keele St at Broadoaks Dr, York University Heights, ON M3J 1N4, Canada",43.7567168032,-79.4892704487,9.0,Feral Pigeon
1831,2025-02-15,CC-BY-NC,https://inaturalist-open-data.s3.amazonaws.com/photos/470363440/medium.jpg,"Bayview Village, Toronto, ON, Canada",43.777636267,-79.3704431046,61.0,Downy Woodpecker
4277,2025-04-05,CC-BY-NC,https://inaturalist-open-data.s3.amazonaws.com/photos/483319223/medium.jpeg,"73 Cardiff Rd, North York, ON M4P 2P4, Canada",43.713027,-79.3841394,179.0,Downy Woodpecker
9479,2025-05-11,,https://static.inaturalist.org/photos/503628438/medium.jpeg,"Cliffside, Scarborough, ON, Canada",43.7114763794,-79.2393270914,4.0,Song Sparrow
19830,2025-10-16,,https://static.inaturalist.org/photos/581493425/medium.jpg,"Trolley Cres, Toronto, ON, CA",43.65707,-79.3554166667,14.0,Common Raven
3963,2025-03-30,CC-BY-NC,https://inaturalist-open-data.s3.amazonaws.com/photos/481200250/medium.jpg,"Cardiff Rd, Toronto, ON, CA",43.7130263364,-79.3839886054,39.0,Red-breasted Nuthatch
18122,2025-09-25,CC-BY-NC,https://inaturalist-open-data.s3.amazonaws.com/photos/572011590/medium.jpg,"Woodbine Beach Dune Ecosystem , Toronto, ON, Canada",43.660349284,-79.3072058706,8.0,Eastern Phoebe
4939,2025-04-14,CC-BY-NC,,"Blackfriar Ave, Toronto, ON, CA",43.6944459488,-79.560416099,6.0,American Robin
21312,2025-11-04,,https://static.inaturalist.org/photos/590449392/medium.jpg,"South Riverdale, Toronto, ON, Canada",43.6520755822,-79.3298324084,452.0,Razorbill
11780,2025-06-04,CC-BY-NC,https://inaturalist-open-data.s3.amazonaws.com/photos/515815423/medium.jpg,"Ontario, CA",43.7136216879,-79.3749931925,919.0,Peregrine Falcon
11252,2025-05-26,CC-BY-NC,https://inaturalist-open-data.s3.amazonaws.com/photos/512709155/medium.jpg,"Colonel  Samuel Smith Park, Toronto, ON, Canada",43.5906511232,-79.5131823425,683.0,Common Nighthawk
2826,2025-03-09,CC-BY-NC,https://inaturalist-open-data.s3.amazonaws.com/photos/475356064/medium.jpeg,"South Riverdale, Toronto, ON, Canada",43.6466258195,-79.330438611,4.0,Northern Shoveler
23798,2025-12-15,CC-BY-NC,https://inaturalist-open-data.s3.amazonaws.com/photos/609534825/medium.jpg,"Queen St East at Carroll St, Toronto, ON M4M 1G4, Canada",43.6566368715,-79.3510337546,48.0,Red-tailed Hawk
22690,2025-12-12,,https://static.inaturalist.org/photos/599336043/medium.jpg,"Don River, Toronto, ON, CA",43.657995,-79.354355,2.0,Common Merganser
20344,2025-10-24,CC-BY-NC,https://inaturalist-open-data.s3.amazonaws.com/photos/584771065/medium.jpg,"Bayview Village, Toronto, ON, Canada",43.777636267,-79.3704431046,61.0,White-throated Sparrow
23767,2025-10-01,CC-BY,https://inaturalist-open-data.s3.amazonaws.com/photos/608240751/medium.jpg,"South Riverdale, Toronto, ON, Canada",43.6600352254,-79.3065147609,16.0,Palm Warbler
15090,2025-08-04,CC-BY-NC,https://inaturalist-open-data.s3.amazonaws.com/photos/547745595/medium.jpg,"Port Lands, Toronto, ON, Canada",43.6454960894,-79.3486809127,31.0,American Herring Gull
9796,2025-05-15,CC0,https://inaturalist-open-data.s3.amazonaws.com/photos/505442182/medium.jpg,"Park Drive Reservation Trail, Toronto, ON, Canada",43.6799277778,-79.3777888889,1.0,Mallard
22758,2025-12-14,CC-BY-NC,https://inaturalist-open-data.s3.amazonaws.com/photos/599912335/medium.jpg,"Hillcrest Village, North York, ON, Canada",43.8023833057,-79.3582107137,4.0,Mallard
15248,2025-01-07,CC-BY-NC,https://inaturalist-open-data.s3.amazonaws.com/photos/549948591/medium.jpg,"Toronto, ON, Canada",43.6075739318,-79.4874806154,15.0,Common Goldeneye
19037,2025-10-03,CC0,https://inaturalist-open-data.s3.amazonaws.com/photos/578082359/medium.jpg,"Ontario, CA",43.7995905098,-79.3987835413,319.0,Mute Swan
7513,2025-04-28,CC-BY-NC,https://inaturalist-open-data.s3.amazonaws.com/photos/496744695/medium.jpg,"German Mills Crk, North York, ON M2M 4C9, Canada",43.7972667,-79.3843997,184.0,Song Sparrow
21183,2025-11-08,CC-BY-NC,https://inaturalist-open-data.s3.amazonaws.com/photos/589742050/medium.jpg,"Hawk Hill - High Park, Toronto, ON, Canada",43.6463000354,-79.4656896358,10.0,Mourning Dove
10547,2025-05-23,CC-BY-NC,https://inaturalist-open-data.s3.amazonaws.com/photos/509396651/medium.jpg,"Bayview Village, North York, ON, Canada",43.7811627555,-79.371718554,249.0,Blue-grey Gnatcatcher
21634,2025-11-14,CC-BY-NC,https://inaturalist-open-data.s3.amazonaws.com/photos/591698389/medium.jpg,"Marie Curtis Park, Toronto, ON, CA",43.5845190724,-79.5412454721,6.0,American Herring Gull
2780,2025-03-08,,https://static.inaturalist.org/photos/475039206/medium.jpg,"Delaware Ave, Toronto, ON, CA",43.668645,-79.430655,12.0,Northern Cardinal
11811,2025-05-23,CC-BY-NC,https://inaturalist-open-data.s3.amazonaws.com/photos/515922291/medium.jpg,"High Park-Swansea, Toronto, ON, Canada",43.6438883056,-79.4650800847,564.0,Brown-headed Cowbird
11546,2025-05-31,CC-BY-NC,https://inaturalist-open-data.s3.amazonaws.com/photos/514900303/medium.jpg,"Bayview Village, Toronto, ON, Canada",43.777636267,-79.3704431046,61.0,Great Crested Flycatcher
11584,2025-01-22,CC-BY-NC,https://inaturalist-open-data.s3.amazonaws.com/photos/515130238/medium.jpg,"Scarborough, ON M1G 2J7, Canada",43.7675780929,-79.2136986181,117.0,Mallard
16648,2025-08-27,CC0,https://inaturalist-open-data.s3.amazonaws.com/photos/562111868/medium.jpg,"Ontario, CA",43.7892485961,-79.2595938329,170.0,Grey Catbird
5639,2025-04-20,CC-BY-NC,https://inaturalist-open-data.s3.amazonaws.com/photos/489111590/medium.jpeg,"73 Cardiff Rd, North York, ON M4P 2P4, Canada",43.713027,-79.3841394,179.0,House Finch
7795,2025-04-28,CC-BY-NC,https://inaturalist-open-data.s3.amazonaws.com/photos/498107214/medium.jpeg,"Colonel  Samuel Smith Park, Toronto, ON, Canada",43.5906511232,-79.5131823425,683.0,Red-winged Blackbird
1378,2025-02-03,CC-BY-NC,https://inaturalist-open-data.s3.amazonaws.com/photos/467901930/medium.jpeg,"High Park-Swansea, Toronto, ON, Canada",43.641718784,-79.4624243974,87.0,Red-breasted Nuthatch
8615,2025-04-26,CC-BY-NC,https://inaturalist-open-data.s3.amazonaws.com/photos/500749306/medium.jpeg,"Colonel  Samuel Smith Park, Toronto, ON, Canada",43.5906511232,-79.5131823425,683.0,Red-breasted Merganser
3718,2025-03-23,CC-BY-NC,https://inaturalist-open-data.s3.amazonaws.com/photos/479073416/medium.jpeg,"Wilket Creek Recreational Trail, Unnamed Road, Toronto, ON M3C 1P2, Canada",43.7319852,-79.358956,252.0,Red-tailed Hawk
11050,2025-05-27,,https://static.inaturalist.org/photos/511556110/medium.jpg,"Jane St, Toronto, ON, CA",43.69875,-79.5026633333,14.0,Feral Pigeon
18443,2025-09-28,CC-BY-NC,https://inaturalist-open-data.s3.amazonaws.com/photos/573729862/medium.jpg,"Bayview Village, North York, ON, Canada",43.7782744222,-79.3697939535,419.0,Black-capped Chickadee
16703,2025-08-31,CC-BY,https://inaturalist-open-data.s3.amazonaws.com/photos/562694251/medium.jpg,"New Toronto, Etobicoke, ON, Canada",43.5930451372,-79.5134856376,599.0,Grey Catbird
13982,2025-07-13,CC-BY-NC,,"Toronto, CA-ON, CA",43.80565746,-79.36369876,4.0,Indigo Bunting
13562,2025-07-04,,,"Toronto, ON M4S 1R3, Canada",43.70312733,-79.39292389,7.0,Northern Cardinal
169,2025-01-05,CC-BY-NC,https://inaturalist-open-data.s3.amazonaws.com/photos/462003494/medium.jpg,"Toronto, ON, Canada",43.591228207,-79.5101493712,50.0,Tufted Duck
11747,2025-06-03,CC-BY-NC,https://inaturalist-open-data.s3.amazonaws.com/photos/515671680/medium.jpg,"Cedar Trail and the Beare Wetlands Loop, Bottom of, Zoo Rd, Toronto, ON M1B 5W2, Canada",43.8224231,-79.1664536,185.0,Northern Yellow Warbler
1791,2025-02-14,CC-BY-NC,https://inaturalist-open-data.s3.amazonaws.com/photos/470156568/medium.jpg,"Bayview Village, Toronto, ON, Canada",43.777636267,-79.3704431046,61.0,Winter Wren
19110,2025-10-09,CC-BY-NC,https://static.inaturalist.org/photos/578235980/medium.jpg,"Centre Island, Toronto, ON, Canada",43.6178545911,-79.3909475645,122.0,Ruby-crowned Kinglet
20879,2025-11-03,,https://static.inaturalist.org/photos/587917175/medium.jpg,"Corktown Common, Toronto, ON, CA",43.6543466667,-79.35312,2.0,Black-capped Chickadee
9784,2025-05-15,CC-BY-NC,https://inaturalist-open-data.s3.amazonaws.com/photos/505433156/medium.jpg,"Downsview, North York, ON, Canada",43.7434961985,-79.4825970351,20.0,Nashville Warbler
21415,2025-11-11,CC-BY-NC,https://inaturalist-open-data.s3.amazonaws.com/photos/590804978/medium.jpg,"The Kingsway, Etobicoke, ON, Canada",43.6475912803,-79.5117380222,969.0,Dark-eyed Junco
3852,2025-03-26,CC-BY-NC,https://inaturalist-open-data.s3.amazonaws.com/photos/480033932/medium.jpeg,"Leaside-Bennington, Toronto, ON, Canada",43.719949654,-79.3547257071,15.0,Red-winged Blackbird
14323,2025-07-20,CC-BY-NC,https://inaturalist-open-data.s3.amazonaws.com/photos/539865672/medium.jpg,"Sunnybrook Park, Toronto, ON, CA",43.7206442888,-79.3552485883,58.0,Cedar Waxwing
6760,2025-04-26,,https://static.inaturalist.org/photos/492759284/medium.jpg,"Great Lakes Waterfront Tr, Toronto, ON, CA",43.5931099579,-79.5107872133,5.0,American Robin
5051,2025-04-16,CC-BY-NC,https://inaturalist-open-data.s3.amazonaws.com/photos/487085658/medium.png,"Bendale South, Scarborough, ON, Canada",43.7521130841,-79.2382089543,31.0,Northern Flicker
5740,2025-04-21,,https://static.inaturalist.org/photos/489431337/medium.jpg,"Corktown Common, Toronto, ON, CA",43.6533583333,-79.3523416667,7.0,White-throated Sparrow
1291,2025-01-31,CC-BY-NC,https://inaturalist-open-data.s3.amazonaws.com/photos/467575515/medium.jpg,"Toronto, CA-ON, CA",43.68507,-79.367325,16.0,Red-tailed Hawk
7404,2025-04-28,CC-BY-NC,https://inaturalist-open-data.s3.amazonaws.com/photos/496259329/medium.jpg,"Bloor St W, Toronto, ON, CA",43.6671116667,-79.4013366667,25.0,Feral Pigeon
10360,2025-05-18,CC-BY-NC,https://inaturalist-open-data.s3.amazonaws.com/photos/508293113/medium.jpg,"Bayview Village, Toronto, ON, Canada",43.777636267,-79.3704431046,61.0,Grey Catbird
3573,2025-03-18,CC-BY-NC,https://inaturalist-open-data.s3.amazonaws.com/photos/478138672/medium.jpg,"Bayview Village, North York, ON, Canada",43.781386193,-79.3856665855,245.0,Downy Woodpecker
11538,2025-06-01,CC-BY-NC,https://inaturalist-open-data.s3.amazonaws.com/photos/514894434/medium.jpg,"Hillcrest Village, Toronto, ON, Canada",43.8069026159,-79.3660370662,434.0,Eastern Wood-Pewee
21645,2025-09-17,CC-BY-NC,https://inaturalist-open-data.s3.amazonaws.com/photos/591767389/medium.jpg,"Donald D Summerville Olympic Pool, Toronto, ON M4L 1B8, Canada",43.6649501012,-79.3041276187,4.0,Ring-billed Gull
19367,2025-10-12,CC-BY-NC,https://inaturalist-open-data.s3.amazonaws.com/photos/579620426/medium.jpg,"South Riverdale, Toronto, ON, Canada",43.6558470857,-79.3105623222,12.0,White-throated Sparrow
12667,2025-06-17,CC-BY-NC,https://inaturalist-open-data.s3.amazonaws.com/photos/522683772/medium.jpg,"Eglinton Ave W, Toronto, ON, CA",43.6878339263,-79.4839002344,5.0,Red-tailed Hawk
3249,2025-03-14,CC-BY-NC,https://inaturalist-open-data.s3.amazonaws.com/photos/476610527/medium.jpeg,"South Riverdale, Toronto, ON, Canada",43.6515377511,-79.3317412395,61.0,Gadwall
4977,2025-04-08,CC-BY-NC,https://inaturalist-open-data.s3.amazonaws.com/photos/486595864/medium.jpg,"Toronto Metropolitan University, Toronto, ON, CA",43.6588033333,-79.3805616667,30.0,Feral Pigeon
17129,2025-09-12,CC-BY-NC,https://inaturalist-open-data.s3.amazonaws.com/photos/566009233/medium.jpg,"E.T. Seton Park, North York, ON, Canada",43.7164624625,-79.3441367789,31.0,Philadelphia Vireo
3725,2025-03-23,CC-BY-NC,https://inaturalist-open-data.s3.amazonaws.com/photos/479102902/medium.jpeg,"73 Cardiff Rd, North York, ON M4P 2P4, Canada",43.713027,-79.3841394,179.0,Black-capped Chickadee
5737,2025-04-21,CC-BY-NC,https://inaturalist-open-data.s3.amazonaws.com/photos/489412763/medium.jpg,"Ashbridge's Bay Park, Toronto, ON, Canada",43.6562905651,-79.3102246468,15.0,Northern Rough-winged Swallow
23445,2025-12-26,CC-BY-NC,https://inaturalist-open-data.s3.amazonaws.com/photos/603464195/medium.jpg,"The Kingsway, Etobicoke, ON, Canada",43.6475136465,-79.5115878185,987.0,House Sparrow
4300,2025-04-06,CC-BY-NC,https://inaturalist-open-data.s3.amazonaws.com/photos/483486925/medium.jpg,"Ontario, CA",43.6153261785,-79.3639836457,250.0,Dark-eyed Junco
1617,2025-02-09,CC-BY-NC,https://inaturalist-open-data.s3.amazonaws.com/photos/469200599/medium.jpg,"Bayview Village, Toronto, ON, Canada",43.777636267,-79.3704431046,61.0,American Robin
5132,2025-04-17,CC-BY-NC,https://inaturalist-open-data.s3.amazonaws.com/photos/487610892/medium.jpg,"West Don River Tr, Toronto, ON, CA",43.7060866667,-79.3369216667,9.0,American Goldfinch
5668,2025-04-20,CC-BY,https://inaturalist-open-data.s3.amazonaws.com/photos/489134936/medium.jpg,"New Toronto, Etobicoke, ON, Canada",43.590296365,-79.5166121775,8.0,Red-necked Grebe
16165,2025-08-25,CC-BY-NC,https://inaturalist-open-data.s3.amazonaws.com/photos/558397168/medium.jpg,"Bayview Village, North York, ON, Canada",43.7781194927,-79.3698368688,402.0,Song Sparrow
1380,2025-02-03,CC-BY-NC,https://inaturalist-open-data.s3.amazonaws.com/photos/467902240/medium.jpeg,"High Park-Swansea, Toronto, ON, Canada",43.6419667317,-79.4621801487,122.0,White-throated Sparrow
9909,2025-05-09,CC-BY-NC,https://inaturalist-open-data.s3.amazonaws.com/photos/505879172/medium.jpg,"Humber Bay Park West, 2225 Lake Shore Blvd W, Etobicoke, ON M8V 3X7, Canada",43.6164742,-79.479417,491.0,Northern Yellow Warbler
1221,2025-02-01,CC-BY-NC,https://inaturalist-open-data.s3.amazonaws.com/photos/467438247/medium.jpeg,"Humber Bay Shores, Etobicoke, ON, Canada",43.6274742262,-79.4756092213,1.0,Canada Goose
8130,2025-04-28,CC-BY-NC,https://inaturalist-open-data.s3.amazonaws.com/photos/499332835/medium.jpeg,"Colonel  Samuel Smith Park, Toronto, ON, Canada",43.5906511232,-79.5131823425,683.0,Tree Swallow
17465,2025-09-16,CC-BY-NC,https://inaturalist-open-data.s3.amazonaws.com/photos/568014521/medium.jpg,"Toronto, ON M5A 1T1, Canada",43.6558730173,-79.3636572361,13.0,Red-tailed Hawk
598,2025-01-07,CC-BY-NC,https://inaturalist-open-data.s3.amazonaws.com/photos/463756620/medium.jpeg,"Colonel  Samuel Smith Park, Toronto, ON, Canada",43.5906511232,-79.5131823425,683.0,Gadwall
15880,2025-08-19,CC-BY-NC,https://inaturalist-open-data.s3.amazonaws.com/photos/555596053/medium.jpg,"Bayview Village, North York, ON, Canada",43.777939667,-79.3842638037,336.0,Red-breasted Nuthatch
2895,2025-03-10,CC-BY-NC,https://inaturalist-open-data.s3.amazonaws.com/photos/475603370/medium.jpg,"Leslie St, Toronto, ON, CA",43.7711697951,-79.3639202497,33.0,American Robin
10196,2025-05-16,,https://static.inaturalist.org/photos/507606981/medium.jpg,"Birch Cliff, Scarborough, ON, Canada",43.696221887,-79.2557577929,15.0,Black-throated Green Warbler
19543,2025-10-14,CC-BY-NC,https://inaturalist-open-data.s3.amazonaws.com/photos/580329129/medium.jpg,"Bayview Woods-Steeles, North York, ON, Canada",43.7923773503,-79.3793507546,166.0,Yellow-rumped Warbler
23194,2025-12-25,CC-BY-NC,https://inaturalist-open-data.s3.amazonaws.com/photos/602707937/medium.jpg,"Bayview Village, Toronto, ON, Canada",43.777636267,-79.3704431046,61.0,Red-bellied Woodpecker
13713,2025-07-06,CC-BY-NC,https://inaturalist-open-data.s3.amazonaws.com/photos/532712986/medium.jpg,"Toronto, ON, Canada",43.5931536423,-79.5105403662,49.0,Hooded Merganser
3609,2025-03-21,CC-BY-NC,https://inaturalist-open-data.s3.amazonaws.com/photos/478356552/medium.jpg,"Cardiff Rd, Toronto, ON, CA",43.7130263364,-79.3839815873,39.0,Blue Jay
14066,2025-07-15,,https://static.inaturalist.org/photos/537049942/medium.jpg,"High Park, 多倫多, ON, CA",43.6451681544,-79.4663898686,5.0,旅鶇
17934,2025-08-18,CC-BY,https://inaturalist-open-data.s3.amazonaws.com/photos/570888396/medium.jpg,"Port Lands, Toronto, ON, Canada",43.6460391486,-79.3444533902,8.0,Mute Swan
6486,2025-04-25,CC-BY-NC,https://inaturalist-open-data.s3.amazonaws.com/photos/491927748/medium.jpeg,"Colonel  Samuel Smith Park, Toronto, ON, Canada",43.5906511232,-79.5131823425,683.0,Red-winged Blackbird
18323,2025-05-26,CC-BY-NC,https://inaturalist-open-data.s3.amazonaws.com/photos/573009216/medium.jpg,"St Lawrence-East Bayfront-The Islands, Toronto, ON, Canada",43.6255308073,-79.3578291998,200.0,Gadwall
19195,2025-10-09,CC-BY-NC,https://inaturalist-open-data.s3.amazonaws.com/photos/578635605/medium.jpg,"Bayview Village, Toronto, ON, Canada",43.777636267,-79.3704431046,61.0,Ruby-crowned Kinglet
9704,2025-05-04,,https://static.inaturalist.org/photos/505024162/medium.jpg,"Norseman St, Toronto, ON, CA",43.6329466667,-79.5249633333,6.0,Canada Goose
1433,2025-02-05,CC-BY-NC,https://inaturalist-open-data.s3.amazonaws.com/photos/468276128/medium.jpeg,"Ontario, CA",43.7565570649,-79.2391978857,4.0,Peregrine Falcon
20628,2025-05-14,CC-BY-NC,https://inaturalist-open-data.s3.amazonaws.com/photos/586492976/medium.jpg,"High Park - North Half, Toronto, ON, Canada",43.6490889589,-79.4642275187,440.0,Magnolia Warbler
21887,2025-05-12,CC-BY-NC,https://inaturalist-open-data.s3.amazonaws.com/photos/593522194/medium.jpg,"High Park-Centre, Toronto, ON, Canada",43.6454712084,-79.4632833811,430.0,Northern House Wren
3646,2025-03-21,CC-BY-NC,https://inaturalist-open-data.s3.amazonaws.com/photos/478443535/medium.jpeg,"Brickworks,Midtown Toronto, Toronto, ON, Canada",43.6868841123,-79.3655696725,184.0,Rusty Blackbird
22338,2025-11-28,CC-BY-NC-ND,https://inaturalist-open-data.s3.amazonaws.com/photos/597076537/medium.jpg,"Eireann Quay, Toronto, ON, CA",43.6352833333,-79.3959283333,4.0,Long-tailed Duck
14572,2025-07-26,CC-BY-NC,https://inaturalist-open-data.s3.amazonaws.com/photos/542922126/medium.jpg,"Colonel Samuel Smith Park, 3145 Lake Shore Blvd W, Etobicoke, ON M8V 4B6, Canada",43.591398,-79.5133857,198.0,Double-crested Cormorant
14196,2025-07-15,CC0,https://inaturalist-open-data.s3.amazonaws.com/photos/538555803/medium.jpg,"Ontario, CA",43.6660276543,-79.2400522082,461.0,American Robin
18674,2025-10-01,CC-BY-NC,https://inaturalist-open-data.s3.amazonaws.com/photos/575288388/medium.jpg,"Rosetta McClain Gardens, 5 Glen Everest Rd, Scarborough, ON M1N 1J2, Canada",43.6968253,-79.2557466,193.0,Red-tailed Hawk
3409,2025-03-18,CC-BY-NC,https://inaturalist-open-data.s3.amazonaws.com/photos/477628711/medium.jpeg,"High Park-Swansea, Toronto, ON, Canada",43.6430091143,-79.4582038663,31.0,Wood Duck
615,2025-01-07,CC-BY-NC,https://inaturalist-open-data.s3.amazonaws.com/photos/463848018/medium.jpeg,"Colonel  Samuel Smith Park, Toronto, ON, Canada",43.5906511232,-79.5131823425,683.0,Gadwall
3772,2025-03-21,CC-BY-NC,https://inaturalist-open-data.s3.amazonaws.com/photos/479565572/medium.jpg,"Bayview Village, North York, ON, Canada",43.7801741172,-79.383895186,15.0,Black-capped Chickadee
7418,2025-04-25,CC-BY-NC,https://inaturalist-open-data.s3.amazonaws.com/photos/496290688/medium.jpeg,"Centennial Park, Etobicoke, ON, Canada",43.6537994303,-79.5877475723,488.0,White-throated Sparrow
14969,2025-08-03,CC-BY-NC,https://inaturalist-open-data.s3.amazonaws.com/photos/546932796/medium.jpg,"Bayview Village, North York, ON, Canada",43.7803158235,-79.3751351192,389.0,American Goldfinch
3044,2025-03-11,CC-BY-NC,https://inaturalist-open-data.s3.amazonaws.com/photos/476039237/medium.jpg,"Toronto, ON, Canada",43.6587387709,-79.313109972,15.0,Iceland Gull
23210,2025-11-04,CC-BY,https://inaturalist-open-data.s3.amazonaws.com/photos/602792255/medium.jpg,"South Riverdale, Toronto, ON, Canada",43.623440715,-79.3307645703,169.0,Barrow's Goldeneye
15201,2025-08-06,CC-BY-NC,https://inaturalist-open-data.s3.amazonaws.com/photos/549201157/medium.jpg,"4000 Leslie St, North York, ON M2K 2R9, Canada",43.7699633,-79.3651372,191.0,American Crow
5545,2025-04-20,,https://static.inaturalist.org/photos/489058701/medium.jpg,"South Riverdale, Toronto, ON, Canada",43.6491965708,-79.3237503191,31.0,Northern Flicker
21760,2025-11-18,,https://static.inaturalist.org/photos/592664072/medium.jpg,"Corktown Common, Toronto, ON, CA",43.6542133333,-79.352705,4.0,Black-capped Chickadee
3925,2025-03-27,CC-BY-NC,https://inaturalist-open-data.s3.amazonaws.com/photos/481002729/medium.jpeg,"73 Cardiff Rd, North York, ON M4P 2P4, Canada",43.713027,-79.3841394,179.0,Northern Cardinal
16631,2025-09-03,,https://static.inaturalist.org/photos/562035551/medium.jpg,"Toronto, ON M6S 2V5, Canada",43.6480631482,-79.4705134258,44.0,Red-breasted Nuthatch
13866,2025-07-10,CC0,https://inaturalist-open-data.s3.amazonaws.com/photos/534726260/medium.jpg,"Ontario, CA",43.630935889,-79.2735874131,298.0,Indigo Bunting
5812,2025-04-22,CC-BY-NC,https://inaturalist-open-data.s3.amazonaws.com/photos/489896128/medium.jpeg,"South Riverdale, Toronto, ON, Canada",43.6698038566,-79.3301098943,1.0,Swamp Sparrow
12303,2025-06-07,,https://static.inaturalist.org/photos/519072295/medium.jpg,"High Park-Swansea, Toronto, ON, Canada",43.6418093455,-79.4574636622,8.0,Tree Swallow
5655,2025-04-20,CC-BY-NC,https://inaturalist-open-data.s3.amazonaws.com/photos/489112216/medium.jpeg,"Leaside-Bennington, Toronto, ON, Canada",43.7198467716,-79.3546410859,2.0,Downy Woodpecker
23352,2025-12-27,CC-BY-NC,https://inaturalist-open-data.s3.amazonaws.com/photos/603018990/medium.jpg,"Elm St, Toronto, ON, CA",43.657805,-79.3820033333,18.0,House Sparrow
10397,2025-05-20,CC-BY-NC,https://inaturalist-open-data.s3.amazonaws.com/photos/508413835/medium.jpg,"Lake Ontario, Toronto, ON, CA",43.6258360797,-79.3292479638,711.0,Red-breasted Merganser
14756,2025-07-30,CC-BY,https://inaturalist-open-data.s3.amazonaws.com/photos/544917243/medium.jpg,"High Park-Swansea, Toronto, ON, Canada",43.6437970611,-79.4590983872,29.0,Red-headed Woodpecker
6996,2025-04-27,CC-BY-NC,https://inaturalist-open-data.s3.amazonaws.com/photos/494154565/medium.jpg,"Duncan Mill Rd, Toronto, ON, CA",43.7615483436,-79.3497665601,2.0,American Robin
9790,2025-05-15,CC-BY-NC,https://inaturalist-open-data.s3.amazonaws.com/photos/505433301/medium.jpg,"Downsview, North York, ON, Canada",43.7435786647,-79.4770392761,26.0,Northern Mockingbird
17764,2025-09-21,CC-BY-NC,https://inaturalist-open-data.s3.amazonaws.com/photos/569984445/medium.jpg,"E.T. Seton Park, North York, ON, Canada",43.7129961815,-79.3406402384,4.0,American Goldfinch
14365,2025-07-21,,https://static.inaturalist.org/photos/540393900/medium.jpg,"W Humber Tr, Toronto, ON, CA",43.7282635634,-79.6013866123,5.0,Great Blue Heron
10342,2025-05-17,,https://static.inaturalist.org/photos/508238629/medium.jpg,"South Riverdale, Toronto, ON, Canada",43.6567645892,-79.3052819885,31.0,Magnolia Warbler
156,2025-01-05,CC-BY-NC,https://inaturalist-open-data.s3.amazonaws.com/photos/461986834/medium.jpeg,"Toronto, CA-ON, CA",43.6259064527,-79.3308554962,85.0,Greater Scaup
4808,2025-04-13,,https://static.inaturalist.org/photos/486082323/medium.jpg,"Edwards Gardens, Toronto, ON, CA",43.7332716667,-79.3592083333,10.0,Mallard
6411,2025-04-25,CC-BY-NC,https://inaturalist-open-data.s3.amazonaws.com/photos/491845570/medium.jpg,"Bayview Village, Toronto, ON, Canada",43.777636267,-79.3704431046,61.0,Black-and-white Warbler
1096,2025-01-26,CC-BY-NC,https://inaturalist-open-data.s3.amazonaws.com/photos/466430270/medium.jpg,"South Riverdale, Toronto, ON, Canada",43.6308621555,-79.3248831665,488.0,Greater Scaup
22168,2025-06-28,CC-BY-NC,https://inaturalist-open-data.s3.amazonaws.com/photos/595595517/medium.jpg,"Toronto, ON, CA",43.6524153509,-79.3928161032,3.0,Feral Pigeon
19231,2025-10-11,CC-BY-NC,https://inaturalist-open-data.s3.amazonaws.com/photos/579006874/medium.jpg,"Tommy Thompson Park , Toronto, ON, Canada",43.6276598022,-79.3257230039,2.0,Dunlin
1225,2025-02-01,CC-BY-NC,https://inaturalist-open-data.s3.amazonaws.com/photos/467453421/medium.jpeg,"High Park-Swansea, Toronto, ON, Canada",43.6526652326,-79.4612655831,82.0,Red-bellied Woodpecker
1738,2025-02-11,CC-BY-NC,https://inaturalist-open-data.s3.amazonaws.com/photos/469906008/medium.jpg,"Bayview Village, Toronto, ON, Canada",43.777636267,-79.3704431046,61.0,Red-breasted Nuthatch
4554,2025-04-09,CC-BY-NC,https://inaturalist-open-data.s3.amazonaws.com/photos/484845244/medium.jpg,"Bayview Village, North York, ON, Canada",43.7815270207,-79.3885357902,219.0,Song Sparrow
15444,2025-08-11,CC-BY-NC,https://inaturalist-open-data.s3.amazonaws.com/photos/551080001/medium.jpg,"Pendrith St, Toronto, ON, CA",43.6649775436,-79.4250120162,193.0,American Goldfinch
477,2025-01-11,CC-BY-NC,https://inaturalist-open-data.s3.amazonaws.com/photos/463316108/medium.jpg,"Lake Ontario, Toronto, ON, CA",43.6073866933,-79.4873569329,18.0,Tufted Duck
11273,2025-05-30,CC-BY-NC,https://inaturalist-open-data.s3.amazonaws.com/photos/512935507/medium.jpg,"Bayview Village, Toronto, ON, Canada",43.777636267,-79.3704431046,61.0,Song Sparrow
1410,2025-01-30,CC-BY-NC,https://inaturalist-open-data.s3.amazonaws.com/photos/468073510/medium.jpeg,"Unwin Bridge, Unwin Ave, Toronto, ON, Canada",43.6480117,-79.3289548,185.0,Gadwall
12838,2025-06-20,CC-BY-NC,https://inaturalist-open-data.s3.amazonaws.com/photos/523903830/medium.jpg,"Walmsley Blvd, Toronto, ON, CA",43.6926466667,-79.3997116667,13.0,Northern Cardinal
1534,2025-01-28,,https://static.inaturalist.org/photos/468889798/medium.jpeg,"Toronto, ON, Canada",43.6476953601,-79.3286711723,43.0,Canvasback
15858,2025-08-20,CC-BY-NC,https://inaturalist-open-data.s3.amazonaws.com/photos/555319276/medium.jpg,"Port Lands, Toronto, ON, Canada",43.6458788864,-79.3498836698,8.0,Red-winged Blackbird
6240,2025-04-25,CC-BY-NC,https://inaturalist-open-data.s3.amazonaws.com/photos/491649901/medium.jpeg,"Toronto, ON M5V 2Y5, Canada",43.6368796695,-79.3942706287,9.0,Red-winged Blackbird
5261,2025-04-17,CC-BY-NC,https://inaturalist-open-data.s3.amazonaws.com/photos/488113962/medium.jpeg,"Leaside-Bennington, Toronto, ON, Canada",43.7200283452,-79.3545864555,15.0,Northern Cardinal
1443,2025-02-04,,https://static.inaturalist.org/photos/468383349/medium.jpg,"Lake Ontario, Toronto, ON, CA",43.6675664505,-79.2923790758,16.0,Harlequin Duck
3302,2025-03-14,CC-BY-NC,https://inaturalist-open-data.s3.amazonaws.com/photos/476916908/medium.jpg,"Toronto Union Station, Toronto, ON, CA",43.6445981017,-79.3802851729,65.0,House Sparrow
22030,2025-11-25,CC-BY-NC,https://inaturalist-open-data.s3.amazonaws.com/photos/594701327/medium.jpg,"Martin Goodman Tr, Toronto, ON, CA",43.6435866667,-79.36782,20.0,Canada Goose
16905,2025-09-08,CC-BY-NC,https://inaturalist-open-data.s3.amazonaws.com/photos/564451015/medium.jpg,"Eglinton Ave W, Toronto, ON, CA",43.7014352668,-79.4216543215,62.0,Red-eyed Vireo
10652,2025-05-24,CC-BY-NC,https://inaturalist-open-data.s3.amazonaws.com/photos/509850258/medium.jpg,"Lower Reesor Pond, Toronto, ON M1B 5W5, Canada",43.8280937,-79.1899396,175.0,Red-winged Blackbird
7733,2025-04-30,CC-BY-NC,https://inaturalist-open-data.s3.amazonaws.com/photos/497803702/medium.jpeg,"Bayview Village, North York, ON, Canada",43.7705884073,-79.3627316234,15.0,Downy Woodpecker
6573,2025-04-25,CC-BY-NC,https://inaturalist-open-data.s3.amazonaws.com/photos/491999415/medium.jpeg,"Colonel  Samuel Smith Park, Toronto, ON, Canada",43.5906511232,-79.5131823425,683.0,Song Sparrow
2888,2025-03-10,CC-BY-NC,https://inaturalist-open-data.s3.amazonaws.com/photos/475573873/medium.jpg,"Bayview Woods-Steeles, North York, ON, Canada",43.7917320758,-79.3816322555,457.0,American Crow
18455,2025-09-23,CC-BY-NC,https://inaturalist-open-data.s3.amazonaws.com/photos/573794159/medium.jpg,"Yonge-Bay Corridor, Toronto, ON, Canada",43.6454166667,-79.3823694444,14.0,Feral Pigeon
23385,2025-12-14,CC-BY-NC,https://inaturalist-open-data.s3.amazonaws.com/photos/603207207/medium.jpg,"Lake Ontario, Toronto, ON, CA",43.7048835196,-79.2322956832,304.0,Common Merganser
5944,2025-04-23,,https://static.inaturalist.org/photos/490368598/medium.jpg,"Corktown Common, Toronto, ON, CA",43.6542783333,-79.3525916667,11.0,Yellow-bellied Sapsucker
12562,2025-06-14,CC-BY-NC,https://inaturalist-open-data.s3.amazonaws.com/photos/521249470/medium.jpg,"Humber Bay Park West, 2225 Lake Shore Blvd W, Etobicoke, ON M8V 3X7, Canada",43.6164742,-79.479417,491.0,Red-necked Grebe
18495,2025-09-29,,https://static.inaturalist.org/photos/574079571/medium.jpg,"Corktown Common, Toronto, ON, CA",43.6544283333,-79.3525866667,4.0,Hermit Thrush
3433,2025-03-18,CC-BY-NC,https://inaturalist-open-data.s3.amazonaws.com/photos/477676607/medium.jpeg,"Leslieville, Toronto, ON, Canada",43.6720953005,-79.322731846,4.0,Feral Pigeon
16777,2025-09-05,CC-BY-NC,https://inaturalist-open-data.s3.amazonaws.com/photos/563136140/medium.jpg,"Sunnyside, Toronto, ON, Canada",43.636706829,-79.4523741979,31.0,Killdeer
7669,2025-04-30,CC-BY-NC,https://inaturalist-open-data.s3.amazonaws.com/photos/497569365/medium.jpg,"Don River East Branch, Toronto, ON, CA",43.7699040996,-79.3612602356,23.0,Black-and-white Warbler
15002,2025-08-03,CC-BY-NC,https://inaturalist-open-data.s3.amazonaws.com/photos/547221919/medium.jpg,"Northcrest Rd, Toronto, ON, CA",43.6945916667,-79.5496533333,4.0,Mallard
7357,2025-04-27,CC-BY-NC,https://inaturalist-open-data.s3.amazonaws.com/photos/496061463/medium.jpg,"Canary Crescent, North York, ON M2K, Canada",43.7805239,-79.3883534,219.0,Downy Woodpecker
6880,2025-04-26,CC-BY-NC,https://inaturalist-open-data.s3.amazonaws.com/photos/493624415/medium.jpg,"Bayview Village, Toronto, ON, Canada",43.777636267,-79.3704431046,61.0,Song Sparrow
18677,2025-10-01,CC-BY-NC,https://inaturalist-open-data.s3.amazonaws.com/photos/575288513/medium.jpg,"Rosetta McClain Gardens, 5 Glen Everest Rd, Scarborough, ON M1N 1J2, Canada",43.6968253,-79.2557466,193.0,Blue Jay
15916,2025-08-22,CC-BY-NC,https://inaturalist-open-data.s3.amazonaws.com/photos/555998858/medium.jpg,"Woodbine Beach Dune Ecosystem, Toronto, ON, Canada",43.6598700532,-79.3073984775,8.0,Northern Harrier
720,2025-01-12,CC-BY-NC,https://inaturalist-open-data.s3.amazonaws.com/photos/464251533/medium.jpeg,"Colonel  Samuel Smith Park, Toronto, ON, Canada",43.5906511232,-79.5131823425,683.0,Gadwall
11509,2025-06-02,CC-BY-NC,https://inaturalist-open-data.s3.amazonaws.com/photos/514715516/medium.jpg,"Runnymede Rd at Glenwood Ave, Toronto, ON M6S, Canada",43.6574310367,-79.4790555909,140.0,American Robin
1724,2025-02-12,CC-BY-NC-ND,https://inaturalist-open-data.s3.amazonaws.com/photos/469878986/medium.jpeg,"Colonel Samuel Smith Park, 3145 Lake Shore Blvd W, Etobicoke, ON M8V 4B6, Canada",43.591398,-79.5133857,198.0,Long-tailed Duck
1490,2025-02-07,CC-BY-NC,https://inaturalist-open-data.s3.amazonaws.com/photos/468739578/medium.jpg,"Cardiff Rd, Toronto, ON, CA",43.712916427,-79.3846366083,39.0,Northern Cardinal
23306,2025-07-17,CC-BY,https://inaturalist-open-data.s3.amazonaws.com/photos/602861620/medium.jpg,"High Park-Swansea, Toronto, ON, Canada",43.6428895521,-79.4582683867,27.0,American Goldfinch
10117,2025-05-18,,https://static.inaturalist.org/photos/507094450/medium.jpg,"Tommy Thompson Park, Toronto, ON, CA",43.6276498836,-79.3244190361,647.0,Snow Goose
16795,2025-09-06,CC0,https://inaturalist-open-data.s3.amazonaws.com/photos/563150203/medium.jpg,"St Lawrence-East Bayfront-The Islands, Toronto, ON, Canada",43.6192647928,-79.3936929479,21.0,Ring-billed Gull
10434,2025-05-06,CC-BY-NC,https://inaturalist-open-data.s3.amazonaws.com/photos/508709677/medium.jpg,"Bayview Village, Toronto, ON, Canada",43.777636267,-79.3704431046,61.0,Northern Parula
22555,2025-12-09,CC-BY-NC,https://inaturalist-open-data.s3.amazonaws.com/photos/598623258/medium.jpg,"Stephen Dr, Toronto, ON, CA",43.6405666085,-79.4877621219,25.0,Bald Eagle
10456,2025-05-02,CC-BY-NC,https://inaturalist-open-data.s3.amazonaws.com/photos/508790177/medium.jpg,"Bayview Village, Toronto, ON, Canada",43.777636267,-79.3704431046,61.0,Black-throated Blue Warbler
18311,2025-09-27,,https://static.inaturalist.org/photos/572980983/medium.jpg,"West Humber-Clairville, Toronto, ON, CA",43.7323283333,-79.6240083333,3.0,Mourning Dove
5226,2025-04-16,CC-BY,https://inaturalist-open-data.s3.amazonaws.com/photos/488018727/medium.png,"Taylor-Massey, ON, Canada",43.6967813797,-79.3040535081,105.0,Song Sparrow
7031,2025-04-27,CC-BY-NC,https://inaturalist-open-data.s3.amazonaws.com/photos/494311531/medium.jpeg,"Ontario, CA",43.4352725197,-79.4267615072,198.0,Red-winged Blackbird
7151,2025-04-27,,https://static.inaturalist.org/photos/494691865/medium.jpg,"West Don River Tr, Toronto, ON, CA",43.7149716667,-79.3425,4.0,Chipping Sparrow
16293,2025-08-29,,https://static.inaturalist.org/photos/559384701/medium.jpg,"Humber Arboretum, Toronto, ON, CA",43.726155,-79.6056666667,7.0,Northern Flicker
9563,2025-05-09,CC0,https://inaturalist-open-data.s3.amazonaws.com/photos/504131961/medium.jpg,"Ontario, CA",43.6438675074,-79.2385415468,420.0,Mourning Dove
4594,2025-04-08,CC-BY,https://inaturalist-open-data.s3.amazonaws.com/photos/485204418/medium.png,"The Beaches, Toronto, ON, Canada",43.674529,-79.295112,15.0,Fox Sparrow
10655,2025-05-24,,https://static.inaturalist.org/photos/509862961/medium.jpg,"Ontario, CA",43.5857301115,-79.5349108014,10.0,American Redstart
6668,2025-04-26,,https://static.inaturalist.org/photos/492392292/medium.jpg,"High Park, Toronto, ON, CA",43.6455927123,-79.462508899,69.0,Northern Flicker
23904,2025-05-26,CC-BY,https://inaturalist-open-data.s3.amazonaws.com/photos/614870575/medium.jpg,"South Riverdale, Toronto, ON, Canada",43.6495936916,-79.3227002298,112.0,Canada Warbler
2292,2025-02-25,CC-BY-NC,https://inaturalist-open-data.s3.amazonaws.com/photos/472604688/medium.jpg,"Scarborough, ON, Canada",43.7088969605,-79.231747209,520.0,Trumpeter Swan
20467,2025-10-28,CC-BY-NC,https://inaturalist-open-data.s3.amazonaws.com/photos/585690540/medium.jpg,"Dufferin Grove, Toronto, ON, Canada",43.6598396586,-79.4265815614,30.0,Downy Woodpecker
23228,2025-05-16,CC-BY,https://inaturalist-open-data.s3.amazonaws.com/photos/602836813/medium.jpg,"High Park-Swansea, Toronto, ON, Canada",43.6422917666,-79.457543232,61.0,Common Grackle
19801,2025-10-17,CC-BY-NC,https://inaturalist-open-data.s3.amazonaws.com/photos/581371984/medium.jpg,"Toronto, CA-ON, CA",43.685895,-79.29058,5.0,Golden-crowned Kinglet
21866,2025-11-20,CC-BY-NC,https://inaturalist-open-data.s3.amazonaws.com/photos/593219175/medium.jpg,"Ontario, CA",43.773061187,-79.3470183608,32.0,Bald Eagle
2170,2025-02-23,,https://static.inaturalist.org/photos/472116690/medium.jpg,"South Riverdale, Toronto, ON, Canada",43.6256467807,-79.3312673665,122.0,American Black Duck
17595,2025-09-18,CC-BY-NC,https://inaturalist-open-data.s3.amazonaws.com/photos/568826141/medium.jpg,"Eglinton Ave W, Toronto, ON, CA",43.7014477779,-79.4216588245,62.0,White-throated Sparrow
7950,2025-05-02,,https://static.inaturalist.org/photos/498663420/medium.jpeg,Toronto,43.6459732056,-79.5198745728,54.0,Mallard
13212,2025-06-27,CC-BY-NC,https://inaturalist-open-data.s3.amazonaws.com/photos/527649559/medium.jpg,"Ontario, CA",43.7491960408,-79.3711324466,10.0,Red-tailed Hawk
6448,2025-04-25,CC-BY-NC,https://inaturalist-open-data.s3.amazonaws.com/photos/491843630/medium.jpg,"Rosetta McClain Gardens, 5 Glen Everest Rd, Scarborough, ON M1N 1J2, Canada",43.6968253,-79.2557466,193.0,Hermit Thrush
12570,2025-05-28,CC-BY,https://inaturalist-open-data.s3.amazonaws.com/photos/521268715/medium.jpg,"Fenside-Parkwoods, Toronto, ON, Canada",43.7648522869,-79.3549403459,21.0,American Robin
4077,2025-04-01,CC-BY-NC,https://inaturalist-open-data.s3.amazonaws.com/photos/481957278/medium.jpeg,"Ontario, CA",43.7838917339,-79.5614035172,236.0,Common Grackle
20207,2025-10-23,CC-BY-NC,https://inaturalist-open-data.s3.amazonaws.com/photos/583623484/medium.jpg,"Cardiff Rd, Toronto, ON, CA",43.7129992818,-79.3840166777,39.0,White-throated Sparrow
15750,2025-08-17,CC-BY-NC,https://inaturalist-open-data.s3.amazonaws.com/photos/554041712/medium.jpg,"73 Cardiff Rd, North York, ON M4P 2P4, Canada",43.713027,-79.3841394,179.0,Hairy Woodpecker
17348,2025-09-12,CC-BY-NC,https://inaturalist-open-data.s3.amazonaws.com/photos/567348222/medium.jpg,"Colonel  Samuel Smith Park, Toronto, ON, Canada",43.5906511232,-79.5131823425,683.0,Ring-billed Gull
6494,2025-04-25,CC-BY-NC,https://inaturalist-open-data.s3.amazonaws.com/photos/491928454/medium.jpg,"Toronto, ON, Canada",43.694081704,-79.2564225199,474.0,American Robin
12036,2025-06-06,CC-BY-NC,https://inaturalist-open-data.s3.amazonaws.com/photos/516862398/medium.jpg,"Downsview, Toronto, ON, Canada",43.743060288,-79.4820398432,266.0,Mallard
22373,2025-12-05,,https://static.inaturalist.org/photos/597526454/medium.jpg,"Corktown Common, Toronto, ON, CA",43.654125,-79.3528666667,14.0,White-throated Sparrow
19102,2025-10-09,,https://static.inaturalist.org/photos/578192169/medium.jpg,"Don Valley Dr, Toronto, ON, CA",43.6897666667,-79.3585283333,4.0,Hairy Woodpecker
1295,2025-02-01,CC-BY-NC,https://inaturalist-open-data.s3.amazonaws.com/photos/467603163/medium.jpg,"QVG8+2C Port Union Waterfront Trail meeting place, Toronto, ON, Canada",43.7695383674,-79.1398019868,954.0,Bufflehead
8301,2025-04-28,CC-BY-NC,https://inaturalist-open-data.s3.amazonaws.com/photos/499708261/medium.jpeg,"Colonel  Samuel Smith Park, Toronto, ON, Canada",43.5906511232,-79.5131823425,683.0,Red-winged Blackbird
3176,2025-02-05,CC-BY-NC,https://inaturalist-open-data.s3.amazonaws.com/photos/476369636/medium.jpeg,"The Queensway – Humber Bay, Etobicoke, ON, Canada",43.6234058506,-79.4763418997,619.0,Mallard
4047,2025-03-30,CC-BY-NC,https://inaturalist-open-data.s3.amazonaws.com/photos/481897026/medium.jpg,"Bayview Village, North York, ON, Canada",43.7815928618,-79.3885679772,219.0,Northern Cardinal
18469,2025-09-29,CC-BY-NC,https://inaturalist-open-data.s3.amazonaws.com/photos/573902177/medium.jpg,"Woodbine Beach Dune Habitat, Toronto, ON, Canada",43.6608292309,-79.3077075562,2.0,Common Raven
8251,2025-05-03,CC-BY-NC,https://inaturalist-open-data.s3.amazonaws.com/photos/499661483/medium.jpeg,"73 Cardiff Rd, North York, ON M4P 2P4, Canada",43.713027,-79.3841394,179.0,House Finch
8577,2025-05-05,CC-BY-NC,https://inaturalist-open-data.s3.amazonaws.com/photos/500688061/medium.jpeg,"High Park-Swansea, Toronto, ON, Canada",43.6459120528,-79.4580239161,27.0,Hairy Woodpecker
11253,2025-05-27,CC-BY-NC,https://inaturalist-open-data.s3.amazonaws.com/photos/512730293/medium.jpg,"Etobicoke, ON M8X 1X3, Canada",43.6624475701,-79.5116514713,53.0,Barn Swallow
8229,2025-05-03,CC-BY-NC,https://inaturalist-open-data.s3.amazonaws.com/photos/499538867/medium.jpg,"Bayview Village, Toronto, ON, Canada",43.777636267,-79.3704431046,61.0,Palm Warbler
14176,2025-07-15,CC-BY-NC,https://inaturalist-open-data.s3.amazonaws.com/photos/538480146/medium.jpg,"South Riverdale, Toronto, ON, Canada",43.6288492756,-79.3236249313,12.0,Spotted Sandpiper
3032,2025-03-08,CC-BY-NC,https://inaturalist-open-data.s3.amazonaws.com/photos/475926187/medium.jpg,"Humber Bay Shores, Etobicoke, ON, Canada",43.6193017544,-79.4806004263,65.0,Feral Pigeon
20620,2025-10-24,CC-BY-NC,https://inaturalist-open-data.s3.amazonaws.com/photos/586491323/medium.jpg,"Hawk Hill - High Park, Toronto, ON, Canada",43.6463000354,-79.4656896358,10.0,Turkey Vulture
24,2025-01-02,CC-BY-NC,https://inaturalist-open-data.s3.amazonaws.com/photos/461219466/medium.jpeg,"Ontario, CA",43.6441435628,-79.5031134874,178.0,House Sparrow
16463,2025-08-30,CC-BY-NC,https://inaturalist-open-data.s3.amazonaws.com/photos/560709026/medium.jpg,"Bayview Village, Toronto, ON, Canada",43.777636267,-79.3704431046,61.0,American Redstart
1589,2025-02-01,,https://static.inaturalist.org/photos/468936191/medium.jpg,"Scarborough, ON, Canada",43.7093042554,-79.227503685,31.0,Iceland Gull
1722,2025-02-12,CC-BY-NC-ND,https://inaturalist-open-data.s3.amazonaws.com/photos/469878957/medium.jpeg,"Colonel Samuel Smith Park, 3145 Lake Shore Blvd W, Etobicoke, ON M8V 4B6, Canada",43.591398,-79.5133857,198.0,Greater Scaup
9399,2025-05-10,,https://static.inaturalist.org/photos/503277781/medium.jpg,"High Park-Swansea, Toronto, ON, Canada",43.6439778152,-79.4667854368,8.0,Blackburnian Warbler
18476,2025-09-28,CC-BY-NC,https://inaturalist-open-data.s3.amazonaws.com/photos/573901872/medium.jpg,"Niagara, Toronto, ON, Canada",43.6338944937,-79.4216075539,8.0,Feral Pigeon
1097,2025-01-26,CC-BY-NC,https://inaturalist-open-data.s3.amazonaws.com/photos/466430972/medium.jpg,"South Riverdale, Toronto, ON, Canada",43.6308621555,-79.3248831665,488.0,Greater Scaup
23048,2025-12-20,CC-BY-NC,https://inaturalist-open-data.s3.amazonaws.com/photos/601929841/medium.jpg,"Downsview, North York, ON, Canada",43.7419067682,-79.4799666985,929.0,Red-tailed Hawk
17426,2025-09-14,CC-BY-NC,https://inaturalist-open-data.s3.amazonaws.com/photos/567714285/medium.jpg,"Rosetta McClain Gardens, 5 Glen Everest Rd, Scarborough, ON M1N 1J2, Canada",43.6968253,-79.2557466,193.0,Northern Parula
22371,2025-12-05,,https://static.inaturalist.org/photos/597526080/medium.jpg,"Corktown Common, Toronto, ON, CA",43.6543,-79.35315,4.0,Northern Mockingbird
2652,2025-03-03,,https://static.inaturalist.org/photos/473991530/medium.jpg,"Corktown Common, Toronto, ON, CA",43.6540633333,-79.3534783333,8.0,Northern Cardinal
19168,2025-10-09,CC-BY-NC,https://inaturalist-open-data.s3.amazonaws.com/photos/578495721/medium.jpg,"Woodbine Beach Dune Habitat, Toronto, ON, Canada",43.6591877424,-79.3091516126,2.0,Northern Cardinal
16119,2025-08-26,CC-BY,https://inaturalist-open-data.s3.amazonaws.com/photos/558123526/medium.jpg,"Scarborough, ON M1P 3P5, Canada",43.7629911911,-79.2681954056,384.0,American Robin
16298,2025-06-07,CC-BY-NC,https://inaturalist-open-data.s3.amazonaws.com/photos/559440592/medium.jpg,"New Toronto, Etobicoke, ON, Canada",43.5911086005,-79.5173989065,12.0,European Starling
20708,2025-10-23,CC-BY-NC,https://inaturalist-open-data.s3.amazonaws.com/photos/587019592/medium.jpg,"Wilket Creek Tr, Toronto, ON, CA",43.7274466667,-79.3534866667,13.0,Great Blue Heron
21031,2025-04-17,CC-BY-NC,https://inaturalist-open-data.s3.amazonaws.com/photos/588859122/medium.jpg,"Centro, Toronto, ON, Canadá",43.6419891917,-79.3869201809,97.0,Pardal
19007,2025-10-08,CC-BY-NC,https://inaturalist-open-data.s3.amazonaws.com/photos/577871422/medium.jpg,"Bayview Village, Toronto, ON, Canada",43.777636267,-79.3704431046,61.0,Golden-crowned Kinglet
19257,2025-10-10,CC-BY-NC,https://inaturalist-open-data.s3.amazonaws.com/photos/579241231/medium.jpg,"Bayview Village, Toronto, ON, Canada",43.777636267,-79.3704431046,61.0,American Robin
12787,2025-06-18,CC-BY-NC,https://inaturalist-open-data.s3.amazonaws.com/photos/523178425/medium.jpg,"Toronto Zoo, Toronto, ON, CA",43.8217977636,-79.1813597085,9.0,Hairy Woodpecker
13623,2025-07-05,,https://static.inaturalist.org/photos/531892806/medium.jpg,"Tommy Thompson Park, Toronto, ON, CA",43.6433816218,-79.3213931458,1.0,Northern Yellow Warbler
5499,2025-04-18,CC-BY-NC,https://inaturalist-open-data.s3.amazonaws.com/photos/488991995/medium.jpg,"Woodbine Beach Dune Habitat, Toronto, ON, Canada",43.6591136585,-79.3073360584,2.0,Song Sparrow
1521,2025-02-08,CC-BY-NC,https://inaturalist-open-data.s3.amazonaws.com/photos/468860130/medium.jpg,"Bayview Village, Toronto, ON, Canada",43.777636267,-79.3704431046,61.0,American Black Duck
3587,2025-03-18,CC-BY-NC,https://inaturalist-open-data.s3.amazonaws.com/photos/478247696/medium.jpeg,"South Riverdale, Toronto, ON, Canada",43.6574068907,-79.3070052354,31.0,Mourning Dove
7904,2025-04-28,CC-BY-NC,https://inaturalist-open-data.s3.amazonaws.com/photos/498499574/medium.jpeg,"Colonel  Samuel Smith Park, Toronto, ON, Canada",43.5906511232,-79.5131823425,683.0,Red-winged Blackbird
10519,2025-05-23,CC-BY-NC,https://inaturalist-open-data.s3.amazonaws.com/photos/509296674/medium.jpg,"High Park-Swansea, Toronto, ON, Canada",43.6527332016,-79.46293213,78.0,Red-eyed Vireo
18761,2025-10-04,CC-BY-NC,https://inaturalist-open-data.s3.amazonaws.com/photos/576010406/medium.jpg,"Bayview Village, North York, ON, Canada",43.7778848685,-79.3785211656,909.0,American Goldfinch
5937,2025-04-23,,https://static.inaturalist.org/photos/490348296/medium.jpg,"Corktown Common, Toronto, ON, CA",43.6545833333,-79.35257,15.0,Swamp Sparrow
11150,2025-05-28,,https://static.inaturalist.org/photos/512106875/medium.jpg,"Corktown Common, Toronto, ON, CA",43.653405,-79.351945,9.0,American Goldfinch
23772,2025-10-08,CC-BY,https://inaturalist-open-data.s3.amazonaws.com/photos/608243323/medium.jpg,"Birch Cliff, Scarborough, ON, Canada",43.6963101734,-79.2558693624,46.0,Bald Eagle
17681,2025-09-17,,https://static.inaturalist.org/photos/569474999/medium.jpg,"Corktown Common, Toronto, ON, CA",43.654155,-79.35318,13.0,Song Sparrow
23738,2025-11-24,CC-BY-NC,https://inaturalist-open-data.s3.amazonaws.com/photos/607520747/medium.jpg,"Hubbard Blvd / Balsam Av, Toronto, ON M4L 1B8, Canada",43.6688715261,-79.287484847,20.0,Red-breasted Merganser
23965,2025-08-27,CC-BY-NC,https://inaturalist-open-data.s3.amazonaws.com/photos/619147860/medium.jpg,"Toronto, ON, CA",43.7031466667,-79.240045,4.0,Mute Swan
23091,2025-12-24,CC-BY-NC,https://inaturalist-open-data.s3.amazonaws.com/photos/602273376/medium.jpg,"Martin Goodman Tr, Toronto, ON, CA",43.639575,-79.375625,6.0,Long-tailed Duck
407,2025-01-11,CC-BY-NC,https://inaturalist-open-data.s3.amazonaws.com/photos/463186152/medium.jpg,"Ontario, CA",43.4063694448,-79.4895718172,5.0,Long-eared Owl
11822,2025-05-17,CC-BY-NC,https://inaturalist-open-data.s3.amazonaws.com/photos/515925453/medium.jpg,"Toronto, ON, Canada",43.6459240308,-79.3198359513,244.0,Snow Goose
18283,2025-09-27,CC-BY-NC,https://inaturalist-open-data.s3.amazonaws.com/photos/572855878/medium.jpg,"Ashbridge’s Bay Park , Toronto, ON, Canada",43.6569771667,-79.3051947634,4.0,Yellow-billed Cuckoo
2866,2025-03-08,CC-BY-NC,https://inaturalist-open-data.s3.amazonaws.com/photos/475544990/medium.jpg,"Tommy Thompson Park, Toronto, ON, CA",43.6446083333,-79.321455,4.0,Mallard
21591,2025-11-11,CC-BY-NC,https://inaturalist-open-data.s3.amazonaws.com/photos/591415335/medium.jpg,"Bayview Village, Toronto, ON, Canada",43.777636267,-79.3704431046,61.0,American Goldfinch
1349,2025-02-02,CC-BY-NC,https://inaturalist-open-data.s3.amazonaws.com/photos/467708915/medium.jpeg,"Colonel  Samuel Smith Park, Toronto, ON, Canada",43.5906511232,-79.5131823425,683.0,Northern Cardinal
11335,2025-05-27,CC-BY-NC,https://inaturalist-open-data.s3.amazonaws.com/photos/513373764/medium.jpg,"Colonel  Samuel Smith Park, Toronto, ON, Canada",43.5906511232,-79.5131823425,683.0,Double-crested Cormorant
3901,2025-03-27,,https://static.inaturalist.org/photos/480409763/medium.jpg,"Willard Gdns, Toronto, ON, CA",43.6467307346,-79.4806389236,50.0,Cooper's Hawk
4250,2025-04-04,CC-BY-NC,https://inaturalist-open-data.s3.amazonaws.com/photos/482923927/medium.jpeg,"73 Cardiff Rd, North York, ON M4P 2P4, Canada",43.713027,-79.3841394,179.0,House Finch
8838,2025-04-27,CC-BY-NC,https://inaturalist-open-data.s3.amazonaws.com/photos/501403646/medium.jpeg,"Colonel  Samuel Smith Park, Toronto, ON, Canada",43.5906511232,-79.5131823425,683.0,Red-necked Grebe
14647,2025-07-27,CC-BY-NC,https://inaturalist-open-data.s3.amazonaws.com/photos/543873447/medium.jpg,"73 Cardiff Rd, North York, ON M4P 2P4, Canada",43.713027,-79.3841394,179.0,Red-breasted Nuthatch
9958,2025-05-17,CC-BY-NC,https://inaturalist-open-data.s3.amazonaws.com/photos/514741752/medium.jpg,"Clouston Ave, Toronto, ON, CA",43.6939133333,-79.51072,16.0,Baltimore Oriole
3847,2025-03-26,CC-BY-NC,https://inaturalist-open-data.s3.amazonaws.com/photos/480011417/medium.jpeg,"River St at King St East, Toronto, ON M5A 1V1, Canada",43.6569915062,-79.3564873561,86.0,Feral Pigeon
17596,2025-09-18,,https://static.inaturalist.org/photos/568833876/medium.jpg,"Corktown Common, Toronto, ON, CA",43.654745,-79.3522633333,31.0,Chestnut-sided Warbler
8773,2025-05-06,,https://static.inaturalist.org/photos/501219943/medium.jpg,"Corktown Common, Toronto, ON, CA",43.6541366667,-79.3529883333,70.0,Rose-breasted Grosbeak
21626,2025-11-14,CC-BY-NC,https://inaturalist-open-data.s3.amazonaws.com/photos/591672293/medium.jpg,"The Queensway – Humber Bay, Etobicoke, ON, Canada",43.6220119746,-79.4745902527,324.0,Northern Harrier
12340,2025-06-11,CC-BY-NC,https://inaturalist-open-data.s3.amazonaws.com/photos/519373626/medium.jpg,"Woodbine Beach Park, Toronto, ON, CA",43.6601226227,-79.3080780778,51.0,Spotted Sandpiper
3576,2025-03-19,CC-BY-NC,https://inaturalist-open-data.s3.amazonaws.com/photos/478144382/medium.jpg,"Toronto, ON, Canada",43.6199436376,-79.3329424459,8.0,Horned Grebe
18352,2025-09-27,CC-BY-NC,https://inaturalist-open-data.s3.amazonaws.com/photos/573051148/medium.jpg,"Toronto, ON, CA",43.6596398234,-79.3068084478,26.0,Dark-eyed Junco
11313,2025-05-30,CC-BY-NC,https://inaturalist-open-data.s3.amazonaws.com/photos/513208620/medium.jpg,"Humber River Recreational Tr, Toronto, ON, CA",43.6524616667,-79.497955,5.0,Red-winged Blackbird
5794,2025-04-22,CC-BY-NC,https://inaturalist-open-data.s3.amazonaws.com/photos/489811167/medium.jpg,"Humber River Recreational Tr, Toronto, ON, CA",43.67402,-79.51258,8.0,Common Merganser
7983,2025-05-02,CC-BY-NC,https://inaturalist-open-data.s3.amazonaws.com/photos/498849987/medium.jpg,"Whistle Post St, Toronto, ON, CA",43.6872259352,-79.2950562344,6.0,White-throated Sparrow
13125,2025-06-25,CC-BY,https://inaturalist-open-data.s3.amazonaws.com/photos/526901928/medium.jpg,"High Park-Swansea, Toronto, ON, Canada",43.6422432,-79.4664106701,30.0,Purple Martin
9240,2025-05-09,CC-BY-NC,https://inaturalist-open-data.s3.amazonaws.com/photos/502543679/medium.jpg,"Bayview Village, Toronto, ON, Canada",43.777636267,-79.3704431046,175.0,Great Crested Flycatcher
19385,2025-10-10,CC0,https://inaturalist-open-data.s3.amazonaws.com/photos/579639030/medium.jpg,"Ontario, CA",43.6049337971,-79.2460984713,135.0,Song Sparrow
19652,2025-10-15,,https://static.inaturalist.org/photos/580780823/medium.jpg,"Corktown Common, Toronto, ON, CA",43.654225,-79.3519966667,9.0,Red-breasted Nuthatch
23342,2025-09-29,CC-BY-NC,https://inaturalist-open-data.s3.amazonaws.com/photos/603016275/medium.jpg,"York Blvd, Toronto, ON, CA",43.774045,-79.5014333333,4.0,Ring-billed Gull
1203,2025-01-26,CC-BY-NC,https://inaturalist-open-data.s3.amazonaws.com/photos/467392430/medium.jpg,"Rouge National Urban Park, Toronto, ON, CA",43.7937455581,-79.1190693231,93.0,Baltimore Oriole
21562,2025-11-13,CC-BY-NC,https://inaturalist-open-data.s3.amazonaws.com/photos/591314091/medium.jpg,"Bayview Village, North York, ON, Canada",43.7809793951,-79.385096426,394.0,Dark-eyed Junco
18490,2025-09-23,CC-BY,https://inaturalist-open-data.s3.amazonaws.com/photos/573996456/medium.jpg,M1P 3P5,43.7629911911,-79.2681954056,384.0,Northern Cardinal
7566,2025-04-29,CC-BY-NC,https://inaturalist-open-data.s3.amazonaws.com/photos/496982296/medium.jpeg,"The Beaches, Toronto, ON, Canada",43.6776476408,-79.2934833415,4.0,Louisiana Waterthrush
8795,2025-04-27,CC-BY-NC,https://inaturalist-open-data.s3.amazonaws.com/photos/501215985/medium.jpeg,"Colonel  Samuel Smith Park, Toronto, ON, Canada",43.5906511232,-79.5131823425,683.0,Red-winged Blackbird
22606,2025-12-03,CC0,https://inaturalist-open-data.s3.amazonaws.com/photos/598829772/medium.jpg,"Ontario, CA",43.6746344913,-79.3706412257,122.0,House Sparrow
15309,2025-05-06,CC-BY-NC,https://inaturalist-open-data.s3.amazonaws.com/photos/549993192/medium.jpg,"New Toronto, Etobicoke, ON, Canada",43.5947519693,-79.5123066227,8.0,Rose-breasted Grosbeak
19210,2025-10-11,CC-BY-NC,https://inaturalist-open-data.s3.amazonaws.com/photos/578873457/medium.jpg,"University of Toronto - St. George Campus, Toronto, ON, CA",43.6623499738,-79.3958346011,23.0,Hermit Thrush
13943,2025-07-02,CC-BY,https://inaturalist-open-data.s3.amazonaws.com/photos/535335269/medium.jpg,"South Riverdale, Toronto, ON, Canada",43.6306554504,-79.3243996686,15.0,Trumpeter Swan
14206,2025-07-18,CC-BY-NC,https://inaturalist-open-data.s3.amazonaws.com/photos/538709116/medium.jpg,"Humber River, Toronto, ON, CA",43.6355616667,-79.4760383333,1.0,Black-crowned Night Heron
23401,2025-12-28,CC-BY-NC,https://inaturalist-open-data.s3.amazonaws.com/photos/603421738/medium.jpg,"South Riverdale, Toronto, ON, Canada",43.6526453833,-79.3230777662,4.0,Northern Mockingbird
3158,2025-03-11,CC-BY-NC,https://inaturalist-open-data.s3.amazonaws.com/photos/476350635/medium.jpeg,"South Riverdale, Toronto, ON, Canada",43.6284979155,-79.3264414208,977.0,American Kestrel
670,2025-01-14,CC-BY-NC,https://inaturalist-open-data.s3.amazonaws.com/photos/464141577/medium.jpeg,"Toronto, ON, Canada",43.6038829127,-79.4906628797,122.0,Common Goldeneye
18954,2025-10-05,,https://static.inaturalist.org/photos/577515597/medium.jpg,"Corktown Common, Toronto, ON, CA",43.6542866667,-79.3527616667,5.0,Ruby-crowned Kinglet
6580,2025-04-13,,https://static.inaturalist.org/photos/492034878/medium.jpg,"Queen's Park Cres E, Toronto, ON, CA",43.666725,-79.3913716667,24.0,European Starling
19370,2025-10-12,CC-BY-NC,https://inaturalist-open-data.s3.amazonaws.com/photos/579620524/medium.jpg,"South Riverdale, Toronto, ON, Canada",43.6556144248,-79.310578032,40.0,Common Grackle
7589,2025-04-28,CC0,https://inaturalist-open-data.s3.amazonaws.com/photos/497043690/medium.jpeg,"Don Valley Brickworks Park, Toronto, ON, Canada",43.6864850873,-79.3673304755,8.0,Double-crested Cormorant
11047,2025-05-27,CC-BY-NC,https://inaturalist-open-data.s3.amazonaws.com/photos/511530918/medium.jpg,"Varna Dr, Toronto, ON, CA",43.7187916667,-79.4391783333,3.0,American Robin
3580,2025-03-20,CC-BY,https://inaturalist-open-data.s3.amazonaws.com/photos/478165167/medium.jpeg,"Scarborough, ON M1P 3P5, Canada",43.76337631,-79.26835966,7.0,American Robin
16588,2025-09-01,CC-BY-NC,https://inaturalist-open-data.s3.amazonaws.com/photos/561658151/medium.jpg,"Westminster, North York, ON, Canada",43.7787447693,-79.4559743257,30.0,White-breasted Nuthatch
397,2025-01-10,CC-BY-NC,https://inaturalist-open-data.s3.amazonaws.com/photos/462991821/medium.jpeg,"Toronto, ON M4W 1V2, Canada",43.6799073283,-79.3803077191,97.0,Winter Wren
17562,2025-09-03,CC-BY-NC,https://inaturalist-open-data.s3.amazonaws.com/photos/568729968/medium.jpg,"Rosetta McClain Gardens, 5 Glen Everest Rd, Scarborough, ON M1N 1J2, Canada",43.6968253,-79.2557466,193.0,Common Grackle
10277,2025-05-16,,https://static.inaturalist.org/photos/507772719/medium.jpg,"Birch Cliff, Scarborough, ON, Canada",43.696374064,-79.255858851,15.0,American Redstart
19959,2025-05-14,CC-BY-NC,https://inaturalist-open-data.s3.amazonaws.com/photos/582495745/medium.jpg,"Parque Downsview, 70 Canuck Ave, North York, ON M3K 2C5, Canadá",43.7439594,-79.4841427,186.0,Maçarico-pintado
6962,2025-04-27,,https://static.inaturalist.org/photos/493960400/medium.jpg,"High Park-Swansea, Toronto, ON, Canada",43.6460543321,-79.4696225805,4.0,Double-crested Cormorant
16780,2025-09-06,CC0,https://inaturalist-open-data.s3.amazonaws.com/photos/563143177/medium.jpg,"Toronto, CA-ON, CA",43.6138698609,-79.3863624707,4.0,Song Sparrow
23204,2025-12-26,CC-BY,https://inaturalist-open-data.s3.amazonaws.com/photos/602769994/medium.jpg,"Toronto, ON M6K 3C3, Canada",43.6306744524,-79.4101271778,4.0,Black-capped Chickadee
11565,2025-06-02,CC-BY-NC,https://inaturalist-open-data.s3.amazonaws.com/photos/514939841/medium.jpg,"Rosetta McClain Gardens, 5 Glen Everest Rd, Scarborough, ON M1N 1J2, Canada",43.6968253,-79.2557466,193.0,Northern Cardinal
20536,2025-10-27,,https://static.inaturalist.org/photos/586113449/medium.jpg,"Humber Bay Park Rd W, Toronto, ON, CA",43.6183083333,-79.47985,301.0,Red-necked Grebe
3147,2025-03-13,,https://static.inaturalist.org/photos/476345873/medium.jpg,"Beltline Tr, Toronto, ON, CA",43.6876033333,-79.3677133333,14.0,White-breasted Nuthatch
6214,2025-04-25,CC-BY-NC,https://inaturalist-open-data.s3.amazonaws.com/photos/491613020/medium.jpeg,"Toronto, ON M5V 2Y5, Canada",43.6369138677,-79.3943994585,6.0,Common Grackle
9189,2025-05-06,CC-BY-NC,https://inaturalist-open-data.s3.amazonaws.com/photos/502399132/medium.jpeg,"Colonel  Samuel Smith Park, Toronto, ON, Canada",43.5906511232,-79.5131823425,683.0,Blackburnian Warbler
15818,2025-08-19,,https://static.inaturalist.org/photos/554906728/medium.jpg,"South Riverdale, Toronto, ON, Kanada",43.6442530858,-79.3212259394,8.0,Rauchschwalbe
2374,2025-02-26,CC-BY-NC,https://inaturalist-open-data.s3.amazonaws.com/photos/472833782/medium.jpg,"Edwards Gardens, 755 Lawrence Ave E, North York, ON M3C 1P2, Canada",43.7338039,-79.357924,193.0,Black-capped Chickadee
22419,2025-04-21,CC-BY,https://inaturalist-open-data.s3.amazonaws.com/photos/597537100/medium.jpg,"New Toronto, Etobicoke, ON, Canada",43.5904404034,-79.5147108009,35.0,Brown Thrasher
17742,2025-09-20,CC-BY-NC,https://inaturalist-open-data.s3.amazonaws.com/photos/569752076/medium.jpg,"Centennial Scarborough, Scarborough, ON, Canada",43.7690660179,-79.140929048,117.0,American Herring Gull
8075,2025-05-02,CC-BY-NC,https://inaturalist-open-data.s3.amazonaws.com/photos/499136919/medium.jpg,"Bayview Village, North York, ON, Canada",43.778858593,-79.3754787023,281.0,Mallard
23007,2025-12-20,CC-BY-NC,https://inaturalist-open-data.s3.amazonaws.com/photos/601602195/medium.jpg,"73 Cardiff Rd, North York, ON M4P 2P4, Canada",43.713027,-79.3841394,179.0,Northern Cardinal
19742,2025-10-07,CC-BY-NC,https://inaturalist-open-data.s3.amazonaws.com/photos/581096821/medium.jpg,"Rouge Beach, Toronto, ON, Canada",43.7940098014,-79.117017256,4.0,American Herring Gull
5383,2025-04-18,,https://static.inaturalist.org/photos/488553596/medium.jpeg,"Toronto, CA-ON, CA",43.6234709795,-79.4799283147,13.0,Common Grackle
7531,2025-04-27,CC-BY-NC,https://inaturalist-open-data.s3.amazonaws.com/photos/496783348/medium.jpg,"Bayview Village, North York, ON, Canada",43.7815632936,-79.3720488222,387.0,Yellow-rumped Warbler
11952,2025-05-29,CC-BY-NC,https://inaturalist-open-data.s3.amazonaws.com/photos/516598452/medium.jpg,"Colonel  Samuel Smith Park, Toronto, ON, Canada",43.5906511232,-79.5131823425,683.0,Cedar Waxwing
4715,2025-04-12,CC-BY-NC,https://inaturalist-open-data.s3.amazonaws.com/photos/485689780/medium.jpg,"Bayview Village, North York, ON, Canada",43.7792981108,-79.369997286,381.0,American Robin
10403,2025-05-20,CC-BY-NC,https://inaturalist-open-data.s3.amazonaws.com/photos/508417217/medium.jpg,"Tommy Thompson Park, Toronto, ON, CA",43.6285826037,-79.3256660277,280.0,Black-bellied Plover
12793,2025-05-25,,https://static.inaturalist.org/photos/523200252/medium.jpg,"East Point Park Bird Sanctuary, West Hill, Scarborough, ON M1E 3Z4加拿大",43.763026,-79.1518517,187.0,北美金翅雀
6833,2025-04-10,CC-BY-NC,https://inaturalist-open-data.s3.amazonaws.com/photos/493102727/medium.jpg,"South Riverdale, Toronto, ON, Canada",43.6277799169,-79.3266381528,15.0,American Coot
15157,2025-08-06,CC-BY-NC,https://inaturalist-open-data.s3.amazonaws.com/photos/548646284/medium.jpg,"Toronto, ON M4M 2Z5, Canada",43.6580396309,-79.3321919069,32.0,American Goldfinch
21509,2025-11-08,CC-BY-NC,https://inaturalist-open-data.s3.amazonaws.com/photos/591264940/medium.jpg,"Rouge Beach , Toronto, ON, Canada",43.7943308304,-79.1174217526,4.0,Ring-billed Gull
2291,2025-02-25,CC-BY-NC,https://inaturalist-open-data.s3.amazonaws.com/photos/472604686/medium.jpg,"Scarborough, ON, Canada",43.7088969605,-79.231747209,520.0,Trumpeter Swan
22181,2025-11-29,CC-BY,https://static.inaturalist.org/photos/595810699/medium.jpg,"Eglinton Ave East at Sutherland Dr, East York, ON M4G 2L1, Canada",43.7137925847,-79.3676114827,130.0,Cooper's Hawk
14812,2025-07-20,CC-BY-NC,https://inaturalist-open-data.s3.amazonaws.com/photos/545213379/medium.jpg,"Ontario, CA",43.6051022273,-79.5755205316,26.0,Red-winged Blackbird
22775,2025-12-14,CC-BY-NC,https://inaturalist-open-data.s3.amazonaws.com/photos/600089681/medium.jpg,"Toronto, ON, Canada",43.6563345397,-79.3067758179,31.0,Trumpeter Swan
624,2025-01-07,CC-BY-NC,https://inaturalist-open-data.s3.amazonaws.com/photos/463848737/medium.jpeg,"Colonel  Samuel Smith Park, Toronto, ON, Canada",43.5906511232,-79.5131823425,683.0,Gadwall
19332,2025-10-12,CC-BY,https://inaturalist-open-data.s3.amazonaws.com/photos/579528752/medium.jpg,"Beltline Tr, Toronto, ON, CA",43.6867033333,-79.36712,17.0,Mallard
18822,2025-10-04,CC-BY-NC,https://inaturalist-open-data.s3.amazonaws.com/photos/576247758/medium.jpg,"Toronto, ON, CA",43.6877216667,-79.36698,200.0,Downy Woodpecker
9231,2025-05-09,CC-BY-NC,https://inaturalist-open-data.s3.amazonaws.com/photos/502530142/medium.jpg,"Don Valley Parkway N, Toronto, ON, CA",43.690699661,-79.3590119527,372.0,Downy Woodpecker
6550,2025-04-25,CC-BY-NC,https://inaturalist-open-data.s3.amazonaws.com/photos/491980149/medium.jpeg,"Colonel  Samuel Smith Park, Toronto, ON, Canada",43.5906511232,-79.5131823425,683.0,Tree Swallow
3636,2025-03-21,CC-BY-NC,https://inaturalist-open-data.s3.amazonaws.com/photos/478426821/medium.jpg,"Bayview Village, Toronto, ON, Canada",43.777636267,-79.3704431046,61.0,Mallard
12291,2025-06-04,CC-BY-NC,https://inaturalist-open-data.s3.amazonaws.com/photos/519053759/medium.jpg,"Rouge Marsh, Toronto, ON, Canada",43.7943197538,-79.1202445216,4.0,Wood Duck
5531,2025-04-20,CC0,https://inaturalist-open-data.s3.amazonaws.com/photos/489047234/medium.jpg,"Ontario, CA",43.7203152172,-79.375220842,319.0,Common Raven
23201,2025-12-26,CC-BY,https://inaturalist-open-data.s3.amazonaws.com/photos/602769245/medium.jpg,"Shriners' Peace Memorial, Toronto, ON M6K 3C3, Canada",43.6298670715,-79.4220153987,8.0,Mute Swan
7290,2025-04-28,CC-BY-NC,https://inaturalist-open-data.s3.amazonaws.com/photos/495953843/medium.jpg,"Jane St, Toronto, ON, CA",43.69737,-79.50148,6.0,Birds
20081,2025-09-16,CC-BY-NC,https://inaturalist-open-data.s3.amazonaws.com/photos/583017032/medium.jpg,"Humbermede, North York, ON, Canada",43.741956826,-79.5471138018,8.0,Yellow-rumped Warbler
20819,2025-11-02,CC-BY-NC,https://inaturalist-open-data.s3.amazonaws.com/photos/587551666/medium.jpg,"Bayview Village, Toronto, ON, Canada",43.777636267,-79.3704431046,61.0,Fox Sparrow
5985,2025-04-18,CC-BY-NC,https://inaturalist-open-data.s3.amazonaws.com/photos/490429396/medium.jpeg,"Colonel  Samuel Smith Park, Toronto, ON, Canada",43.5906511232,-79.5131823425,683.0,Pine Warbler
8223,2025-05-02,CC0,https://inaturalist-open-data.s3.amazonaws.com/photos/499532822/medium.jpeg,"Humber Bay Shores, Etobicoke, ON, Canada",43.613318879,-79.4799079652,163.0,Chestnut-sided Warbler
15723,2025-08-14,CC-BY-NC,https://inaturalist-open-data.s3.amazonaws.com/photos/553866597/medium.jpg,"Bayview Village, North York, ON, Canada",43.7814312656,-79.3717233493,513.0,Mallard
13824,2025-07-08,CC-BY-NC,https://inaturalist-open-data.s3.amazonaws.com/photos/534141771/medium.jpg,"Banbury-Don Mills, North York, ON, Canada",43.7301447397,-79.3556494868,704.0,Grey Catbird
5882,2025-04-22,CC-BY-NC,https://inaturalist-open-data.s3.amazonaws.com/photos/490141969/medium.jpg,"Bayview Village, North York, ON, Canada",43.7799224784,-79.3695895534,426.0,Wood Duck
4014,2025-03-29,,https://static.inaturalist.org/photos/481712643/medium.jpg,"University of Toronto Scarborough, Toronto, ON, CA",43.77938,-79.1869883333,10.0,Downy Woodpecker
20809,2025-11-01,CC-BY-NC,https://inaturalist-open-data.s3.amazonaws.com/photos/587522531/medium.jpg,"Bayview Village, Toronto, ON, Canada",43.777636267,-79.3704431046,61.0,Hairy Woodpecker
5319,2025-04-19,,https://inaturalist-open-data.s3.amazonaws.com/photos/488367407/medium.jpeg,"Scarborough City Centre, Scarborough, ON, Canada",43.7738916667,-79.25425,23.0,Golden-crowned Kinglet
12760,2025-06-14,CC-BY-NC,https://inaturalist-open-data.s3.amazonaws.com/photos/523076664/medium.jpg,"Rouge National Urban Park, Toronto, ON, CA",43.794075,-79.1169195,5.0,Canada Goose
7723,2025-04-29,CC-BY-NC,https://inaturalist-open-data.s3.amazonaws.com/photos/497771551/medium.jpeg,"Broadview North, East York, ON, Canada",43.6951129427,-79.3601123443,25.0,Palm Warbler
15713,2025-08-17,CC-BY-NC,https://inaturalist-open-data.s3.amazonaws.com/photos/553780008/medium.jpg,"Woodbine Beach, Toronto, ON, Canada",43.6624184502,-79.3066796232,8.0,Bonaparte's Gull
19414,2025-10-13,CC-BY-NC,https://inaturalist-open-data.s3.amazonaws.com/photos/579822041/medium.jpg,"Old Mill Dr, Toronto, ON, CA",43.65175,-79.490975,13.0,Great Blue Heron
648,2025-01-12,CC-BY-NC,https://inaturalist-open-data.s3.amazonaws.com/photos/463963065/medium.jpeg,"Toronto, ON, Canada",43.6338045517,-79.3217783771,15.0,Northern Shoveler
2744,2025-03-07,CC-BY-NC,https://inaturalist-open-data.s3.amazonaws.com/photos/474785400/medium.jpg,"Bayview Village, North York, ON, Canada",43.7805884712,-79.3731670017,517.0,Red-bellied Woodpecker
4517,2025-04-09,,https://static.inaturalist.org/photos/484596000/medium.jpeg,"Toronto, CA-ON, CA",43.6484648982,-79.5227484405,5.0,Hooded Merganser
1940,2025-02-17,CC-BY-NC,https://inaturalist-open-data.s3.amazonaws.com/photos/470844622/medium.jpeg,"Etobicoke, ON M9A 4N1, Canada",43.6673062852,-79.5129945874,120.0,Red-tailed Hawk
11577,2025-06-02,CC-BY-NC,https://inaturalist-open-data.s3.amazonaws.com/photos/515077878/medium.jpg,"Bayview Village, North York, ON, Canada",43.7823086179,-79.3755488745,823.0,Red-winged Blackbird
11951,2025-05-29,CC-BY-NC,https://inaturalist-open-data.s3.amazonaws.com/photos/516598357/medium.jpg,"Colonel  Samuel Smith Park, Toronto, ON, Canada",43.5906511232,-79.5131823425,683.0,Cedar Waxwing
19073,2025-10-08,CC0,https://inaturalist-open-data.s3.amazonaws.com/photos/578082933/medium.jpg,"Ontario, CA",43.725861173,-79.247378486,493.0,Swamp Sparrow
17253,2025-08-25,CC0,https://inaturalist-open-data.s3.amazonaws.com/photos/567030147/medium.jpg,"David A. Balfour Park, Toronto, ON, Canada",43.6855420858,-79.3873811704,15.0,American Goldfinch
4239,2025-04-04,,https://static.inaturalist.org/photos/482897901/medium.jpeg,"York, ON M6N 2E8, Canada",43.6737510613,-79.501615651,431.0,Wood Duck
8057,2025-05-02,CC-BY-NC,https://inaturalist-open-data.s3.amazonaws.com/photos/499039090/medium.jpeg,"4001 Leslie St, North York, ON M2K 1E1, Canada",43.7689252,-79.3631408,194.0,Northern Cardinal
6476,2025-04-25,CC-BY-NC,https://inaturalist-open-data.s3.amazonaws.com/photos/491919288/medium.jpg,"Queens Quay W, Toronto, ON, CA",43.6372628031,-79.3931343825,897.0,Red-winged Blackbird
13962,2025-07-09,CC-BY-NC,https://inaturalist-open-data.s3.amazonaws.com/photos/535641257/medium.jpg,"Rouge Park, Beare Wetlands, Toronto, ON, Canada",43.8220880877,-79.1653947924,75.0,Trumpeter Swan
7539,2025-04-26,CC-BY-NC,https://inaturalist-open-data.s3.amazonaws.com/photos/496804450/medium.jpg,"Bayview Village, North York, ON, Canada",43.7813194949,-79.3884312388,219.0,Red-breasted Nuthatch
6057,2025-04-24,,https://static.inaturalist.org/photos/490796982/medium.jpg,"Corktown Common, Toronto, ON, CA",43.6544333333,-79.3526,5.0,White-throated Sparrow
4224,2025-01-08,CC-BY,https://inaturalist-open-data.s3.amazonaws.com/photos/482823203/medium.png,"Toronto, ON, Canada",43.6075344034,-79.4878765309,43.0,American Black Duck
18470,2025-09-29,CC-BY-NC,https://inaturalist-open-data.s3.amazonaws.com/photos/573902192/medium.jpg,"Woodbine Beach Dune Habitat, Toronto, ON, Canada",43.6608292309,-79.3077075562,2.0,Rusty Blackbird
14396,2025-07-22,,https://static.inaturalist.org/photos/540989062/medium.jpg,"Humber River Recreational Tr, Toronto, ON, CA",43.652455,-79.49475,3.0,Great Blue Heron
8307,2025-04-28,CC-BY-NC,https://inaturalist-open-data.s3.amazonaws.com/photos/499709459/medium.jpeg,"Colonel  Samuel Smith Park, Toronto, ON, Canada",43.5906511232,-79.5131823425,683.0,Tree Swallow
16952,2025-09-09,,https://static.inaturalist.org/photos/564837336/medium.jpg,"Trolley Cres, Toronto, ON, CA",43.65678,-79.355095,10.0,American Goldfinch
3342,2025-03-16,CC-BY-NC,https://inaturalist-open-data.s3.amazonaws.com/photos/477189642/medium.jpeg,"Humber Bay Shores, Etobicoke, ON, Canada",43.6232341011,-79.477086179,27.0,Red-necked Grebe
10962,2025-05-26,,https://static.inaturalist.org/photos/511129551/medium.jpg,"Corktown Common, Toronto, ON, CA",43.6545333333,-79.3526,29.0,Swainson's Thrush
20011,2025-10-17,CC-BY-NC,https://inaturalist-open-data.s3.amazonaws.com/photos/582709367/medium.jpg,"Bayview Village, Toronto, ON, Canada",43.777636267,-79.3704431046,61.0,Cedar Waxwing
19337,2025-10-12,CC-BY-NC,https://inaturalist-open-data.s3.amazonaws.com/photos/579533624/medium.jpg,"Bayview Village, North York, ON, Canada",43.781772091,-79.3720237567,393.0,Yellow-rumped Warbler
6434,2025-04-25,CC-BY-NC,https://inaturalist-open-data.s3.amazonaws.com/photos/491840535/medium.jpg,"Rosetta McClain Gardens, 5 Glen Everest Rd, Scarborough, ON M1N 1J2, Canada",43.6968253,-79.2557466,193.0,White-throated Sparrow
23373,2025-12-26,CC-BY-NC,https://inaturalist-open-data.s3.amazonaws.com/photos/603152501/medium.jpg,"Arlington Ave, Toronto, ON, CA",43.6943595209,-79.433782488,13.0,Hairy Woodpecker
556,2025-01-09,CC-BY-NC,https://inaturalist-open-data.s3.amazonaws.com/photos/463565535/medium.jpeg,"Colonel  Samuel Smith Park, Toronto, ON, Canada",43.5906511232,-79.5131823425,683.0,White-winged Scoter
17277,2025-09-13,CC-BY-NC,https://inaturalist-open-data.s3.amazonaws.com/photos/567096906/medium.jpg,"Bayview Village, Toronto, ON, Canada",43.777636267,-79.3704431046,61.0,White-throated Sparrow
9145,2025-05-08,,https://static.inaturalist.org/photos/502110441/medium.jpeg,"Toronto, ON M6R 2Z3, Canada",43.6461717815,-79.4626159966,423.0,Baltimore Oriole
21566,2025-11-13,CC-BY-NC,https://inaturalist-open-data.s3.amazonaws.com/photos/591317403/medium.jpg,"The Beaches, Toronto, ON, Canada",43.6746202607,-79.2950886245,4.0,Red-winged Blackbird
541,2025-01-09,CC-BY-NC,https://inaturalist-open-data.s3.amazonaws.com/photos/463517144/medium.jpeg,"Colonel  Samuel Smith Park, Toronto, ON, Canada",43.5906511232,-79.5131823425,683.0,Greater Scaup
1235,2025-02-01,CC-BY-NC,https://inaturalist-open-data.s3.amazonaws.com/photos/467464250/medium.jpg,"Rouge, Scarborough, ON, Canada",43.7942502196,-79.1176719638,39.0,Common Goldeneye
1627,2025-02-09,,https://static.inaturalist.org/photos/469252496/medium.jpeg,"New Toronto, Etobicoke, ON, Canada",43.5915083333,-79.5134,1.0,Red-tailed Hawk
6258,2025-04-25,CC-BY-NC,https://inaturalist-open-data.s3.amazonaws.com/photos/491648557/medium.jpeg,"High Park-Swansea, Toronto, ON, Canada",43.6405413321,-79.4552890724,15.0,Red-winged Blackbird
6261,2025-04-25,CC-BY-NC,https://inaturalist-open-data.s3.amazonaws.com/photos/491648490/medium.jpeg,"High Park-Swansea, Toronto, ON, Canada",43.6403061405,-79.4550648155,112.0,Great Egret
20894,2025-10-13,CC0,https://inaturalist-open-data.s3.amazonaws.com/photos/588000694/medium.jpg,"Ontario, CA",43.6438692922,-79.2391867104,193.0,Mallard
15804,2025-08-04,,https://static.inaturalist.org/photos/554811730/medium.jpg,"Centreville Amusement Park, Toronto, ON, CA",43.6127220605,-79.3838508335,7.0,Baltimore Oriole
891,2025-01-12,CC-BY-NC,https://inaturalist-open-data.s3.amazonaws.com/photos/464866631/medium.jpeg,"Colonel  Samuel Smith Park, Toronto, ON, Canada",43.5906511232,-79.5131823425,683.0,Feral Pigeon
18474,2025-09-28,CC-BY-NC,https://inaturalist-open-data.s3.amazonaws.com/photos/573901614/medium.jpg,"Niagara, Toronto, ON, Canada",43.6338656465,-79.421593993,39.0,Feral Pigeon
1610,2025-01-25,CC-BY-NC,https://inaturalist-open-data.s3.amazonaws.com/photos/469157283/medium.jpg,"The Queensway – Humber Bay, Etobicoke, ON, Canada",43.6234675356,-79.4768914335,26.0,Trumpeter Swan
12997,2025-06-22,CC-BY-NC,https://inaturalist-open-data.s3.amazonaws.com/photos/525577191/medium.jpg,"Bayview Village, North York, ON, Canada",43.7801836938,-79.3727167344,462.0,Cooper's Hawk
22297,2025-12-01,CC-BY-NC,https://inaturalist-open-data.s3.amazonaws.com/photos/596464133/medium.jpg,"Ashland Ave, Toronto, ON, CA",43.6684033333,-79.3160783333,7.0,Long-eared Owl
23100,2025-09-14,CC-BY-NC,https://inaturalist-open-data.s3.amazonaws.com/photos/602321399/medium.jpg,"The Esplanade, Toronto, ON, CA",43.6483505876,-79.3693826438,59.0,Feral Pigeon
910,2025-01-12,CC-BY-NC,https://inaturalist-open-data.s3.amazonaws.com/photos/465158421/medium.jpeg,"Colonel  Samuel Smith Park, Toronto, ON, Canada",43.5906511232,-79.5131823425,683.0,Canvasback
2005,2025-02-17,CC-BY-NC,https://inaturalist-open-data.s3.amazonaws.com/photos/471046094/medium.jpg,"Bayview Village, Toronto, ON, Canada",43.777636267,-79.3704431046,61.0,Red-breasted Nuthatch
23203,2025-12-26,CC-BY,https://inaturalist-open-data.s3.amazonaws.com/photos/602769828/medium.jpg,"Fleet St at Bastion St, Toronto, ON M5V 4A2, Canada",43.6340938705,-79.4015997648,7.0,Canada Goose
2953,2025-03-08,CC-BY-NC,https://inaturalist-open-data.s3.amazonaws.com/photos/475663839/medium.jpeg,"Bluffers Park, Scarborough, Canada",43.7062905468,-79.2337954044,50.0,Trumpeter Swan
11492,2025-06-01,CC-BY-NC,https://inaturalist-open-data.s3.amazonaws.com/photos/514417209/medium.jpg,"Bayview Woods-Steeles, North York, ON, Canada",43.7994951897,-79.3825163691,933.0,Song Sparrow
11893,2025-05-28,CC-BY-NC,https://inaturalist-open-data.s3.amazonaws.com/photos/516122925/medium.jpg,"Colonel  Samuel Smith Park, Toronto, ON, Canada",43.5906511232,-79.5131823425,683.0,Mute Swan
12598,2025-06-15,CC-BY-NC,https://inaturalist-open-data.s3.amazonaws.com/photos/521438609/medium.jpg,"Lake Ontario, Toronto, ON, CA",43.6425870375,-79.321128261,61.0,Gadwall
17647,2025-09-10,CC-BY-NC,https://inaturalist-open-data.s3.amazonaws.com/photos/569226742/medium.jpg,"Rosetta McClain Gardens, 5 Glen Everest Rd, Scarborough, ON M1N 1J2, Canada",43.6968253,-79.2557466,193.0,Bay-breasted Warbler
20066,2025-10-18,CC-BY-NC,https://inaturalist-open-data.s3.amazonaws.com/photos/582996308/medium.jpg,"Bluffers Park Boat Ramp, Scarborough, ON, Canada",43.7064866363,-79.2338151635,87.0,Canada Goose
21502,2025-11-13,CC-BY-NC,https://inaturalist-open-data.s3.amazonaws.com/photos/591253412/medium.jpg,"Bayview Village, North York, ON, Canada",43.7818552228,-79.3716440652,598.0,Blue Jay
10750,2025-05-25,CC-BY-NC,https://inaturalist-open-data.s3.amazonaws.com/photos/510305091/medium.jpg,"Ashbridge's Bay Park, Toronto, ON, Canada",43.661561759,-79.3130121916,4.0,Magnolia Warbler
23920,2025-06-03,CC-BY,https://inaturalist-open-data.s3.amazonaws.com/photos/614876153/medium.jpg,"Toronto, ON, Canada",43.6564462184,-79.3068082007,181.0,Trumpeter Swan
7788,2025-04-28,CC-BY-NC,https://inaturalist-open-data.s3.amazonaws.com/photos/498103405/medium.jpeg,"Colonel  Samuel Smith Park, Toronto, ON, Canada",43.5906511232,-79.5131823425,683.0,Red-winged Blackbird
11599,2025-05-27,CC-BY-NC,https://inaturalist-open-data.s3.amazonaws.com/photos/515224070/medium.jpg,"Rouge Park, Beare Wetlands, Toronto, ON, Canada",43.8227332781,-79.1668208334,20.0,Baltimore Oriole
184,2025-01-05,CC-BY-NC,https://inaturalist-open-data.s3.amazonaws.com/photos/462051472/medium.jpeg,"Edwards Gardens, 755 Lawrence Ave E, North York, ON M3C 1P2, Canada",43.7338039,-79.357924,193.0,Downy Woodpecker
20309,2025-10-25,,https://inaturalist-open-data.s3.amazonaws.com/photos/584461490/medium.jpg,"Scarborough City Centre, Scarborough, ON, Canada",43.7776305556,-79.2510305556,21.0,Black-capped Chickadee
10487,2025-05-15,CC-BY-NC,https://inaturalist-open-data.s3.amazonaws.com/photos/509039479/medium.jpg,"Colonel  Samuel Smith Park, Toronto, ON, Canada",43.5906511232,-79.5131823425,683.0,Magnolia Warbler
529,2025-01-09,CC-BY-NC,https://inaturalist-open-data.s3.amazonaws.com/photos/463508785/medium.jpeg,"Colonel  Samuel Smith Park, Toronto, ON, Canada",43.5906511232,-79.5131823425,683.0,Dark-eyed Junco
12721,2025-05-16,,https://static.inaturalist.org/photos/522711252/medium.jpg,"Birch Cliff, Scarborough, ON, Canada",43.6965533089,-79.254726065,4.0,Chestnut-sided Warbler
2420,2025-02-14,CC-BY-NC,https://inaturalist-open-data.s3.amazonaws.com/photos/473292046/medium.jpeg,"Colonel  Samuel Smith Park, Toronto, ON, Canada",43.5906511232,-79.5131823425,683.0,Common Goldeneye
2028,2025-01-05,,https://static.inaturalist.org/photos/471270167/medium.jpeg,"Scarborough, ON M1C 1V5, Canada",43.7704442438,-79.1466611624,165.0,Carolina Wren
167,2025-01-03,CC-BY-NC,https://inaturalist-open-data.s3.amazonaws.com/photos/461995540/medium.jpeg,"Colonel  Samuel Smith Park, Toronto, ON, Canada",43.5906511232,-79.5131823425,683.0,Black-capped Chickadee
18936,2025-10-06,CC-BY-NC,https://inaturalist-open-data.s3.amazonaws.com/photos/577401524/medium.jpg,"Bayview Village, Toronto, ON, Canada",43.777636267,-79.3704431046,61.0,White-throated Sparrow
11466,2025-06-01,CC-BY-NC,https://inaturalist-open-data.s3.amazonaws.com/photos/514330463/medium.jpg,"Centennial Scarborough, Scarborough, ON, Canada",43.7803719346,-79.1735798785,31.0,Eastern Kingbird
21961,2025-11-23,,https://static.inaturalist.org/photos/594088860/medium.jpg,"High Park-Swansea, Toronto, ON, Canada",43.644402951,-79.4690879706,31.0,Hooded Merganser
20191,2025-10-14,CC-BY-NC,https://inaturalist-open-data.s3.amazonaws.com/photos/583443770/medium.jpg,"Bayview Village, North York, ON, Canada",43.7819579949,-79.373182471,553.0,Blue-headed Vireo
20785,2025-10-23,CC-BY-NC,https://inaturalist-open-data.s3.amazonaws.com/photos/587357420/medium.jpg,"Rouge Marsh, Toronto, ON, Canada",43.7930908051,-79.1211641318,31.0,Great Blue Heron
10349,2025-05-17,,https://static.inaturalist.org/photos/508238942/medium.jpg,"South Riverdale, Toronto, ON, Canada",43.6567645892,-79.3052819885,31.0,Tennessee Warbler
3561,2025-03-18,CC-BY-NC,https://inaturalist-open-data.s3.amazonaws.com/photos/478075470/medium.jpg,"Bayview Village, North York, ON, Canada",43.7773889542,-79.3695096137,678.0,Mallard
23549,2025-12-31,,https://static.inaturalist.org/photos/604282706/medium.jpg,"Corktown Common, Toronto, ON, CA",43.6533916667,-79.3524083333,5.0,Black-capped Chickadee
3416,2025-03-18,CC-BY-NC,https://inaturalist-open-data.s3.amazonaws.com/photos/477631559/medium.jpeg,"Parkdale, Toronto, ON, Canada",43.633256296,-79.4375754495,27.0,Common Grackle
19685,2025-10-08,CC-BY-NC,https://inaturalist-open-data.s3.amazonaws.com/photos/581015753/medium.jpg,"Rosetta McClain Gardens, 5 Glen Everest Rd, Scarborough, ON M1N 1J2, Canada",43.6968253,-79.2557466,193.0,White-throated Sparrow
6642,2025-04-25,CC-BY,https://inaturalist-open-data.s3.amazonaws.com/photos/492297991/medium.png,"Toronto, ON, Canada",43.6157822959,-79.3724006176,237.0,裏海燕鷗
14047,2025-05-11,CC-BY-NC,https://inaturalist-open-data.s3.amazonaws.com/photos/536841641/medium.jpg,"Toronto, ON, CA",43.706975,-79.4820633333,6.0,American Goldfinch
4615,2025-03-20,CC-BY,https://inaturalist-open-data.s3.amazonaws.com/photos/485245664/medium.png,"South Riverdale, Toronto, ON, Canada",43.6602014741,-79.310163751,139.0,Northern Cardinal
21663,2025-10-24,CC-BY-NC,https://inaturalist-open-data.s3.amazonaws.com/photos/591978251/medium.jpg,"South Riverdale, Toronto, ON, Canada",43.6501418873,-79.3213223129,273.0,American Tree Sparrow
742,2025-01-17,CC-BY-NC,https://inaturalist-open-data.s3.amazonaws.com/photos/464350076/medium.jpg,"Sugar Beach Park, Toronto, ON, CA",43.6428533333,-79.3668666667,4.0,Red-breasted Merganser
1088,2025-01-26,CC-BY-NC,https://inaturalist-open-data.s3.amazonaws.com/photos/466429613/medium.jpg,"South Riverdale, Toronto, ON, Canada",43.6308621555,-79.3248831665,488.0,Dark-eyed Junco
16839,2025-08-29,CC-BY-NC,https://inaturalist-open-data.s3.amazonaws.com/photos/563607967/medium.jpg,"Bayview Village, North York, ON, Canada",43.7764504315,-79.3675610574,434.0,Northern Cardinal
369,2025-01-07,CC-BY-NC,https://inaturalist-open-data.s3.amazonaws.com/photos/462637974/medium.jpeg,"Colonel  Samuel Smith Park, Toronto, ON, Canada",43.5906511232,-79.5131823425,683.0,Dark-eyed Junco
21113,2025-11-08,CC-BY-NC,https://inaturalist-open-data.s3.amazonaws.com/photos/589477032/medium.jpg,"Hawk Hill - High Park, Toronto, ON, Canada",43.6463000354,-79.4656896358,10.0,Evening Grosbeak
18611,2025-09-30,CC-BY-NC,https://inaturalist-open-data.s3.amazonaws.com/photos/575019739/medium.jpg,"Martin Goodman Tr, Toronto, ON, CA",43.6379,-79.3817833333,6.0,Goéland à bec cerclé
23315,2025-05-30,CC-BY,https://inaturalist-open-data.s3.amazonaws.com/photos/602877427/medium.jpg,"New Toronto, Etobicoke, ON, Canada",43.5924296559,-79.5135630209,31.0,Cedar Waxwing
15556,2025-08-14,CC-BY-NC,https://inaturalist-open-data.s3.amazonaws.com/photos/552451165/medium.jpg,"E.T. Seton Park, Park, North York, ON, Canada",43.7153752967,-79.3425451888,2.0,Green Heron
15652,2025-02-26,CC-BY,https://inaturalist-open-data.s3.amazonaws.com/photos/553380702/medium.jpg,"High Park-Swansea, Toronto, ON, Canada",43.6453861704,-79.4646415592,79.0,Red-tailed Hawk
6591,2025-04-25,CC-BY-NC,https://inaturalist-open-data.s3.amazonaws.com/photos/492057246/medium.jpeg,"Colonel  Samuel Smith Park, Toronto, ON, Canada",43.5906511232,-79.5131823425,683.0,American Goldfinch
10000,2025-05-17,CC-BY-NC,https://inaturalist-open-data.s3.amazonaws.com/photos/506494144/medium.jpg,"South Riverdale, Toronto, ON, Canada",43.6726072132,-79.3309147117,31.0,Magnolia Warbler
18512,2025-09-30,CC-BY-NC,https://static.inaturalist.org/photos/574367291/medium.jpg,"Centre Island, Toronto, ON, Canada",43.6214672305,-79.3919447904,31.0,Yellow-rumped Warbler
8253,2025-04-28,CC-BY-NC,https://inaturalist-open-data.s3.amazonaws.com/photos/499661617/medium.jpg,"Edenbridge-Humber Valley, Etobicoke, ON, Canada",43.6699765958,-79.511828393,31.0,Spotted Sandpiper
9168,2025-05-07,,https://static.inaturalist.org/photos/502223361/medium.jpg,"Beltline Tr, Toronto, ON, CA",43.6876841842,-79.3670095509,227.0,Baltimore Oriole
10948,2025-05-26,CC-BY-NC,https://inaturalist-open-data.s3.amazonaws.com/photos/511083310/medium.jpg,"Ontario, CA",43.6707502838,-79.5604849205,576.0,American Robin
9140,2025-05-08,CC-BY-NC,https://inaturalist-open-data.s3.amazonaws.com/photos/502101373/medium.jpg,"Bayview Village, North York, ON, Canada",43.7815738163,-79.3732683017,405.0,Black-throated Blue Warbler
17698,2025-09-20,CC-BY-NC,https://inaturalist-open-data.s3.amazonaws.com/photos/569582387/medium.jpg,"New Toronto, Etobicoke, ON, Canada",43.5922136099,-79.5118762835,156.0,Yellow-bellied Sapsucker
6456,2025-04-25,CC-BY-NC,https://inaturalist-open-data.s3.amazonaws.com/photos/491844562/medium.jpg,"Rosetta McClain Gardens, 5 Glen Everest Rd, Scarborough, ON M1N 1J2, Canada",43.6968253,-79.2557466,193.0,Sharp-shinned Hawk
5151,2025-03-21,CC-BY-NC,https://inaturalist-open-data.s3.amazonaws.com/photos/487693364/medium.jpeg,"Humber Arboretum, Etobicoke, ON, Canada",43.72527294,-79.6075469352,26.0,American Robin
5077,2025-04-16,CC-BY-NC,https://inaturalist-open-data.s3.amazonaws.com/photos/487208497/medium.jpg,"Bayview Village, North York, ON, Canada",43.781256174,-79.3851433998,371.0,Black-capped Chickadee
11541,2025-06-02,CC-BY-NC,https://inaturalist-open-data.s3.amazonaws.com/photos/514897434/medium.jpg,"Bayview Village, Toronto, ON, Canada",43.777636267,-79.3704431046,61.0,Red-winged Blackbird
16782,2025-09-06,CC0,https://inaturalist-open-data.s3.amazonaws.com/photos/563144045/medium.jpg,"Gibraltar Point Beach, Toronto, ON M5J 2W2, Canada",43.6139975428,-79.38740585,27.0,Mallard
14932,2025-08-02,CC-BY-NC,https://inaturalist-open-data.s3.amazonaws.com/photos/546488480/medium.jpg,"Robertson Cres, Toronto, ON, CA",43.6376833333,-79.3850116667,12.0,Ring-billed Gull
10754,2025-05-25,CC-BY-NC,https://inaturalist-open-data.s3.amazonaws.com/photos/510323686/medium.jpg,"Ontario, CA",43.6835016324,-79.3675213848,146.0,Gray Catbird
6925,2025-04-25,CC-BY-NC,https://inaturalist-open-data.s3.amazonaws.com/photos/493829806/medium.jpeg,"Rosetta McClain Gardens, 5 Glen Everest Rd, Scarborough, ON M1N 1J2, Canada",43.6968253,-79.2557466,193.0,Palm Warbler
4575,2025-02-01,CC-BY-NC,https://inaturalist-open-data.s3.amazonaws.com/photos/485031890/medium.jpg,"South Riverdale, Toronto, ON, Canada",43.6255609953,-79.330045358,161.0,Red-breasted Merganser
20375,2025-09-30,,https://static.inaturalist.org/photos/585062151/medium.jpg,"Corktown Common, Toronto, ON, CA",43.655145,-79.35208,8.0,Orange-crowned Warbler
21120,2025-11-08,CC-BY-NC,https://inaturalist-open-data.s3.amazonaws.com/photos/589499561/medium.jpg,"Rouge National Urban Park, Rouge Beach and Marsh, 195 Rouge Hills Dr, Scarborough, ON M1C 2Z1, Canada",43.789969,-79.1216979,185.0,Red-breasted Merganser
10496,2025-05-23,CC-BY-NC,https://inaturalist-open-data.s3.amazonaws.com/photos/509241506/medium.jpg,"Woodbine Beach, Toronto, ON, Canada",43.661807251,-79.3069380192,8.0,Lesser Black-backed Gull
14102,2025-07-15,CC-BY-NC,https://inaturalist-open-data.s3.amazonaws.com/photos/537246161/medium.jpg,"North Bendale, Scarborough, ON M1H, Canada",43.770897711,-79.2443371576,23.0,Cooper's Hawk
6067,2025-04-23,CC-BY-NC,https://inaturalist-open-data.s3.amazonaws.com/photos/490834596/medium.jpeg,"Toronto, ON, Canada",43.5898146931,-79.5170846738,61.0,Common Tern
19471,2025-10-12,CC-BY-NC,https://inaturalist-open-data.s3.amazonaws.com/photos/579975043/medium.jpg,"Bayview Village, North York, ON, Canada",43.7817396489,-79.3732453294,548.0,Northern Flicker
7854,2025-05-01,CC-BY-NC,https://inaturalist-open-data.s3.amazonaws.com/photos/498263937/medium.jpg,"High Park Tr, Toronto, ON, CA",43.6409471785,-79.4583329554,68.0,Wood Duck
13314,2025-06-08,CC-BY-NC,https://inaturalist-open-data.s3.amazonaws.com/photos/528815042/medium.jpg,"Rouge, Scarborough, ON, Canada",43.8284922905,-79.1900390978,37.0,Green Heron
17359,2025-09-12,CC-BY-NC,https://inaturalist-open-data.s3.amazonaws.com/photos/567372219/medium.jpg,"Colonel  Samuel Smith Park, Toronto, ON, Canada",43.5906511232,-79.5131823425,683.0,Cedar Waxwing
4516,2025-04-08,CC-BY-NC,https://inaturalist-open-data.s3.amazonaws.com/photos/484595781/medium.jpg,"Bayview Village, Toronto, ON, Canada",43.7777718313,-79.3700944178,61.0,Mallard
4472,2025-04-08,CC-BY-NC,https://inaturalist-open-data.s3.amazonaws.com/photos/484495734/medium.jpg,"Bay St, Toronto, ON, CA",43.6542533333,-79.3820633333,24.0,American Robin
8890,2025-05-06,,https://static.inaturalist.org/photos/506479495/medium.jpg,"Westhead Rd, Toronto, ON, CA",43.6001021632,-79.5534076314,7.0,Black-throated Blue Warbler
14276,2025-07-19,CC-BY-NC,https://inaturalist-open-data.s3.amazonaws.com/photos/539322788/medium.jpg,"Bayview Village, North York, ON, Canada",43.7796004732,-79.3717771154,475.0,Downy Woodpecker
1105,2025-01-27,,https://static.inaturalist.org/photos/466508884/medium.jpeg,"Toronto, ON M5J 0C7, Canada",43.6233459874,-79.4768581912,43.0,Bufflehead
12381,2025-06-11,CC-BY-NC,https://inaturalist-open-data.s3.amazonaws.com/photos/519582614/medium.jpg,"Bayview Village, Toronto, ON, Canada",43.777636267,-79.3704431046,399.0,Blue Jay
22623,2025-12-08,CC0,https://inaturalist-open-data.s3.amazonaws.com/photos/598830018/medium.jpg,"Ontario, CA",43.6777847112,-79.2098655106,465.0,Mallard
3674,2025-03-22,CC-BY-NC,https://inaturalist-open-data.s3.amazonaws.com/photos/478707949/medium.jpeg,"Bridle Path-Sunnybrook-York Mills, Toronto, ON, Canada",43.716008236,-79.3835694361,244.0,Song Sparrow
18866,2025-10-05,CC-BY-NC,https://inaturalist-open-data.s3.amazonaws.com/photos/576652621/medium.jpg,"Bayview Village, Toronto, ON, Canada",43.777636267,-79.3704431046,61.0,Nashville Warbler
17491,2025-08-03,CC-BY-NC,https://inaturalist-open-data.s3.amazonaws.com/photos/568259716/medium.jpg,"Humber Bay, Toronto, ON, CA",43.6234783333,-79.476555,61.0,Trumpeter Swan
20769,2025-11-01,CC-BY-NC,https://inaturalist-open-data.s3.amazonaws.com/photos/587314260/medium.jpg,"Bayview Village, North York, ON, Canada",43.7822054026,-79.3746207306,699.0,Mallard
15262,2025-02-11,CC-BY-NC,https://inaturalist-open-data.s3.amazonaws.com/photos/549957717/medium.jpg,"Toronto, ON, Canada",43.6472344742,-79.3280605804,15.0,Canvasback
19733,2025-09-30,CC-BY-NC,https://inaturalist-open-data.s3.amazonaws.com/photos/581085206/medium.jpg,"West Humber-Clairville, Etobicoke, ON, Canada",43.7286809288,-79.6068379959,24.0,White-crowned Sparrow
9914,2025-05-16,CC-BY-NC,https://inaturalist-open-data.s3.amazonaws.com/photos/505918194/medium.jpg,"North Bendale, Scarborough, ON M1H, Canada",43.769927167,-79.2446198467,23.0,Philadelphia Vireo
5580,2025-04-20,,https://static.inaturalist.org/photos/489059225/medium.jpg,"South Riverdale, Toronto, ON, Canada",43.6491965708,-79.3237503191,31.0,Yellow-rumped Warbler
13955,2025-07-09,,https://static.inaturalist.org/photos/535467748/medium.jpg,"Caledonia-Fairbank, York, ON M6E, Canada",43.684699968,-79.4554611961,186.0,Song Sparrow
5376,2025-04-19,CC-BY-NC,https://inaturalist-open-data.s3.amazonaws.com/photos/488512541/medium.jpeg,"Toronto, ON, Canada",43.644584832,-79.3203020081,282.0,Red-breasted Merganser
4741,2025-03-27,CC-BY-NC,https://inaturalist-open-data.s3.amazonaws.com/photos/485751601/medium.jpg,"Downsview Park Tr, Toronto, ON, CA",43.7415228833,-79.483247618,22.0,Red-tailed Hawk
7296,2025-04-28,,https://static.inaturalist.org/photos/495960702/medium.jpeg,"High Park Loop, Toronto, ON M6R 2Z6, Canada",43.6480461659,-79.4585963711,57.0,White-throated Sparrow
20324,2025-10-24,CC-BY-NC,https://inaturalist-open-data.s3.amazonaws.com/photos/584546356/medium.jpg,"Walmsley Blvd, Toronto, ON, CA",43.69257,-79.3996716667,11.0,White-breasted Nuthatch
3904,2025-03-28,,https://static.inaturalist.org/photos/480491677/medium.jpg,"Moss Park, Toronto, ON, CA",43.6558062921,-79.3710675574,23.0,Red-tailed Hawk
20037,2025-09-06,,https://static.inaturalist.org/photos/582771632/medium.jpg,"Sunnybrook Park, 1132 Leslie St, Ontario, Canada",43.7243208,-79.3579026,195.0,Blue-grey Gnatcatcher
6066,2025-04-23,CC-BY-NC,https://inaturalist-open-data.s3.amazonaws.com/photos/490834144/medium.jpeg,"Toronto, ON, Canada",43.5898043971,-79.5173570646,61.0,Long-tailed Duck
5686,2025-04-20,CC-BY-NC,https://inaturalist-open-data.s3.amazonaws.com/photos/489238989/medium.jpg,"Canary Crescent, North York, ON M2K, Canada",43.7815154017,-79.3883480356,219.0,Northern Cardinal
14860,2025-07-20,CC-BY-NC,https://inaturalist-open-data.s3.amazonaws.com/photos/545923075/medium.jpg,"MM4R+GR, Toronto, ON M4L 3W6, Canada",43.6561459101,-79.3076268956,5.0,Canada Goose
12028,2025-06-06,CC-BY-NC,https://inaturalist-open-data.s3.amazonaws.com/photos/516854172/medium.jpg,"Downsview, Toronto, ON, Canada",43.743060288,-79.4820398432,266.0,Mallard
8268,2025-04-26,CC-BY-NC,https://inaturalist-open-data.s3.amazonaws.com/photos/499685430/medium.jpg,"Hazukido, Toronto, ON, CA",43.6495783333,-79.3820283333,14.0,White-throated Sparrow
1408,2025-01-30,CC-BY-NC,https://inaturalist-open-data.s3.amazonaws.com/photos/468072739/medium.jpeg,"Unwin Bridge, Unwin Ave, Toronto, ON, Canada",43.6480117,-79.3289548,185.0,Long-tailed Duck
23150,2025-12-25,CC-BY-NC,https://inaturalist-open-data.s3.amazonaws.com/photos/602506124/medium.jpg,"73 Cardiff Rd, North York, ON M4P 2P4, Canada",43.713027,-79.3841394,179.0,Dark-eyed Junco
11325,2025-05-30,CC-BY-NC,https://inaturalist-open-data.s3.amazonaws.com/photos/513298926/medium.jpg,"The Queensway – Humber Bay, Etobicoke, ON, Canada",43.6216445634,-79.4759886829,8.0,Western Kingbird
3303,2025-03-13,CC-BY-NC,https://inaturalist-open-data.s3.amazonaws.com/photos/476917322/medium.jpg,"University of Toronto - St. George Campus, Toronto, ON, CA",43.6586214646,-79.3976967115,5.0,Feral Pigeon
3586,2025-03-20,CC-BY-NC,https://inaturalist-open-data.s3.amazonaws.com/photos/478242878/medium.jpg,"Nipigon Ave, Toronto, ON, CA",43.7981929291,-79.415890609,14.0,Common Grackle
5037,2025-04-15,CC-BY-NC,https://inaturalist-open-data.s3.amazonaws.com/photos/486989099/medium.jpg,"Toronto Metropolitan University, Toronto, ON, CA",43.6573736153,-79.379637119,14.0,Yellow-bellied Sapsucker
28,2025-01-02,CC-BY-NC,https://inaturalist-open-data.s3.amazonaws.com/photos/461234463/medium.jpg,"Ashbridge's Bay Park, Toronto, ON, Canada",43.6563606996,-79.3090089419,4.0,Greater Scaup
20909,2025-10-23,CC0,https://inaturalist-open-data.s3.amazonaws.com/photos/588001231/medium.jpg,"Ontario, CA",43.6517945396,-79.356242675,146.0,Northern Cardinal
20684,2025-10-28,CC-BY-NC,https://inaturalist-open-data.s3.amazonaws.com/photos/586650595/medium.jpg,"Colonel Samuel Smith Park, 3145 Lake Shore Blvd W, Etobicoke, ON M8V 4B6, Canada",43.591398,-79.5133857,198.0,Ring-billed Gull
5664,2025-04-18,CC-BY-NC,https://inaturalist-open-data.s3.amazonaws.com/photos/489128350/medium.jpeg,"Colonel  Samuel Smith Park, Toronto, ON, Canada",43.5906511232,-79.5131823425,683.0,Great Blue Heron
6633,2025-04-25,CC-BY,https://inaturalist-open-data.s3.amazonaws.com/photos/492293955/medium.png,"St Lawrence-East Bayfront-The Islands, Toronto, ON, Canada",43.6230071938,-79.3639252253,31.0,林鴛鴦
11457,2025-06-01,,https://static.inaturalist.org/photos/514277614/medium.jpg,"Toronto, ON M5J 2T5, Canada",43.6391261836,-79.3760393187,4.0,House Sparrow
893,2025-01-12,CC-BY-NC,https://inaturalist-open-data.s3.amazonaws.com/photos/464874760/medium.jpeg,"Colonel  Samuel Smith Park, Toronto, ON, Canada",43.5906511232,-79.5131823425,683.0,Canvasback
6443,2025-04-25,CC-BY-NC,https://inaturalist-open-data.s3.amazonaws.com/photos/491842944/medium.jpg,"Rosetta McClain Gardens, 5 Glen Everest Rd, Scarborough, ON M1N 1J2, Canada",43.6968253,-79.2557466,193.0,Red-bellied Woodpecker
18136,2025-09-25,CC-BY-NC,https://inaturalist-open-data.s3.amazonaws.com/photos/572076359/medium.jpg,"East York, ON M4K 2J1, Canada",43.6913081394,-79.359850511,125.0,Great Blue Heron
5648,2025-04-20,CC-BY-NC,https://inaturalist-open-data.s3.amazonaws.com/photos/489112088/medium.jpeg,"Leaside-Bennington, Toronto, ON, Canada",43.7198467716,-79.3546410859,2.0,Red-bellied Woodpecker
23910,2025-05-26,CC-BY,https://inaturalist-open-data.s3.amazonaws.com/photos/614870289/medium.jpg,"South Riverdale, Toronto, ON, Canada",43.6281003022,-79.3250811678,82.0,Snow Goose
23901,2025-10-12,,https://static.inaturalist.org/photos/613991805/medium.jpg,"Ontario, CA",43.6451680916,-79.5426344668,4.0,Double-crested Cormorant
17195,2025-09-12,CC-BY-NC,https://inaturalist-open-data.s3.amazonaws.com/photos/566527221/medium.jpg,"Tommy Thompson Park, Toronto, ON, CA",43.6221083333,-79.335075,19.0,Trumpeter Swan
989,2025-01-24,CC-BY-NC,https://inaturalist-open-data.s3.amazonaws.com/photos/465715300/medium.jpg,"Cardiff Rd, Toronto, ON, CA",43.7129959,-79.3841547,39.0,Northern Cardinal
12573,2025-06-15,CC-BY-NC,https://inaturalist-open-data.s3.amazonaws.com/photos/521312665/medium.jpg,"Toronto, CA-ON, CA",43.660577516,-79.4705315307,4.0,European Starling
662,2025-01-12,CC-BY-NC,https://inaturalist-open-data.s3.amazonaws.com/photos/464007331/medium.jpeg,"Etobicoke, ON M8V 2P3, Canada",43.6074596857,-79.4881254807,177.0,Tufted Duck
12105,2025-06-07,CC-BY-NC,https://inaturalist-open-data.s3.amazonaws.com/photos/517694850/medium.jpg,"Don Valley Brick Works, Toronto, ON, CA",43.6877341741,-79.3666214225,80.0,Black-crowned Night Heron
14584,2025-07-01,CC-BY-NC,https://inaturalist-open-data.s3.amazonaws.com/photos/542953589/medium.jpg,"South Riverdale, Toronto, ON, Canada",43.6456058883,-79.3205832646,17.0,Double-crested Cormorant
18381,2025-09-26,CC-BY-NC,https://inaturalist-open-data.s3.amazonaws.com/photos/573287588/medium.jpg,"Toronto, ON, CA",43.7398374708,-79.4831075875,217.0,Red-tailed Hawk
4562,2025-04-08,CC-BY-NC,https://inaturalist-open-data.s3.amazonaws.com/photos/484852987/medium.jpg,"Bayview Village, North York, ON, Canada",43.7817579995,-79.3862888429,205.0,Mallard
20490,2025-10-28,,https://static.inaturalist.org/photos/585833037/medium.jpg,"Corktown Common, Toronto, ON, CA",43.6533883333,-79.3523166667,7.0,Golden-crowned Kinglet
3489,2025-03-19,CC-BY-NC,https://inaturalist-open-data.s3.amazonaws.com/photos/477886508/medium.jpeg,"Sunnylea, Etobicoke, ON, Canada",43.6440072543,-79.4917637629,350.0,European Starling
21629,2025-11-15,CC-BY-NC,https://inaturalist-open-data.s3.amazonaws.com/photos/591684708/medium.jpg,"Fern Ave, Toronto, ON, CA",43.6441688882,-79.4493323207,5.0,Feral Pigeon
20401,2025-10-26,CC-BY-NC,https://inaturalist-open-data.s3.amazonaws.com/photos/585234910/medium.jpg,"Bayview Village, Toronto, ON, Canada",43.777636267,-79.3704431046,61.0,Song Sparrow
12948,2025-06-19,CC-BY-NC,https://inaturalist-open-data.s3.amazonaws.com/photos/524807142/medium.jpg,"Colonel  Samuel Smith Park, Toronto, ON, Canada",43.5906511232,-79.5131823425,683.0,Red-winged Blackbird
22885,2025-12-18,CC-BY-NC,https://inaturalist-open-data.s3.amazonaws.com/photos/600852618/medium.jpg,"Bayview Village, North York, ON, Canada",43.7785915029,-79.3772766104,561.0,Dark-eyed Junco
9498,2025-05-11,CC-BY-NC,https://inaturalist-open-data.s3.amazonaws.com/photos/503677457/medium.jpeg,"Evergreen Brick Works, 550 Bayview Ave, Toronto, ON M4W 3X8, Canada",43.6843314,-79.3647127,165.0,Northern Cardinal
23681,2025-12-30,CC-BY-NC,https://inaturalist-open-data.s3.amazonaws.com/photos/606028489/medium.jpg,"The Kingsway, Etobicoke, ON, Canada",43.647502813,-79.5127394605,244.0,Downy Woodpecker
9431,2025-05-11,CC-BY-NC,https://inaturalist-open-data.s3.amazonaws.com/photos/503452861/medium.jpeg,"North York, ON M2H 1A1, Canada",43.7903684026,-79.376026243,296.0,Gray Catbird
17322,2025-09-11,CC-BY-NC,https://inaturalist-open-data.s3.amazonaws.com/photos/567309939/medium.jpg,"Colonel  Samuel Smith Park, Toronto, ON, Canada",43.5906511232,-79.5131823425,683.0,Black-crowned Night Heron
7169,2025-04-27,CC-BY,https://inaturalist-open-data.s3.amazonaws.com/photos/494782164/medium.jpeg,"Scarborough, ON M1P 3P5, Canada",43.7634069,-79.26845717,6.0,Ruby-crowned Kinglet
20504,2025-10-28,CC-BY-NC,https://inaturalist-open-data.s3.amazonaws.com/photos/585941189/medium.jpg,"Bayview Village, North York, ON, Canada",43.7825085504,-79.3736762266,639.0,Mallard
23809,2025-07-24,CC-BY-NC,https://inaturalist-open-data.s3.amazonaws.com/photos/610192535/medium.jpg,"Ontario, CA",43.7508556189,-79.4691197261,5.0,House Sparrow
12717,2025-05-16,,https://static.inaturalist.org/photos/522711210/medium.jpg,"Birch Cliff, Scarborough, ON, Canada",43.6962638364,-79.2551075583,4.0,Chestnut-sided Warbler
7328,2025-04-25,CC-BY-NC,https://inaturalist-open-data.s3.amazonaws.com/photos/496024796/medium.jpg,"Springbank Ave, Toronto, ON, CA",43.6929815594,-79.2595377062,152.0,Bufflehead
4056,2025-04-01,CC-BY-NC,https://inaturalist-open-data.s3.amazonaws.com/photos/481904749/medium.jpeg,"East York, ON M4C 2C9, Canada",43.7809254192,-79.1859588772,112.0,Canada Goose
13481,2025-07-02,CC-BY-NC,https://inaturalist-open-data.s3.amazonaws.com/photos/530766389/medium.jpg,"Ontario, CA",43.6583349208,-79.3508169784,18.0,Peregrine Falcon
21092,2025-11-08,CC-BY-NC,https://inaturalist-open-data.s3.amazonaws.com/photos/589317809/medium.jpg,"Cardiff Rd, Toronto, ON, CA",43.7129959,-79.3839745692,39.0,House Sparrow
6000,2025-04-24,CC-BY-NC,https://inaturalist-open-data.s3.amazonaws.com/photos/490571200/medium.jpeg,"Etobicoke, ON M9W 6V3, Canada",43.7257851697,-79.6096667647,48.0,American Goldfinch
13578,2025-07-04,CC-BY-NC,https://inaturalist-open-data.s3.amazonaws.com/photos/531447002/medium.jpg,"Leaside-Bennington, Toronto, ON, Canada",43.6857436656,-79.3666518057,8.0,Downy Woodpecker
952,2025-01-12,CC-BY-NC,https://inaturalist-open-data.s3.amazonaws.com/photos/465460130/medium.jpeg,"Colonel  Samuel Smith Park, Toronto, ON, Canada",43.5906511232,-79.5131823425,683.0,Long-tailed Duck
18074,2025-09-25,CC-BY-NC,https://inaturalist-open-data.s3.amazonaws.com/photos/571904678/medium.jpg,"Toronto, ON M5J 1E6, Canada",43.6463095845,-79.3794943392,18.0,Common Yellowthroat
12392,2025-06-12,CC-BY-NC,https://inaturalist-open-data.s3.amazonaws.com/photos/519860245/medium.jpg,"Scarborough, ON M1E 4C1, Canada",43.7772899582,-79.1986748949,791.0,Rose-breasted Grosbeak
8919,2025-04-27,CC-BY-NC,https://inaturalist-open-data.s3.amazonaws.com/photos/501463399/medium.jpeg,"Colonel  Samuel Smith Park, Toronto, ON, Canada",43.5906511232,-79.5131823425,683.0,Long-tailed Duck
14794,2025-07-27,,https://static.inaturalist.org/photos/545170954/medium.jpg,"Humber Marshes, Toronto, ON, CA",43.6444133333,-79.4916616667,4.0,Red-tailed Hawk
21926,2025-11-21,CC-BY-NC,https://inaturalist-open-data.s3.amazonaws.com/photos/593772366/medium.jpg,"Bayview Village, Toronto, ON, Canada",43.777636267,-79.3704431046,61.0,Black-capped Chickadee
1541,2025-02-08,,https://static.inaturalist.org/photos/468921285/medium.jpg,"Bayview Ave, Toronto, ON, CA",43.68202,-79.3670666667,5.0,Northern Cardinal
22944,2025-06-28,CC-BY-NC,https://inaturalist-open-data.s3.amazonaws.com/photos/601213927/medium.jpg,"Toronto, ON, Canada",43.6373857135,-79.3423320848,50.0,Mute Swan
23361,2025-12-26,CC-BY-NC,https://inaturalist-open-data.s3.amazonaws.com/photos/603063142/medium.jpg,"Bayview Village, North York, ON, Canada",43.7807355173,-79.3838426683,633.0,Downy Woodpecker
2362,2025-02-26,CC-BY-NC,https://inaturalist-open-data.s3.amazonaws.com/photos/472799047/medium.jpeg,"Toronto, ON, Canada",43.6358186933,-79.4490564479,98.0,Red-breasted Merganser
20104,2025-03-11,CC-BY,https://inaturalist-open-data.s3.amazonaws.com/photos/583085921/medium.jpg,"High Park-Swansea, Toronto, ON, Canada",43.6478941219,-79.4705294897,62.0,林鴛鴦
21119,2025-11-08,CC-BY-NC,https://inaturalist-open-data.s3.amazonaws.com/photos/589499556/medium.jpg,"Rouge National Urban Park, Rouge Beach and Marsh, 195 Rouge Hills Dr, Scarborough, ON M1C 2Z1, Canada",43.789969,-79.1216979,185.0,Northern Cardinal
13252,2025-06-28,CC-BY-NC,https://inaturalist-open-data.s3.amazonaws.com/photos/528098742/medium.jpg,"Bayview Village, Toronto, ON, Canada",43.777636267,-79.3704431046,61.0,Great Crested Flycatcher
1898,2025-02-16,CC-BY-NC,https://inaturalist-open-data.s3.amazonaws.com/photos/470648304/medium.jpg,"Bayview Village, North York, ON, Canada",43.7815231477,-79.3883587644,219.0,Northern Cardinal
14345,2025-07-21,,https://static.inaturalist.org/photos/540221764/medium.jpg,"Toronto, ON, CA",43.686739933,-79.3667033232,138.0,Brown-headed Cowbird
9966,2025-05-09,,https://static.inaturalist.org/photos/506288226/medium.jpg,"Toronto, ON M6S 2X3, Canada",43.6419962988,-79.4627447426,67.0,Black-and-white Warbler
19144,2025-10-09,CC-BY-NC,https://inaturalist-open-data.s3.amazonaws.com/photos/578363113/medium.jpg,"Bayview Village, North York, ON, Canada",43.7816600598,-79.3726551217,833.0,American Robin
15863,2025-08-20,CC0,https://inaturalist-open-data.s3.amazonaws.com/photos/555490211/medium.jpg,"Homeview Ave, Toronto, ON, CA",43.668255,-79.4930633333,21.0,Downy Woodpecker
23506,2025-12-29,CC-BY-NC,https://inaturalist-open-data.s3.amazonaws.com/photos/604035830/medium.jpg,"Bayview Village, Toronto, ON, Canada",43.777636267,-79.3704431046,61.0,Black-capped Chickadee
10578,2025-05-10,,https://static.inaturalist.org/photos/509484306/medium.jpg,"Crothers Woods, Crothers Woods Trail, East York, ON M4H 1P6, Canada",43.6970372,-79.3590117,204.0,Northern Yellow Warbler
2831,2025-03-09,CC-BY-NC,https://inaturalist-open-data.s3.amazonaws.com/photos/475389228/medium.jpeg,"JGFG+MX Albert's Bay, Toronto, ON, Canada",43.6237301855,-79.4736841321,36.0,Greater Scaup
968,2025-01-22,CC-BY-NC,https://inaturalist-open-data.s3.amazonaws.com/photos/465634913/medium.jpeg,"The Kingsway, Etobicoke, ON, Canada",43.6475602268,-79.5117809375,938.0,House Sparrow
21952,2025-11-23,,https://static.inaturalist.org/photos/594088743/medium.jpg,"High Park-Swansea, Toronto, ON, Canada",43.6445553121,-79.4588751749,8.0,Red-tailed Hawk
3307,2025-03-13,CC-BY-NC,https://inaturalist-open-data.s3.amazonaws.com/photos/476974151/medium.jpeg,"Rouge River, Toronto, ON, Canada",43.7946919232,-79.1192965366,15.0,American Herring Gull
14139,2025-07-10,CC-BY-NC,https://inaturalist-open-data.s3.amazonaws.com/photos/537811877/medium.jpg,"Colonel  Samuel Smith Park, Toronto, ON, Canada",43.5906511232,-79.5131823425,683.0,Red-winged Blackbird
21705,2025-11-16,CC-BY-NC,https://inaturalist-open-data.s3.amazonaws.com/photos/592129005/medium.jpg,"73 Cardiff Rd, North York, ON M4P 2P4, Canada",43.713027,-79.3841394,179.0,Dark-eyed Junco
4237,2025-04-04,,https://static.inaturalist.org/photos/482895785/medium.jpeg,"York, ON M6N 2E5, Canada",43.674994587,-79.4975219294,431.0,Wood Duck
12020,2025-06-06,CC-BY-NC,https://inaturalist-open-data.s3.amazonaws.com/photos/516847431/medium.jpg,"Downsview, Toronto, ON, Canada",43.743060288,-79.4820398432,266.0,Tree Swallow
7399,2025-04-28,,https://static.inaturalist.org/photos/496246698/medium.jpg,"Marie Curtis Park, Toronto, ON, CA",43.5862166667,-79.5425033333,4.0,House Sparrow
22568,2025-12-09,CC-BY-NC,https://inaturalist-open-data.s3.amazonaws.com/photos/598731262/medium.jpg,"Bayview Village, North York, ON, Canada",43.7806486281,-79.3763393491,832.0,Downy Woodpecker
311,2025-01-08,CC-BY-NC,https://inaturalist-open-data.s3.amazonaws.com/photos/462586370/medium.jpg,"Bridle Path-Sunnybrook-York Mills, Toronto, ON, Canada",43.7302735317,-79.3571613691,418.0,Yellow-rumped Warbler
19651,2025-10-15,,https://static.inaturalist.org/photos/580779561/medium.jpg,"Corktown Common, Toronto, ON, CA",43.6543283333,-79.353195,14.0,Black-capped Chickadee
4482,2025-04-09,,https://static.inaturalist.org/photos/484568382/medium.jpeg,"South Riverdale, Toronto, ON, Canada",43.6327587571,-79.3238380955,31.0,Wood Duck
5782,2025-04-22,,https://static.inaturalist.org/photos/489760200/medium.jpg,"Trolley Cres, Toronto, ON, CA",43.6567383333,-79.3548133333,6.0,Mourning Dove
5873,2025-04-21,CC-BY-NC,https://inaturalist-open-data.s3.amazonaws.com/photos/490124678/medium.jpg,"Bayview Village, North York, ON, Canada",43.7814185754,-79.388289027,219.0,Hermit Thrush
17208,2025-09-10,CC-BY-NC,https://inaturalist-open-data.s3.amazonaws.com/photos/566661871/medium.jpg,"Colonel  Samuel Smith Park, Toronto, ON, Canada",43.5906511232,-79.5131823425,683.0,Eastern Phoebe
7840,2025-04-30,CC-BY-NC,https://inaturalist-open-data.s3.amazonaws.com/photos/498242526/medium.jpg,"Bayview Village, North York, ON, Canada",43.7803443911,-79.3893256491,55.0,American Robin
13173,2025-06-26,CC-BY-NC,https://inaturalist-open-data.s3.amazonaws.com/photos/527325308/medium.jpg,"Ontario, CA",43.7464313658,-79.4678171915,236.0,Double-crested Cormorant
168,2025-01-03,CC-BY-NC,https://inaturalist-open-data.s3.amazonaws.com/photos/462001582/medium.jpeg,"Colonel  Samuel Smith Park, Toronto, ON, Canada",43.5906511232,-79.5131823425,683.0,Northern Cardinal
12396,2025-06-11,CC-BY-NC,https://inaturalist-open-data.s3.amazonaws.com/photos/519859673/medium.jpg,"Bayview Village, North York, ON, Canada",43.7814427094,-79.3695255076,74.0,Red-tailed Hawk
2081,2025-02-21,CC-BY-NC,https://inaturalist-open-data.s3.amazonaws.com/photos/471591505/medium.jpg,"Cardiff Rd, Toronto, ON, CA",43.7129942091,-79.3840049809,39.0,Dark-eyed Junco
16355,2025-08-29,CC-BY-NC,https://inaturalist-open-data.s3.amazonaws.com/photos/559612362/medium.jpg,"High Park Tr, Toronto, ON, CA",43.6455333333,-79.4689716667,4.0,Black-crowned Night Heron
970,2025-01-22,CC-BY-NC,https://inaturalist-open-data.s3.amazonaws.com/photos/465634989/medium.jpeg,"The Kingsway, Etobicoke, ON, Canada",43.6475447,-79.5117594799,974.0,House Sparrow
4118,2025-04-02,,https://static.inaturalist.org/photos/482217375/medium.jpeg,"Etobicoke, ON M9A 2H8, Canada",43.6483566977,-79.5227886736,5.0,Mallard
18731,2025-10-03,CC-BY-NC,https://inaturalist-open-data.s3.amazonaws.com/photos/575631495/medium.jpg,"Chesterton Shores, Toronto, ON, CA",43.7792050522,-79.1306182208,14.0,Ring-billed Gull
13718,2025-07-07,CC-BY-NC,https://inaturalist-open-data.s3.amazonaws.com/photos/532912003/medium.jpg,"Campus Walk, Toronto, ON, CA",43.7733033333,-79.5073866667,18.0,Northern Cardinal
21149,2025-11-07,CC-BY-NC,https://inaturalist-open-data.s3.amazonaws.com/photos/589514592/medium.jpg,"Bayview Village, North York, ON, Canada",43.7813062515,-79.3720892891,405.0,White-throated Sparrow
23213,2025-11-12,CC-BY,https://inaturalist-open-data.s3.amazonaws.com/photos/602793292/medium.jpg,"The Beaches, Toronto, ON, Canada",43.675048805,-79.2946022493,39.0,Summer Tanager
13752,2025-07-06,CC-BY-NC,https://inaturalist-open-data.s3.amazonaws.com/photos/533335316/medium.jpg,"Bayview Village, North York, ON, Canada",43.7781824145,-79.3696821366,602.0,Northern Cardinal
3660,2025-03-21,CC-BY-NC,https://inaturalist-open-data.s3.amazonaws.com/photos/478592072/medium.jpg,"Sunnybrook Park, Toronto, ON, CA",43.7201577887,-79.3543542037,111.0,White-breasted Nuthatch
16717,2025-09-04,CC-BY-NC,https://inaturalist-open-data.s3.amazonaws.com/photos/562640852/medium.jpg,"Bayview Village, North York, ON, Canada",43.7780222222,-79.3694222222,4.0,Black-crowned Night Heron
16273,2025-06-22,CC-BY-NC,https://inaturalist-open-data.s3.amazonaws.com/photos/559206875/medium.jpg,"Centre Island, Toronto, ON, Canada",43.6180924719,-79.377052043,1.0,Brown-headed Cowbird
3927,2025-03-27,CC-BY-NC,https://inaturalist-open-data.s3.amazonaws.com/photos/481002731/medium.jpeg,"73 Cardiff Rd, North York, ON M4P 2P4, Canada",43.713027,-79.3841394,179.0,American Robin
8062,2025-04-30,CC-BY,https://inaturalist-open-data.s3.amazonaws.com/photos/499069625/medium.jpeg,"McQuay Southbound @ Allayden, Whitby, ON L1P 0A8, Canada",43.8210472523,-79.1676554829,4.0,Great Blue Heron
17126,2025-09-12,CC-BY-NC,https://static.inaturalist.org/photos/565983759/medium.jpg,"Hanlan's Point Beach, Toronto, ON, Canada",43.6198049,-79.3941233,66.0,Bay-breasted Warbler
18035,2025-09-24,,https://static.inaturalist.org/photos/571654669/medium.jpg,"Corktown Common, Toronto, ON, CA",43.6541883333,-79.3526616667,5.0,American Redstart
23890,2025-06-10,CC-BY-NC,https://inaturalist-open-data.s3.amazonaws.com/photos/613092050/medium.jpg,"New Toronto, Etobicoke, ON, Canada",43.5901624568,-79.5151881445,41.0,Barn Swallow
6857,2025-04-20,CC-BY-NC,https://inaturalist-open-data.s3.amazonaws.com/photos/493222936/medium.jpg,"Downsview, North York, ON, Canada",43.7417265594,-79.4813401452,4.0,Northern Flicker
12713,2025-05-16,,https://static.inaturalist.org/photos/522707210/medium.jpg,"Birch Cliff, Scarborough, ON, Canada",43.6971455186,-79.2551440497,1.0,Indigo Bunting
6929,2025-04-27,CC-BY-NC,https://inaturalist-open-data.s3.amazonaws.com/photos/493839877/medium.jpeg,"Toronto, ON M4W 3X8, Canada",43.6869219784,-79.366230648,14.0,Red-winged Blackbird
17476,2025-09-15,CC-BY-NC,https://inaturalist-open-data.s3.amazonaws.com/photos/568056295/medium.jpg,"Colonel  Samuel Smith Park, Toronto, ON, Canada",43.5906511232,-79.5131823425,683.0,Mourning Dove
7494,2025-04-27,CC-BY-NC,https://inaturalist-open-data.s3.amazonaws.com/photos/496696859/medium.jpg,"Bayview Village, Toronto, ON, Canada",43.777636267,-79.3704431046,212.0,Ruby-crowned Kinglet
4412,2025-04-07,,https://static.inaturalist.org/photos/483985123/medium.jpeg,"Ontario, CA",43.6473875601,-79.2885790682,446.0,Red-winged Blackbird
19758,2025-10-16,CC-BY-NC,https://inaturalist-open-data.s3.amazonaws.com/photos/581116922/medium.jpg,"Bayview Village, Toronto, ON, Canada",43.777636267,-79.3704431046,61.0,Blue-headed Vireo
15988,2025-08-23,CC-BY-NC,https://inaturalist-open-data.s3.amazonaws.com/photos/556928962/medium.jpg,"Bayview Village, North York, ON, Canada",43.7798665423,-79.3742553546,608.0,Ruby-throated Hummingbird
6260,2025-04-25,CC-BY-NC,https://inaturalist-open-data.s3.amazonaws.com/photos/491648695/medium.jpeg,"High Park-Swansea, Toronto, ON, Canada",43.6408656719,-79.4558233095,31.0,Black-crowned Night Heron
12101,2025-06-07,CC-BY-NC,https://inaturalist-open-data.s3.amazonaws.com/photos/517446165/medium.jpg,"Toronto Island, Toronto, ON, CA",43.618755,-79.3897383333,22.0,Double-crested Cormorant
4963,2025-04-14,CC-BY-NC,https://inaturalist-open-data.s3.amazonaws.com/photos/486579770/medium.jpg,"Bridle Path-Sunnybrook-York Mills, Toronto, ON, Canada",43.7255675317,-79.3528828392,841.0,Mallard
10829,2025-05-25,CC-BY,https://inaturalist-open-data.s3.amazonaws.com/photos/510592380/medium.jpg,"Scarborough, ON M1P 3P5, Canada",43.7633729,-79.2683443,41.0,American Redstart
19519,2025-10-14,CC-BY,https://inaturalist-open-data.s3.amazonaws.com/photos/580261406/medium.jpg,M1P 3P5,43.7629911911,-79.2681954056,384.0,Hermit Thrush
14535,2025-07-21,CC-BY-NC,https://inaturalist-open-data.s3.amazonaws.com/photos/542556212/medium.jpg,"Humber River Recreational Tr, Toronto, ON, CA",43.6525517749,-79.4946916961,4.0,Canada Goose
14846,2025-07-15,CC-BY-NC,https://inaturalist-open-data.s3.amazonaws.com/photos/545708615/medium.jpg,"James Gardens 99 Edenbridge Dr, Etobicoke, ON M9A 3G4, Canada",43.6716852,-79.5142997,182.0,House Sparrow
15221,2025-08-06,CC-BY-NC,https://inaturalist-open-data.s3.amazonaws.com/photos/549374955/medium.jpg,"Bayview Village, Toronto, ON, Canada",43.777636267,-79.3704431046,61.0,Great Crested Flycatcher
5667,2025-04-20,CC-BY,https://inaturalist-open-data.s3.amazonaws.com/photos/489134924/medium.jpg,"New Toronto, Etobicoke, ON, Canada",43.590296365,-79.5166121775,8.0,Horned Grebe
14708,2025-07-29,CC-BY-NC,https://inaturalist-open-data.s3.amazonaws.com/photos/544441741/medium.jpg,"Horsham Ave, Toronto, ON, CA",43.7728466549,-79.4220474553,20.0,Northern Cardinal
382,2025-01-09,CC-BY-NC,https://inaturalist-open-data.s3.amazonaws.com/photos/462802843/medium.jpg,"Palisades, Toronto, ON, CA",43.6472333333,-79.4723583333,4.0,Common Raven
12659,2025-06-15,CC-BY-NC,https://inaturalist-open-data.s3.amazonaws.com/photos/522258914/medium.jpg,"HFVP+MC, Toronto, ON M8V 4B6, Canada",43.5930769095,-79.5122529566,53.0,Common Merganser
3422,2025-03-18,CC-BY,https://inaturalist-open-data.s3.amazonaws.com/photos/477678177/medium.jpeg,"Toronto, ON M5J 2T5, Canada",43.6385627719,-79.3789002299,10.0,Ring-billed Gull
18404,2025-09-28,CC-BY-NC,https://inaturalist-open-data.s3.amazonaws.com/photos/573456686/medium.jpg,"Tommy Thompson Park , Toronto, ON, Canada",43.6249776812,-79.3252215441,31.0,Pied-billed Grebe
13104,2025-06-25,CC-BY-NC,https://inaturalist-open-data.s3.amazonaws.com/photos/526798044/medium.jpg,Toronto,43.6424980164,-79.466835022,4.0,Stockente
7940,2025-04-28,CC-BY,https://inaturalist-open-data.s3.amazonaws.com/photos/498618141/medium.png,"Old East York, East York, ON, Canada",43.7011702922,-79.3196144471,42.0,綠頭鴨
22654,2025-12-10,CC-BY-NC,https://inaturalist-open-data.s3.amazonaws.com/photos/598970316/medium.jpg,"Banbury-Don Mills, North York, ON, Canada",43.7343048926,-79.3542139909,65.0,American Robin
13646,2025-07-03,CC-BY-NC,https://inaturalist-open-data.s3.amazonaws.com/photos/532022359/medium.jpg,"Rouge, Scarborough, ON, Canada",43.8225041695,-79.1665450959,509.0,Hooded Merganser
13430,2025-06-21,,https://static.inaturalist.org/photos/539728956/medium.jpg,"Toronto, ON M5V 1J3, Canada",43.6418718305,-79.3905792385,7.0,House Sparrow
14691,2025-07-28,CC-BY-NC,https://inaturalist-open-data.s3.amazonaws.com/photos/544254699/medium.jpg,"4001 Leslie St, North York, ON M2K 1E1, Canada",43.7692131,-79.3628187,218.0,American Robin
13777,2025-07-08,,https://static.inaturalist.org/photos/533675543/medium.jpg,"Toronto, ON M6S 2W3, Canada",43.6443470755,-79.4657937437,24.0,Chipping Sparrow
19682,2025-10-08,CC-BY-NC,https://inaturalist-open-data.s3.amazonaws.com/photos/581015723/medium.jpg,"Rosetta McClain Gardens, 5 Glen Everest Rd, Scarborough, ON M1N 1J2, Canada",43.6968253,-79.2557466,193.0,Red-tailed Hawk
13199,2025-06-26,CC-BY-NC,https://inaturalist-open-data.s3.amazonaws.com/photos/527375622/medium.jpg,"Bayview Village, North York, ON, Canada",43.7792100128,-79.3690525856,178.0,Northern Flicker
11873,2025-05-28,CC-BY-NC,https://inaturalist-open-data.s3.amazonaws.com/photos/516110138/medium.jpg,"Colonel  Samuel Smith Park, Toronto, ON, Canada",43.5906511232,-79.5131823425,683.0,Northern Cardinal
17833,2025-09-21,CC-BY-NC,https://inaturalist-open-data.s3.amazonaws.com/photos/570141357/medium.jpg,"Ashbridges Bay Park, Toronto, ON, CA",43.658107874,-79.3082078995,28.0,Palm Warbler
10827,2025-05-10,CC-BY-NC,https://inaturalist-open-data.s3.amazonaws.com/photos/510583887/medium.jpg,"Colonel  Samuel Smith Park, Toronto, ON, Canada",43.5906511232,-79.5131823425,683.0,Canada Goose
18617,2025-09-21,CC0,https://inaturalist-open-data.s3.amazonaws.com/photos/575096865/medium.jpg,"Ontario, CA",43.9055147143,-79.1210912973,667.0,Black-capped Chickadee
23590,2025-12-31,,https://static.inaturalist.org/photos/604319049/medium.jpg,"Lake Ontario, Toronto, ON, CA",43.6427610909,-79.3201929282,70.0,American Herring Gull
15765,2025-08-18,,https://static.inaturalist.org/photos/554336172/medium.jpg,"Westhumber Blvd at Moon Valley Dr, West Humber-Clairville, ON M9W 3M6, Canada",43.7283261952,-79.5818042313,5.0,Canada Goose
13791,2025-07-09,CC-BY,https://inaturalist-open-data.s3.amazonaws.com/photos/533940718/medium.jpg,"Scarborough, ON M1P 3P5, Canada",43.7633613,-79.2683549,44.0,American Goldfinch
21526,2025-11-10,CC-BY-NC,https://inaturalist-open-data.s3.amazonaws.com/photos/591313442/medium.jpg,"Bayview Village, North York, ON, Canada",43.7809833934,-79.3850442979,522.0,Blue Jay
16085,2025-08-25,CC-BY-NC,https://inaturalist-open-data.s3.amazonaws.com/photos/557620064/medium.jpg,"The Beaches, Toronto, ON, Canada",43.6785008402,-79.2933923602,1.0,Least Flycatcher
15859,2025-08-20,CC-BY-NC,https://inaturalist-open-data.s3.amazonaws.com/photos/555322089/medium.jpg,"E.T. Seton Park, Toronto, ON, CA",43.7147416667,-79.3417883333,5.0,Blue Jay
18160,2025-09-24,CC-BY-NC,https://inaturalist-open-data.s3.amazonaws.com/photos/572094376/medium.jpg,"Rosetta McClain Gardens, 5 Glen Everest Rd, Scarborough, ON M1N 1J2, Canada",43.6968253,-79.2557466,193.0,White-throated Sparrow
20750,2025-11-01,CC-BY-NC,https://inaturalist-open-data.s3.amazonaws.com/photos/587223273/medium.jpg,"73 Cardiff Rd, North York, ON M4P 2P4, Canada",43.713027,-79.3841394,179.0,Red-breasted Nuthatch
9081,2025-04-30,CC-BY-NC,https://inaturalist-open-data.s3.amazonaws.com/photos/501899901/medium.jpg,"Bay St, Toronto, ON, CA",43.6541486144,-79.3821504537,20.0,House Sparrow
19941,2025-10-16,CC-BY-NC,https://inaturalist-open-data.s3.amazonaws.com/photos/582276559/medium.jpg,"Bayview Village, North York, ON, Canada",43.7813538153,-79.3717619788,367.0,Winter Wren
17224,2025-09-14,CC-BY-NC,https://inaturalist-open-data.s3.amazonaws.com/photos/566818786/medium.jpg,"Ashbridge's Bay Park, Toronto, ON, Canada",43.655772212,-79.3101491009,2.0,Northern Yellow Warbler
11619,2025-06-03,CC-BY-NC,https://inaturalist-open-data.s3.amazonaws.com/photos/515282913/medium.jpg,"South Riverdale, Toronto, ON, Canada",43.6613079413,-79.3072899768,8.0,White-rumped Sandpiper
19065,2025-10-08,CC0,https://inaturalist-open-data.s3.amazonaws.com/photos/578082832/medium.jpg,"Ontario, CA",43.7877364117,-79.3501815583,493.0,Song Sparrow
10881,2025-05-02,CC-BY-NC,https://inaturalist-open-data.s3.amazonaws.com/photos/510779186/medium.jpg,"Bayview Village, Toronto, ON, Canada",43.777636267,-79.3704431046,61.0,Black-throated Blue Warbler
1483,2025-02-05,CC-BY-NC,https://inaturalist-open-data.s3.amazonaws.com/photos/468714991/medium.jpg,"Bayview Village, Toronto, ON, Canada",43.777636267,-79.3704431046,61.0,Red-breasted Nuthatch
14474,2025-07-24,,https://static.inaturalist.org/photos/541949802/medium.jpg,"Toronto, ON M6S 5A3, Canada",43.641300195,-79.4576244056,21.0,Great Crested Flycatcher
269,2025-01-03,CC-BY-NC,https://inaturalist-open-data.s3.amazonaws.com/photos/462280766/medium.jpeg,"Colonel  Samuel Smith Park, Toronto, ON, Canada",43.5906511232,-79.5131823425,683.0,American Black Duck
13352,2025-06-27,CC-BY-NC,https://inaturalist-open-data.s3.amazonaws.com/photos/529233474/medium.jpg,"Lower Reesor Pond, Toronto, ON M1B 5W5, Canada",43.8280937,-79.1899396,175.0,Red-winged Blackbird
4372,2025-01-25,CC-BY-NC,https://inaturalist-open-data.s3.amazonaws.com/photos/483742831/medium.jpg,"Toronto, ON, Canada",43.6237497751,-79.4763163388,32.0,Northern Shoveler
10569,2025-05-16,CC-BY-NC,https://inaturalist-open-data.s3.amazonaws.com/photos/509454126/medium.jpg,"Colonel  Samuel Smith Park, Toronto, ON, Canada",43.5906511232,-79.5131823425,683.0,Warbling Vireo
4489,2025-04-09,,https://static.inaturalist.org/photos/484568598/medium.jpeg,"Toronto, ON, Canada",43.6180220129,-79.3361915373,122.0,Greater Scaup
22455,2025-05-02,CC-BY,https://inaturalist-open-data.s3.amazonaws.com/photos/598135830/medium.jpg,"Toronto, ON, Canada",43.6572184937,-79.3069421008,31.0,Common Grackle
21339,2025-11-11,CC-BY-NC,https://inaturalist-open-data.s3.amazonaws.com/photos/590601653/medium.jpg,"Colonel  Samuel Smith Park, Toronto, ON, Canada",43.5906511232,-79.5131823425,683.0,Mourning Dove
11931,2025-06-03,CC-BY-NC,https://inaturalist-open-data.s3.amazonaws.com/photos/516450438/medium.jpg,"South Riverdale, Toronto, ON, Canada",43.64527087,-79.3213243078,626.0,Eastern Kingbird
16335,2025-08-29,CC-BY-NC,https://inaturalist-open-data.s3.amazonaws.com/photos/559574080/medium.jpg,"Ashbridge's Bay Park, Toronto, ON, Canada",43.6565879203,-79.3080436763,8.0,Great Blue Heron
15897,2025-08-15,CC-BY-NC,https://inaturalist-open-data.s3.amazonaws.com/photos/555730832/medium.jpg,"Cedar Trail, Rouge Park, Scarborough, ON, Canada",43.8270737233,-79.1712575852,35.0,Northern House Wren
4859,2025-04-13,CC-BY-NC,https://inaturalist-open-data.s3.amazonaws.com/photos/486200145/medium.jpg,"Cliffside, Scarborough, ON, Canada",43.7055224709,-79.2357468824,71.0,Red-winged Blackbird
8779,2025-05-06,,https://static.inaturalist.org/photos/501221933/medium.jpg,"Corktown Common, Toronto, ON, CA",43.6537866667,-79.3516533333,4.0,Myrtle Warbler
15401,2025-08-10,CC-BY-NC,https://inaturalist-open-data.s3.amazonaws.com/photos/550651342/medium.jpg,"Bayview Village, Toronto, ON, Canada",43.777636267,-79.3704431046,61.0,American Goldfinch
8319,2025-05-03,CC-BY-NC,https://inaturalist-open-data.s3.amazonaws.com/photos/499719995/medium.jpg,"Ontario, CA",43.6984174704,-79.3011520137,165.0,Barred Owl
15052,2025-08-04,,https://inaturalist-open-data.s3.amazonaws.com/photos/547620666/medium.jpg,Toronto,43.6676559448,-79.3913421631,5.0,Feral Pigeon
3282,2025-03-15,CC-BY-NC,https://inaturalist-open-data.s3.amazonaws.com/photos/476837217/medium.jpeg,"Downsview Park Blvd / Keele St - SMART, North York, ON M3K 0E1, Canada",43.73732,-79.48164301,5.0,Red-winged Blackbird
17989,2025-09-23,,https://static.inaturalist.org/photos/571235487/medium.jpg,"Corktown Common, Toronto, ON, CA",43.6542783333,-79.3527133333,4.0,Northern Flicker
8347,2025-04-28,CC-BY-NC,https://inaturalist-open-data.s3.amazonaws.com/photos/499754453/medium.jpeg,"James Gardens 99 Edenbridge Dr, Etobicoke, ON M9A 3G4, Canada",43.6716852,-79.5142997,182.0,Mallard
22962,2025-12-20,CC-BY-NC,https://inaturalist-open-data.s3.amazonaws.com/photos/601262201/medium.jpg,"Bayview Village, North York, ON, Canada",43.7840624857,-79.3888998,31.0,Mourning Dove
20272,2025-10-24,,https://static.inaturalist.org/photos/584136368/medium.jpg,"Corktown Common, Toronto, ON, CA",43.654205,-79.35202,4.0,Black-capped Chickadee
8468,2025-04-28,CC-BY-NC,https://inaturalist-open-data.s3.amazonaws.com/photos/500316943/medium.jpeg,"Edenbridge-Humber Valley, Etobicoke, ON, Canada",43.668823313,-79.5115483881,182.0,Canada Goose
23997,2025-06-15,CC-BY-NC,https://inaturalist-open-data.s3.amazonaws.com/photos/627639165/medium.jpg,"Don Valley Brick Works Tr, Toronto, ON, CA",43.6857916667,-79.3664783333,3.0,Great Blue Heron
16741,2025-09-05,CC-BY-NC,https://inaturalist-open-data.s3.amazonaws.com/photos/562927893/medium.jpg,"Bayview Village, Toronto, ON, Canada",43.777636267,-79.3704431046,61.0,Red-breasted Nuthatch
4074,2025-04-01,CC-BY-NC,https://inaturalist-open-data.s3.amazonaws.com/photos/481955711/medium.jpeg,"High Park-Swansea, Toronto, ON, Canada",43.6435515121,-79.4689304838,74.0,Northern Shoveler
22485,2025-12-06,CC-BY-NC,https://inaturalist-open-data.s3.amazonaws.com/photos/598264247/medium.jpg,"Sunnyside Beach, Sunnyside, ON, Canada",43.636766,-79.4520176,883.0,Mallard
840,2025-01-18,CC-BY-NC,https://inaturalist-open-data.s3.amazonaws.com/photos/464633548/medium.jpg,"Exhibition Place, Toronto, ON, CA",43.632795,-79.4161,4.0,Feral Pigeon
12962,2025-06-22,CC-BY-NC,https://inaturalist-open-data.s3.amazonaws.com/photos/525158633/medium.jpg,"Ontario, CA",43.6928919555,-79.2831453614,4.0,Cooper's Hawk
5542,2025-04-20,,https://static.inaturalist.org/photos/489059248/medium.jpg,"High Park-Swansea, Toronto, ON, Canada",43.6415974765,-79.4644459091,1.0,Red-winged Blackbird
13888,2025-06-26,CC-BY-NC,https://inaturalist-open-data.s3.amazonaws.com/photos/535034890/medium.jpg,"Colonel  Samuel Smith Park, Toronto, ON, Canada",43.5906511232,-79.5131823425,683.0,Mallard
2065,2025-02-19,CC-BY-NC,https://inaturalist-open-data.s3.amazonaws.com/photos/471431992/medium.jpg,"Banbury-Don Mills, North York, ON, Canada",43.7302505954,-79.3557553234,976.0,Northern Cardinal
2832,2025-03-09,CC-BY-NC,https://inaturalist-open-data.s3.amazonaws.com/photos/475389722/medium.jpeg,"Humber Bay Shores, Etobicoke, ON, Canada",43.6232285189,-79.477050975,43.0,Lesser Scaup
6908,2025-04-26,CC-BY-NC,https://inaturalist-open-data.s3.amazonaws.com/photos/493756195/medium.jpeg,"Colonel  Samuel Smith Park, Toronto, ON, Canada",43.5906511232,-79.5131823425,683.0,Double-crested Cormorant
11010,2025-05-24,,https://static.inaturalist.org/photos/511204672/medium.jpg,Colonel Samuel Smith Park,43.5926216785,-79.5131125598,209.0,Hudsonian Whimbrel
9811,2025-05-15,CC-BY,https://inaturalist-open-data.s3.amazonaws.com/photos/505539221/medium.jpg,"The Beaches, Toronto, ON, Canada",43.6793947197,-79.2931158832,87.0,Swainson's Thrush
18138,2025-09-25,CC-BY-NC,https://inaturalist-open-data.s3.amazonaws.com/photos/572074193/medium.jpg,"High Park-Swansea, Toronto, ON, Canada",43.64756237,-79.4657290372,15.0,Downy Woodpecker
17455,2025-09-16,CC-BY-NC,https://inaturalist-open-data.s3.amazonaws.com/photos/567964438/medium.jpg,"Bayview Village, Toronto, ON, Canada",43.777636267,-79.3704431046,61.0,Downy Woodpecker
21631,2025-11-15,CC-BY-NC,https://inaturalist-open-data.s3.amazonaws.com/photos/604091885/medium.jpg,"Fern Ave, Toronto, ON, CA",43.6441688882,-79.4493323207,5.0,Feral Pigeon
6336,2025-04-25,CC-BY-NC,https://inaturalist-open-data.s3.amazonaws.com/photos/491787531/medium.jpg,"North Bendale, Scarborough, ON M1H, Canada",43.7688248922,-79.2447710835,482.0,American Robin
3521,2025-03-19,CC-BY-NC,https://inaturalist-open-data.s3.amazonaws.com/photos/477930365/medium.jpg,"The Queensway – Humber Bay, Etobicoke, ON, Canada",43.6226425015,-79.4775333405,61.0,Red-necked Grebe
12285,2025-06-04,CC-BY-NC,https://inaturalist-open-data.s3.amazonaws.com/photos/519053676/medium.jpg,"Rouge Beach, Toronto, ON, Canada",43.7943080952,-79.1174703903,15.0,Ring-billed Gull
21875,2025-11-21,CC-BY-NC,https://inaturalist-open-data.s3.amazonaws.com/photos/593351857/medium.jpg,"Holland Bloorview Kids Rehabilitation Hospital, Toronto, ON, CA",43.7175783333,-79.37417,10.0,Mourning Dove
12666,2025-06-06,CC-BY-NC,https://inaturalist-open-data.s3.amazonaws.com/photos/522312175/medium.jpg,"Eglinton Ave E, Toronto, ON, CA",43.7142440385,-79.3577795955,178.0,Barn Swallow
4244,2025-04-04,CC-BY-NC,https://inaturalist-open-data.s3.amazonaws.com/photos/482923143/medium.jpeg,"Leaside-Bennington, Toronto, ON, Canada",43.7202712092,-79.3544453382,8.0,Northern Cardinal
4999,2025-04-15,CC-BY-NC,https://inaturalist-open-data.s3.amazonaws.com/photos/486840227/medium.jpg,"Tommy Thompson Park, Toronto, ON, CA",43.6308514137,-79.3246510632,125.0,Neotropic Cormorant
7640,2025-04-28,CC-BY-NC,https://inaturalist-open-data.s3.amazonaws.com/photos/497433081/medium.jpeg,"Colonel  Samuel Smith Park, Toronto, ON, Canada",43.5906511232,-79.5131823425,683.0,Northern Cardinal
2625,2025-03-01,,https://static.inaturalist.org/photos/473644589/medium.jpg,"High Park-Swansea, Toronto, ON, Canada",43.6457435664,-79.468576217,31.0,White-breasted Nuthatch
7029,2025-04-27,CC-BY-NC,https://inaturalist-open-data.s3.amazonaws.com/photos/494309603/medium.jpeg,"Ontario, CA",43.5942420402,-79.4483043574,198.0,Yellow-rumped Warbler
288,2025-01-08,CC-BY-NC,https://inaturalist-open-data.s3.amazonaws.com/photos/462514225/medium.jpg,"Cardiff Rd, Toronto, ON, CA",43.7129959,-79.3841547,39.0,Northern Cardinal
17232,2025-09-12,CC-BY-NC,https://inaturalist-open-data.s3.amazonaws.com/photos/566868565/medium.jpg,"Bayview Village, Toronto, ON, Canada",43.777636267,-79.3704431046,61.0,Black-throated Blue Warbler
8808,2025-04-27,CC-BY-NC,https://inaturalist-open-data.s3.amazonaws.com/photos/501241079/medium.jpeg,"Colonel  Samuel Smith Park, Toronto, ON, Canada",43.5906511232,-79.5131823425,683.0,American Robin
7612,2025-04-28,CC-BY-NC,https://inaturalist-open-data.s3.amazonaws.com/photos/497222647/medium.jpg,"Downsview Park, Toronto, ON, CA",43.7401249566,-79.4821218616,6.0,Feral Pigeon
20816,2025-11-01,CC-BY-NC,https://inaturalist-open-data.s3.amazonaws.com/photos/587549308/medium.jpg,"Bayview Village, Toronto, ON, Canada",43.777636267,-79.3704431046,61.0,American Goldfinch
18549,2025-10-01,CC-BY-NC,https://inaturalist-open-data.s3.amazonaws.com/photos/574745964/medium.jpg,"Smithfield, Etobicoke, ON M9W 5L7, Canada",43.7276158,-79.6073011,116.0,Mallard
18689,2025-10-03,CC-BY-NC,https://inaturalist-open-data.s3.amazonaws.com/photos/575423459/medium.jpg,"Toronto, ON, CA",43.7682157786,-79.3615151525,276.0,White-throated Sparrow
11956,2025-05-29,CC-BY-NC,https://inaturalist-open-data.s3.amazonaws.com/photos/516598893/medium.jpg,"Colonel  Samuel Smith Park, Toronto, ON, Canada",43.5906511232,-79.5131823425,683.0,Cedar Waxwing
17960,2025-09-23,CC-BY-NC,https://inaturalist-open-data.s3.amazonaws.com/photos/571109092/medium.jpg,"Birch Cliff, Scarborough, ON, Canada",43.6967357461,-79.2547661216,3.0,White-throated Sparrow
11331,2025-05-30,CC-BY-NC,https://inaturalist-open-data.s3.amazonaws.com/photos/513338280/medium.jpg,"Bayview Village, North York, ON, Canada",43.7805392401,-79.3850751744,163.0,Ruby-throated Hummingbird
15047,2025-07-30,CC-BY-NC,https://inaturalist-open-data.s3.amazonaws.com/photos/547600404/medium.jpg,"East York, ON M4B 2P6, Canada",43.7053351238,-79.301402159,178.0,Northern Flicker
1479,2025-02-03,CC-BY-NC,https://inaturalist-open-data.s3.amazonaws.com/photos/468714064/medium.jpg,"Bayview Village, Toronto, ON, Canada",43.777636267,-79.3704431046,61.0,Red-breasted Nuthatch
15703,2025-08-16,CC-BY-NC,https://inaturalist-open-data.s3.amazonaws.com/photos/553684764/medium.jpg,"Rouge, Scarborough, ON, Canada",43.8214498205,-79.1647306576,86.0,Solitary Sandpiper
18775,2025-10-04,CC-BY-NC,https://inaturalist-open-data.s3.amazonaws.com/photos/576036350/medium.jpg,"Commissioners St, Toronto, ON, CA",43.6469650489,-79.3461750935,13.0,Mallard
22256,2025-11-29,CC-BY-NC,https://inaturalist-open-data.s3.amazonaws.com/photos/595984852/medium.jpg,"Colonel Samuel Smith Park, 3145 Lake Shore Blvd W, Etobicoke, ON M8V 4B6, Canada",43.591398,-79.5133857,198.0,Downy Woodpecker
10246,2025-05-15,CC-BY-NC,https://inaturalist-open-data.s3.amazonaws.com/photos/507688208/medium.jpg,"Colonel  Samuel Smith Park, Toronto, ON, Canada",43.5906511232,-79.5131823425,683.0,Common Grackle
23459,2025-12-28,CC-BY-NC,https://static.inaturalist.org/photos/603646433/medium.jpg,"South Riverdale, Toronto, ON, Canada",43.6529003457,-79.3232284449,2.0,Northern Mockingbird
4922,2025-04-14,,https://static.inaturalist.org/photos/486478682/medium.jpg,"Corktown Common, Toronto, ON, CA",43.654045,-79.353455,11.0,American Robin
18282,2025-09-27,CC-BY-NC,https://inaturalist-open-data.s3.amazonaws.com/photos/572855873/medium.jpg,"Ashbridge’s Bay Park, Toronto, ON, Canada",43.6568520931,-79.3058197653,4.0,Yellow-bellied Sapsucker
9256,2025-05-10,CC-BY-NC,https://inaturalist-open-data.s3.amazonaws.com/photos/502754416/medium.jpeg,"South Riverdale, Toronto, ON, Canada",43.6726983921,-79.3310015889,1.0,Cape May Warbler
10412,2025-05-20,CC-BY-NC,https://inaturalist-open-data.s3.amazonaws.com/photos/508426956/medium.jpg,"Humber River Recreational Tr, Toronto, ON, CA",43.6706571887,-79.5122715645,5.0,Mallard
12168,2025-06-07,,https://static.inaturalist.org/photos/517901640/medium.jpg,"High Park-Swansea, Toronto, ON, Canada",43.6419108711,-79.4657713294,2.0,Canada Goose
17290,2025-09-12,CC-BY-NC,https://inaturalist-open-data.s3.amazonaws.com/photos/567116640/medium.jpg,"Bayview Village, Toronto, ON, Canada",43.777636267,-79.3704431046,61.0,Scarlet Tanager
20005,2025-10-17,CC-BY-NC,https://inaturalist-open-data.s3.amazonaws.com/photos/582705680/medium.jpg,"Bayview Village, Toronto, ON, Canada",43.777636267,-79.3704431046,61.0,Downy Woodpecker
18486,2025-09-29,CC-BY-NC,https://inaturalist-open-data.s3.amazonaws.com/photos/573989499/medium.jpg,"OCAD University, Toronto, ON, CA",43.65215,-79.3906116667,16.0,House Sparrow
7056,2025-04-27,CC-BY-NC,https://inaturalist-open-data.s3.amazonaws.com/photos/494417192/medium.jpeg,"New Toronto, Etobicoke, ON, Canada",43.5907046127,-79.5131421952,526.0,American Robin
22535,2025-12-09,CC-BY-NC,https://inaturalist-open-data.s3.amazonaws.com/photos/598547238/medium.jpg,"Creekwood Dr, Toronto, ON, CA",43.7856333333,-79.2188116667,8.0,Downy Woodpecker
19476,2025-10-13,CC-BY-NC,https://inaturalist-open-data.s3.amazonaws.com/photos/579978429/medium.jpg,"Bayview Village, North York, ON, Canada",43.781834059,-79.3727318599,434.0,Yellow-rumped Warbler
7917,2025-04-29,CC-BY-NC,https://inaturalist-open-data.s3.amazonaws.com/photos/498594593/medium.jpeg,"Rouge Marsh, Toronto, ON, Canada",43.791609613,-79.1206371139,31.0,Red-winged Blackbird
10074,2025-05-14,CC-BY-NC,https://inaturalist-open-data.s3.amazonaws.com/photos/506608406/medium.jpg,"Colonel  Samuel Smith Park, Toronto, ON, Canada",43.5906511232,-79.5131823425,683.0,Common Tern
12216,2025-06-09,,https://static.inaturalist.org/photos/518529079/medium.jpg,"Corktown Common, Toronto, ON, CA",43.6543366667,-79.3526783333,4.0,Baltimore Oriole
20225,2025-10-15,CC-BY-NC,https://inaturalist-open-data.s3.amazonaws.com/photos/583738883/medium.jpg,"Rouge Marsh, Toronto, ON, Canada",43.7931054983,-79.1205471753,35.0,Killdeer
4341,2025-04-06,CC-BY-NC,https://inaturalist-open-data.s3.amazonaws.com/photos/483647288/medium.jpg,"The Bluffs, Toronto, ON, CA",43.6928349781,-79.2584247214,907.0,Red-necked Grebe
23730,2025-11-10,,https://static.inaturalist.org/photos/607216846/medium.jpg,"Evergreen Brick Works, 550 Bayview Ave, Toronto, ON M4W 3X8, Canada",43.6843314,-79.3647127,177.0,Red-winged Blackbird
21658,2025-11-15,CC-BY-NC,https://inaturalist-open-data.s3.amazonaws.com/photos/591958694/medium.jpg,"Bayview Village, Toronto, ON, Canada",43.777636267,-79.3704431046,61.0,Brown Creeper
16846,2025-09-07,,https://static.inaturalist.org/photos/563719732/medium.jpg,Toronto,43.6427307129,-79.4658279419,4.0,Mallard
13463,2025-07-01,CC-BY-NC,https://inaturalist-open-data.s3.amazonaws.com/photos/530336823/medium.jpg,"North York, ON M3C 2L9, Canada",43.7276064311,-79.353637509,425.0,Great Blue Heron
21570,2025-11-14,,https://static.inaturalist.org/photos/591350049/medium.jpg,"Winchester St, Toronto, ON, CA",43.6675994187,-79.3614626709,174.0,Hairy Woodpecker
11122,2025-05-28,CC-BY-NC,https://inaturalist-open-data.s3.amazonaws.com/photos/511965964/medium.jpg,"Woodbine Beach, Toronto, ON, Canada",43.6616922363,-79.3076281349,2.0,Caspian Tern
15059,2025-08-03,CC-BY-NC,https://inaturalist-open-data.s3.amazonaws.com/photos/547660008/medium.jpg,"Lower Reesor Pond, Toronto, ON M1B 5W5, Canada",43.8280937,-79.1899396,175.0,Wood Duck
15980,2025-08-21,CC-BY-NC,https://inaturalist-open-data.s3.amazonaws.com/photos/556905232/medium.jpg,"Bayview Village, North York, ON, Canada",43.7822404793,-79.3750296255,730.0,Song Sparrow
13743,2025-07-06,,https://static.inaturalist.org/photos/533217533/medium.jpg,"Lower Reesor Pond, Toronto, ON M1B 5W5加拿大",43.8280937,-79.1899396,175.0,绿头鸭
20491,2025-10-28,,https://static.inaturalist.org/photos/585833651/medium.jpg,"Corktown Common, Toronto, ON, CA",43.6535416667,-79.35267,9.0,Northern Cardinal
345,2025-01-08,CC-BY-NC,https://inaturalist-open-data.s3.amazonaws.com/photos/462609214/medium.jpg,"Bridle Path-Sunnybrook-York Mills, Toronto, ON, Canada",43.7301005027,-79.357842113,479.0,House Finch
2955,2025-03-08,CC-BY-NC,https://inaturalist-open-data.s3.amazonaws.com/photos/475663856/medium.jpeg,"Bluffers Park, Scarborough, Canada",43.7084487624,-79.2284149165,75.0,Trumpeter Swan
13766,2025-07-04,CC-BY-NC,https://inaturalist-open-data.s3.amazonaws.com/photos/533527942/medium.jpg,"Ontario, CA",43.6367612943,-79.521177227,55.0,Trumpeter Swan
19031,2025-10-09,CC-BY-NC,https://inaturalist-open-data.s3.amazonaws.com/photos/578049547/medium.jpg,"Toronto, ON M4L 2L2, Canada",43.6654422,-79.3301726,12.0,Eastern Phoebe
7382,2025-04-28,,https://static.inaturalist.org/photos/496218121/medium.jpg,"Etobicoke Creek, Toronto, ON, CA",43.5863133333,-79.54297,7.0,Mallard
256,2025-01-03,CC-BY-NC,https://inaturalist-open-data.s3.amazonaws.com/photos/462277144/medium.jpeg,"Colonel  Samuel Smith Park, Toronto, ON, Canada",43.5906511232,-79.5131823425,683.0,Red-breasted Merganser
4223,2025-01-08,CC-BY,https://inaturalist-open-data.s3.amazonaws.com/photos/482823355/medium.png,"Mimico-Queensway, Etobicoke, ON, Canada",43.6073700772,-79.4882493098,19.0,Brown Creeper
20806,2025-10-27,CC-BY-NC,https://inaturalist-open-data.s3.amazonaws.com/photos/587514109/medium.jpg,"Leaside-Bennington, Toronto, ON, Canada",43.7187840921,-79.3571741534,4.0,Blue Jay
3726,2025-03-23,,https://static.inaturalist.org/photos/479113274/medium.jpg,"Queen's Park, Toronto, ON, CA",43.664518733,-79.3911173315,27.0,American Robin
2260,2025-02-25,CC-BY-NC,https://inaturalist-open-data.s3.amazonaws.com/photos/472603437/medium.jpg,"Scarborough, ON, Canada",43.7088969605,-79.231747209,520.0,Black-capped Chickadee
8217,2025-04-21,CC0,https://inaturalist-open-data.s3.amazonaws.com/photos/499527929/medium.jpeg,"South Riverdale, Toronto, ON, Canada",43.6305805338,-79.324905278,271.0,Double-crested Cormorant
14467,2025-07-24,,https://static.inaturalist.org/photos/541941503/medium.jpg,"Toronto, ON M6S 2W3, Canada",43.6420977172,-79.4662399963,14.0,Purple Martin
4698,2025-04-12,CC-BY-NC,https://inaturalist-open-data.s3.amazonaws.com/photos/485600976/medium.jpeg,"MM4R+GR, Toronto, ON M4L 3W6, Canada",43.65519551,-79.3068470433,217.0,Red-breasted Merganser
17398,2025-09-12,CC-BY-NC,https://inaturalist-open-data.s3.amazonaws.com/photos/567589885/medium.jpg,"Colonel  Samuel Smith Park, Toronto, ON, Canada",43.5906511232,-79.5131823425,683.0,Cedar Waxwing
3266,2025-03-14,CC-BY-NC,https://inaturalist-open-data.s3.amazonaws.com/photos/476723825/medium.jpg,"Mimico Creek, Toronto, ON, CA",43.6208208416,-79.4793945211,49.0,Mute Swan
19588,2025-10-14,CC-BY-NC,https://inaturalist-open-data.s3.amazonaws.com/photos/580391594/medium.jpg,"Bayview Village, Toronto, ON, Canada",43.777636267,-79.3704431046,61.0,White-throated Sparrow
3699,2025-03-15,CC-BY-NC,https://inaturalist-open-data.s3.amazonaws.com/photos/478941385/medium.jpeg,"East End-Danforth, ON M4C 1C1, Canada",43.6848933738,-79.3065590411,67.0,Red-bellied Woodpecker
18270,2025-09-27,CC-BY-NC,https://inaturalist-open-data.s3.amazonaws.com/photos/572799650/medium.jpg,"Colonel Samuel Smith Park, 3145 Lake Shore Blvd W, Etobicoke, ON M8V 4B6, Canada",43.591398,-79.5133857,198.0,Common Yellowthroat
21976,2025-11-22,CC-BY-NC-SA,https://inaturalist-open-data.s3.amazonaws.com/photos/594147824/medium.jpg,Bluffers Park Beach,43.7168535188,-79.2240439047,516.0,Harle huppé
22474,2025-12-07,CC-BY-NC,https://inaturalist-open-data.s3.amazonaws.com/photos/598143594/medium.jpg,"73 Cardiff Rd, North York, ON M4P 2P4, Canada",43.713027,-79.3841394,179.0,Northern Cardinal
232,2025-01-03,CC-BY-NC,https://inaturalist-open-data.s3.amazonaws.com/photos/462262170/medium.jpeg,"Colonel  Samuel Smith Park, Toronto, ON, Canada",43.5906511232,-79.5131823425,683.0,Common Goldeneye
1974,2025-02-17,CC-BY-NC,https://inaturalist-open-data.s3.amazonaws.com/photos/471004542/medium.jpg,"Bayview Village, North York, ON, Canada",43.7802073766,-79.3733590502,584.0,Downy Woodpecker
3813,2025-03-15,CC-BY-NC,https://inaturalist-open-data.s3.amazonaws.com/photos/479762609/medium.jpeg,"Sunnyside Beach, Sunnyside, ON, Canada",43.636766,-79.4520176,861.0,Gadwall
17375,2025-09-12,CC-BY-NC,https://inaturalist-open-data.s3.amazonaws.com/photos/567382704/medium.jpg,"Colonel  Samuel Smith Park, Toronto, ON, Canada",43.5906511232,-79.5131823425,683.0,Mute Swan
9390,2025-05-10,,https://static.inaturalist.org/photos/503277630/medium.jpg,"High Park-Swansea, Toronto, ON, Canada",43.6400134727,-79.4638235203,31.0,Bufflehead
10796,2025-05-25,,https://static.inaturalist.org/photos/510527612/medium.jpg,"Corktown Common, Toronto, ON, CA",43.654475,-79.3525466667,12.0,Yellow-bellied Flycatcher
21639,2025-11-14,CC-BY-NC,https://inaturalist-open-data.s3.amazonaws.com/photos/591738597/medium.jpg,"Rouge, Scarborough, ON, Canada",43.8349705301,-79.1612378785,783.0,Golden Eagle
9098,2025-05-07,CC-BY-NC,https://inaturalist-open-data.s3.amazonaws.com/photos/501958224/medium.jpeg,"High Park-Swansea, Toronto, ON, Canada",43.6413786704,-79.4635359011,4.0,Red-winged Blackbird
17452,2025-09-01,CC-BY-NC,https://inaturalist-open-data.s3.amazonaws.com/photos/567962949/medium.jpg,"East York, ON M4H 1P6, Canada",43.6954321957,-79.3597341701,6.0,Double-crested Cormorant
9312,2025-05-10,CC-BY,https://inaturalist-open-data.s3.amazonaws.com/photos/502937681/medium.jpg,"Midtown Toronto, Toronto, ON, Canada",43.6834201846,-79.414284267,65.0,Veery
5055,2025-04-13,CC-BY-NC-ND,https://inaturalist-open-data.s3.amazonaws.com/photos/487132324/medium.jpg,"South Riverdale, Toronto, ON, Canada",43.6452800991,-79.3213099394,15.0,Tree Swallow
22742,2025-12-14,CC-BY-NC-SA,https://inaturalist-open-data.s3.amazonaws.com/photos/599858299/medium.jpg,"Étienne Brûlé Park, Toronto",43.6527798758,-79.4981689773,85.0,Goéland hudsonien
10278,2025-05-16,,https://static.inaturalist.org/photos/507772746/medium.jpg,"Birch Cliff, Scarborough, ON, Canada",43.696374064,-79.255858851,15.0,Magnolia Warbler
8125,2025-04-28,CC-BY-NC,https://inaturalist-open-data.s3.amazonaws.com/photos/499316710/medium.jpeg,"Colonel  Samuel Smith Park, Toronto, ON, Canada",43.5906511232,-79.5131823425,683.0,Red-necked Grebe
5923,2025-04-23,,https://static.inaturalist.org/photos/490332593/medium.jpeg,"South Riverdale, Toronto, ON, Canada",43.6458978525,-79.3207179227,31.0,Cliff Swallow
22909,2025-12-18,CC-BY-NC,https://inaturalist-open-data.s3.amazonaws.com/photos/600887323/medium.jpg,"Bayview Village, Toronto, ON, Canada",43.777636267,-79.3704431046,61.0,Red-breasted Nuthatch
5000,2025-04-15,CC-BY-NC,https://inaturalist-open-data.s3.amazonaws.com/photos/486840455/medium.jpg,"Tommy Thompson Park, Toronto, ON, CA",43.6465159137,-79.3210226273,377.0,Northern Mockingbird
9763,2025-05-15,CC-BY-NC,,"Wayland Ave, Toronto, ON, CA",43.6817719442,-79.2944722165,5.0,Black-capped Chickadee
10710,2025-05-15,CC-BY-NC,https://inaturalist-open-data.s3.amazonaws.com/photos/510178874/medium.jpg,"Rouge, Scarborough, ON, Canada",43.8232444039,-79.1653572647,1000.0,Brown-headed Cowbird
23793,2025-06-27,CC-BY-NC,https://inaturalist-open-data.s3.amazonaws.com/photos/609477829/medium.jpg,"Ontario, CA",43.7334087856,-79.423583491,3.0,Merlin
12521,2025-06-14,CC-BY-NC,https://inaturalist-open-data.s3.amazonaws.com/photos/520846926/medium.jpg,"Serena Gundy Park Tr, Toronto, ON, CA",43.7188907255,-79.3544106256,56.0,Hairy Woodpecker
16523,2025-09-01,CC-BY-NC,https://inaturalist-open-data.s3.amazonaws.com/photos/561201638/medium.jpg,"South Riverdale, Toronto, ON, Canada",43.6609844049,-79.3119953645,60.0,Barn Swallow
13265,2025-06-28,CC-BY-NC,https://inaturalist-open-data.s3.amazonaws.com/photos/528315656/medium.jpg,"Toronto Zoo, Toronto, ON, CA",43.8176416667,-79.186805,61.0,House Sparrow
12581,2025-06-15,CC-BY-NC,https://inaturalist-open-data.s3.amazonaws.com/photos/521357632/medium.jpg,"Woodbine Beach Dune Habitat, Toronto, ON, Canada",43.6599798669,-79.3066990298,2.0,Mourning Dove
6033,2025-04-23,CC-BY-NC,https://inaturalist-open-data.s3.amazonaws.com/photos/490720926/medium.jpg,"Milliken Park Trail, Toronto, ON, CA",43.828966992,-79.2715831741,58.0,Common Grackle
5535,2025-04-20,CC-BY-NC,https://inaturalist-open-data.s3.amazonaws.com/photos/489060833/medium.jpg,"Bayview Village, Toronto, ON, Canada",43.777636267,-79.3704431046,61.0,Ruby-crowned Kinglet
3127,2025-02-05,CC-BY-NC,https://inaturalist-open-data.s3.amazonaws.com/photos/476189289/medium.jpeg,"The Queensway – Humber Bay, Etobicoke, ON, Canada",43.6234058506,-79.4763418997,619.0,Canada Goose
3041,2025-03-11,CC-BY-NC,https://inaturalist-open-data.s3.amazonaws.com/photos/475979171/medium.jpg,"Bayview Village, North York, ON, Canada",43.781876765,-79.3866506712,8.0,Mallard
23049,2025-12-22,CC-BY-NC,https://inaturalist-open-data.s3.amazonaws.com/photos/601933862/medium.jpg,"South Riverdale, Toronto, ON, Canada",43.6470633394,-79.3214500275,331.0,American Tree Sparrow
5508,2025-04-20,,https://static.inaturalist.org/photos/489013261/medium.jpg,"High Park-Swansea, Toronto, ON, Canada",43.6460035293,-79.4695924542,8.0,Double-crested Cormorant
22101,2025-11-27,CC-BY-NC,https://inaturalist-open-data.s3.amazonaws.com/photos/595240501/medium.jpg,"Stonegate Rd, Toronto, ON, CA",43.637725,-79.4843533333,35.0,Hairy Woodpecker
2385,2025-02-27,CC-BY-NC,https://inaturalist-open-data.s3.amazonaws.com/photos/473086439/medium.jpeg,"73 Cardiff Rd, North York, ON M4P 2P4, Canada",43.713027,-79.3841394,179.0,Downy Woodpecker
14219,2025-07-18,CC-BY-NC,https://inaturalist-open-data.s3.amazonaws.com/photos/538728999/medium.jpg,"Curran Hall, Scarborough, ON, Canada",43.7680277053,-79.2009676627,372.0,Northern Cardinal
2046,2025-02-20,CC-BY-NC,https://static.inaturalist.org/photos/471429466/medium.jpeg,"The Queensway – Humber Bay, Etobicoke, ON, Canada",43.6224858566,-79.4778291379,173.0,Redhead
19484,2025-10-13,CC-BY-NC,https://inaturalist-open-data.s3.amazonaws.com/photos/580115006/medium.jpg,"Bayview Village, North York, ON, Canada",43.7803540667,-79.3893623613,31.0,European Starling
9687,2025-05-14,,https://static.inaturalist.org/photos/504961909/medium.jpg,"North York, ON M2R 1Z4, Canada",43.7879959973,-79.4458287209,23.0,Red-tailed Hawk
21202,2025-11-06,CC-BY-NC,https://inaturalist-open-data.s3.amazonaws.com/photos/589836013/medium.jpg,"The Queensway – Humber Bay, Etobicoke, ON, Canada",43.6228742154,-79.4735377852,399.0,Bufflehead
20850,2025-11-02,CC-BY-NC,https://inaturalist-open-data.s3.amazonaws.com/photos/587613794/medium.jpg,"Downsview, North York, ON, Canada",43.7436527184,-79.4844772557,57.0,European Starling
12050,2025-05-19,CC-BY-NC,https://inaturalist-open-data.s3.amazonaws.com/photos/517113786/medium.jpg,"Mayfield Ave, Toronto, ON, CA",43.6481907372,-79.4816632512,20.0,Baltimore Oriole
16347,2025-08-29,CC-BY-NC,https://inaturalist-open-data.s3.amazonaws.com/photos/559597441/medium.jpg,"Leaside-Bennington, Toronto, ON, Canada",43.7199812809,-79.3546693633,8.0,Northern Cardinal
24003,2025-09-07,CC-BY-NC,https://inaturalist-open-data.s3.amazonaws.com/photos/627640216/medium.jpg,"Humber Blvd, Toronto, ON, CA",43.6520833333,-79.500245,5.0,Mallard
20670,2025-03-27,CC-BY-NC,https://inaturalist-open-data.s3.amazonaws.com/photos/586493461/medium.jpg,"High Park-Centre, Toronto, ON, Canada",43.6454712084,-79.4632833811,495.0,Northern Shoveler
17321,2025-09-11,CC-BY-NC,https://inaturalist-open-data.s3.amazonaws.com/photos/567309672/medium.jpg,"Colonel  Samuel Smith Park, Toronto, ON, Canada",43.5906511232,-79.5131823425,683.0,Swainson's Thrush
19824,2025-10-16,CC-BY,https://inaturalist-open-data.s3.amazonaws.com/photos/581488413/medium.jpg,"The Beaches, Toronto, ON, Canada",43.6745882262,-79.295037885,19.0,Bald Eagle
657,2025-01-15,CC-BY-NC,https://inaturalist-open-data.s3.amazonaws.com/photos/464005554/medium.jpeg,"Toronto, ON, Canada",43.6679565394,-79.290292229,2.0,Long-tailed Duck
5306,2025-04-18,,https://static.inaturalist.org/photos/488344835/medium.jpeg,"Ontario, CA",43.6646860295,-79.7648978284,534.0,Red-tailed Hawk
18644,2025-09-07,,https://static.inaturalist.org/photos/575190332/medium.jpg,"New Toronto, Etobicoke, ON, Canada",43.5929337608,-79.511580541,15.0,Mallard
11564,2025-06-02,CC-BY-NC,https://inaturalist-open-data.s3.amazonaws.com/photos/514939836/medium.jpg,"Rosetta McClain Gardens, 5 Glen Everest Rd, Scarborough, ON M1N 1J2, Canada",43.6968253,-79.2557466,193.0,Northern Cardinal
18711,2025-10-03,CC-BY-NC,https://inaturalist-open-data.s3.amazonaws.com/photos/575578009/medium.jpg,"Toronto, ON, CA",43.6597217282,-79.3077694316,58.0,Palm Warbler
3863,2025-03-26,CC-BY-NC,https://inaturalist-open-data.s3.amazonaws.com/photos/480178133/medium.jpeg,"Toronto, ON, Canada",43.7896960966,-79.1203564861,4.0,Trumpeter Swan
23854,2025-05-18,CC-BY-NC,https://inaturalist-open-data.s3.amazonaws.com/photos/610890137/medium.jpg,"South Riverdale, Toronto, ON, Canada",43.6276778426,-79.3251058757,24.0,Snow Goose
897,2025-01-20,,https://static.inaturalist.org/photos/465011624/medium.jpg,"Corktown Common, Toronto, ON, CA",43.6541583333,-79.3528216667,4.0,Black-capped Chickadee
21736,2025-11-14,CC-BY-NC,https://inaturalist-open-data.s3.amazonaws.com/photos/592375164/medium.jpg,"The Beaches, Toronto, ON, Canada",43.6783477089,-79.2928791045,158.0,Eastern Screech-Owl
10472,2025-05-19,CC-BY-NC,https://inaturalist-open-data.s3.amazonaws.com/photos/508956004/medium.jpg,"Toronto, ON M4L 3W6, Canada",43.6643801406,-79.3117558211,4.0,Warbling Vireo
22995,2025-12-21,CC-BY-NC,https://inaturalist-open-data.s3.amazonaws.com/photos/601513884/medium.jpg,"Bayview Village, Toronto, ON, Canada",43.777636267,-79.3704431046,214.0,Red-bellied Woodpecker
10991,2025-05-26,CC-BY-NC,https://inaturalist-open-data.s3.amazonaws.com/photos/511183346/medium.jpg,"Alamosa Park, 111 Alamosa Dr, Toronto, ON M2J 2N9, Canada",43.7815525,-79.369435,218.0,Baltimore Oriole
18835,2025-10-05,CC-BY-NC,https://inaturalist-open-data.s3.amazonaws.com/photos/576461871/medium.jpg,"Ashbridge's Bay Park, Toronto, ON, Canada",43.6584160019,-79.3070481204,8.0,Red-tailed Hawk
11734,2025-06-03,CC-BY-NC,https://inaturalist-open-data.s3.amazonaws.com/photos/515671054/medium.jpg,"Rouge, Scarborough, ON, Canada",43.8216722817,-79.1649324968,123.0,Mallard
21294,2025-11-10,CC-BY,https://inaturalist-open-data.s3.amazonaws.com/photos/590234101/medium.jpg,"High Park-Swansea, Toronto, ON, Canada",43.6441001091,-79.4688759346,188.0,Hooded Merganser
5220,2025-04-16,CC-BY,https://inaturalist-open-data.s3.amazonaws.com/photos/488017931/medium.png,"Taylor-Massey, ON, Canada",43.698737481,-79.2933392964,75.0,綠頭鴨
15985,2025-08-22,CC-BY-NC,https://inaturalist-open-data.s3.amazonaws.com/photos/556921539/medium.jpg,"Bayview Village, North York, ON, Canada",43.7815011347,-79.3731540035,448.0,Least Flycatcher
23198,2025-12-25,CC-BY-NC,https://inaturalist-open-data.s3.amazonaws.com/photos/602714398/medium.jpg,"Ontario, CA",43.717540365,-79.4956569257,4.0,Downy Woodpecker
10165,2025-05-19,CC-BY-NC,https://inaturalist-open-data.s3.amazonaws.com/photos/507404421/medium.jpg,"Wilket Creek Tr, Toronto, ON, CA",43.7296477606,-79.3556143458,6.0,Northern Cardinal
21467,2025-11-11,CC-BY-NC,https://inaturalist-open-data.s3.amazonaws.com/photos/590909908/medium.jpg,"The Kingsway, Etobicoke, ON, Canada",43.6475136465,-79.5116521915,999.0,House Sparrow
6877,2025-04-25,CC-BY-NC,https://inaturalist-open-data.s3.amazonaws.com/photos/493599572/medium.jpeg,"Rouge Marsh, Toronto, ON, Canada",43.7923549154,-79.1211683818,25.0,Wood Duck
20146,2025-10-21,CC-BY-NC,https://inaturalist-open-data.s3.amazonaws.com/photos/583363300/medium.jpg,"Bayview Village, North York, ON, Canada",43.7786285291,-79.3780061814,922.0,Mallard
17561,2025-09-03,CC-BY-NC,https://inaturalist-open-data.s3.amazonaws.com/photos/568729971/medium.jpg,"Rosetta McClain Gardens, 5 Glen Everest Rd, Scarborough, ON M1N 1J2, Canada",43.6968253,-79.2557466,193.0,Cape May Warbler
3601,2025-03-19,CC-BY-NC,https://inaturalist-open-data.s3.amazonaws.com/photos/478331894/medium.jpg,"Bayview Village, Toronto, ON, Canada",43.777636267,-79.3704431046,61.0,Black-capped Chickadee
5505,2025-04-18,CC-BY-NC,https://inaturalist-open-data.s3.amazonaws.com/photos/488996674/medium.jpeg,"Colonel  Samuel Smith Park, Toronto, ON, Canada",43.5906511232,-79.5131823425,683.0,Red-winged Blackbird
13910,2025-06-29,CC-BY-NC,https://inaturalist-open-data.s3.amazonaws.com/photos/535244950/medium.jpg,"Colonel  Samuel Smith Park, Toronto, ON, Canada",43.5906511232,-79.5131823425,683.0,Mallard
4823,2025-04-13,,https://static.inaturalist.org/photos/486129646/medium.jpeg,"South Riverdale, Toronto, ON, Canada",43.6255359674,-79.3296931315,122.0,Long-tailed Duck
4609,2025-03-20,CC-BY,https://inaturalist-open-data.s3.amazonaws.com/photos/485246305/medium.png,"Toronto, ON, Canada",43.6569077512,-79.3078112426,194.0,Long-tailed Duck
11454,2025-05-31,CC-BY-NC,https://inaturalist-open-data.s3.amazonaws.com/photos/514272252/medium.jpg,"High Park, Toronto, ON, CA",43.6462735977,-79.4607844388,786.0,Northern Cardinal
17500,2025-09-17,CC-BY-NC,https://static.inaturalist.org/photos/568312915/medium.jpg,"South Riverdale, Toronto, ON, Canada",43.6523457427,-79.3297772951,61.0,Ring-billed Gull
22302,2025-12-01,CC-BY-NC,https://inaturalist-open-data.s3.amazonaws.com/photos/596521014/medium.jpg,"Cardiff Rd, Toronto, ON, CA",43.7130145001,-79.3839932841,39.0,Downy Woodpecker
7869,2025-05-01,CC-BY-NC,https://inaturalist-open-data.s3.amazonaws.com/photos/498353971/medium.jpeg,"High Park-Swansea, Toronto, ON, Canada",43.6424420048,-79.4670584053,45.0,Mute Swan
8831,2025-05-06,CC-BY-NC,https://inaturalist-open-data.s3.amazonaws.com/photos/501396552/medium.jpeg,"Toronto, ON M4T 2B7, Canada",43.6866402344,-79.3867128342,45.0,Chipping Sparrow
18806,2025-10-04,CC-BY-NC,https://inaturalist-open-data.s3.amazonaws.com/photos/576160298/medium.jpg,"North York, ON M3M 2H3, Canada",43.7393295513,-79.4814715907,37.0,Great Blue Heron
19799,2025-10-17,CC-BY-NC,https://inaturalist-open-data.s3.amazonaws.com/photos/581358754/medium.jpg,"Woodbine Beach Dune Ecosystem , Toronto, ON, Canada",43.6600021752,-79.3066604442,1.0,Hermit Thrush
15445,2025-08-11,CC-BY-NC,https://inaturalist-open-data.s3.amazonaws.com/photos/551097633/medium.jpg,"Clouston Ave, Toronto, ON, CA",43.6939666667,-79.51075,13.0,Ruby-throated Hummingbird
2962,2025-03-08,CC-BY-NC,https://inaturalist-open-data.s3.amazonaws.com/photos/475663884/medium.jpeg,"Bluffers Park, Scarborough, Canada",43.7084487624,-79.2284149165,75.0,Trumpeter Swan
5159,2025-04-18,CC-BY-NC,https://inaturalist-open-data.s3.amazonaws.com/photos/487835624/medium.jpeg,"Toronto, CA-ON, CA",43.7446187517,-79.486736767,3.0,House Sparrow
22791,2025-12-15,CC-BY-NC,https://inaturalist-open-data.s3.amazonaws.com/photos/600319531/medium.jpg,"Bayview Village, North York, ON, Canada",43.779695394,-79.3720659132,436.0,Red-breasted Nuthatch
2218,2025-02-23,CC-BY-NC,https://inaturalist-open-data.s3.amazonaws.com/photos/472306474/medium.jpeg,"Toronto, ON, Canada",43.6308874087,-79.4075417078,290.0,Long-tailed Duck
3487,2025-03-19,CC-BY-NC,https://inaturalist-open-data.s3.amazonaws.com/photos/477885932/medium.jpeg,"Old Mill, York, ON, Canada",43.6526842093,-79.4918909823,46.0,Mallard
18716,2025-10-03,CC-BY-NC,https://inaturalist-open-data.s3.amazonaws.com/photos/575599938/medium.jpg,"Bayview Village, North York, ON, Canada",43.7782455398,-79.3693646487,480.0,Mallard
14490,2025-07-23,CC-BY-NC,https://inaturalist-open-data.s3.amazonaws.com/photos/542085115/medium.jpg,"73 Cardiff Rd, North York, ON M4P 2P4, Canada",43.713027,-79.3841394,179.0,Downy Woodpecker
5522,2025-04-17,CC-BY-NC,https://inaturalist-open-data.s3.amazonaws.com/photos/489031184/medium.jpg,"Bayview Village, North York, ON, Canada",43.7833819294,-79.3764290419,548.0,Mallard
1395,2025-02-03,CC-BY-NC,https://inaturalist-open-data.s3.amazonaws.com/photos/467905825/medium.jpeg,"Toronto, ON, Canada",43.6334566757,-79.464583408,225.0,Great Black-backed Gull
3878,2025-03-27,CC-BY-NC,https://inaturalist-open-data.s3.amazonaws.com/photos/480394200/medium.jpg,"Bayview Village, North York, ON, Canada",43.7807148369,-79.3874220846,87.0,Black-capped Chickadee
17257,2025-09-14,CC-BY-NC,https://inaturalist-open-data.s3.amazonaws.com/photos/567044008/medium.jpg,"Toronto, ON M6S 5A3, Canada",43.6430488098,-79.4584538788,109.0,Wood Duck
6533,2025-04-25,CC-BY-NC,https://inaturalist-open-data.s3.amazonaws.com/photos/491929401/medium.jpg,"Toronto, ON, Canada",43.694081704,-79.2564225199,474.0,White-breasted Nuthatch
21253,2025-11-03,CC-BY-NC,https://inaturalist-open-data.s3.amazonaws.com/photos/590131772/medium.jpg,"Rouge Marsh, Toronto, ON, Canada",43.7930075512,-79.1212124116,30.0,Double-crested Cormorant
15886,2025-08-21,CC-BY-NC,https://inaturalist-open-data.s3.amazonaws.com/photos/555682026/medium.jpg,"Downtown Toronto, Toronto, ON, Canada",43.6397027778,-79.3798361111,15.0,House Sparrow
12509,2025-06-14,CC-BY-NC,https://inaturalist-open-data.s3.amazonaws.com/photos/520746982/medium.jpg,"Toronto, CA-ON, CA",43.6678044311,-79.3980900943,8.0,Feral Pigeon
5456,2025-04-20,CC-BY-NC,https://inaturalist-open-data.s3.amazonaws.com/photos/488858918/medium.jpg,"Bayview Village, North York, ON, Canada",43.7821846827,-79.3745189062,657.0,Chipping Sparrow
2965,2025-03-08,CC-BY-NC,https://inaturalist-open-data.s3.amazonaws.com/photos/475663900/medium.jpeg,"Bluffers Park, Scarborough, Canada",43.7084487624,-79.2284149165,75.0,Trumpeter Swan
8752,2025-05-06,CC-BY-NC,https://inaturalist-open-data.s3.amazonaws.com/photos/501133889/medium.jpeg,"The Beaches, Toronto, ON, Canada",43.674560648,-79.2950656108,4.0,Veery
21585,2025-11-14,CC-BY-NC,https://inaturalist-open-data.s3.amazonaws.com/photos/591412212/medium.jpg,"Bayview Village, Toronto, ON, Canada",43.777636267,-79.3704431046,61.0,Black-capped Chickadee
18908,2025-09-29,CC-BY-NC,https://inaturalist-open-data.s3.amazonaws.com/photos/577023687/medium.jpg,"Rouge Marsh, Toronto, ON, Canada",43.7937791128,-79.1200194887,8.0,Northern Harrier
2646,2025-03-02,,https://static.inaturalist.org/photos/473813844/medium.jpeg,"Ontario, CA",43.6276734936,-79.3486905798,567.0,Trumpeter Swan
9303,2025-05-10,CC-BY,https://inaturalist-open-data.s3.amazonaws.com/photos/502930168/medium.jpg,"285 Spadina Rd, Toronto, ON M5R 2V5, Canada",43.6789935,-79.4081472,179.0,Black-throated Blue Warbler
2242,2025-02-22,CC-BY-NC,https://inaturalist-open-data.s3.amazonaws.com/photos/472396490/medium.jpg,"North York Sheridan Mall, Toronto, ON, CA",43.7218550435,-79.5108513394,6.0,House Sparrow
4362,2025-03-26,CC-BY-NC,https://inaturalist-open-data.s3.amazonaws.com/photos/483728958/medium.jpg,"Nipigon Ave, Toronto, ON, CA",43.7982533333,-79.4159616667,23.0,Merlin
20466,2025-10-28,CC-BY-NC,https://inaturalist-open-data.s3.amazonaws.com/photos/585690183/medium.jpg,"Dufferin Grove, Toronto, ON, Canada",43.6598396586,-79.4265815614,30.0,Black-capped Chickadee
20613,2025-10-26,CC-BY-NC,https://inaturalist-open-data.s3.amazonaws.com/photos/586491277/medium.jpg,"Hawk Hill - High Park, Toronto, ON, Canada",43.6463000354,-79.4656896358,10.0,Cedar Waxwing
9433,2025-05-11,CC-BY-NC,https://inaturalist-open-data.s3.amazonaws.com/photos/503469931/medium.jpeg,"Ontario, CA",43.7473794698,-79.2701817405,18.0,Nashville Warbler
23758,2025-10-01,CC-BY,https://inaturalist-open-data.s3.amazonaws.com/photos/608240694/medium.jpg,"South Riverdale, Toronto, ON, Canada",43.6596570607,-79.3066803733,10.0,Orange-crowned Warbler
10509,2025-05-23,CC-BY-NC,https://inaturalist-open-data.s3.amazonaws.com/photos/509288987/medium.jpg,"High Park-Swansea, Toronto, ON, Canada",43.6526089981,-79.46293213,147.0,Bay-breasted Warbler
19107,2025-10-09,,https://static.inaturalist.org/photos/578233533/medium.jpg,"Corktown Common, Toronto, ON, CA",43.65438,-79.352495,9.0,Eastern Red-tailed Hawk
16659,2025-09-03,CC-BY-NC,https://inaturalist-open-data.s3.amazonaws.com/photos/562302859/medium.jpg,"High Park-Swansea, Toronto, ON, Canada",43.6494290013,-79.4705434885,8.0,Green Heron
9594,2025-05-13,CC-BY-NC,https://inaturalist-open-data.s3.amazonaws.com/photos/504439075/medium.jpeg,"Toronto, CA-ON, CA",43.6416383333,-79.4567933333,3.0,American Robin
3563,2025-03-18,CC-BY-NC,https://inaturalist-open-data.s3.amazonaws.com/photos/478075481/medium.jpg,"Bayview Village, North York, ON, Canada",43.7773889542,-79.3695096137,678.0,Hairy Woodpecker
13174,2025-06-26,CC-BY-NC,https://inaturalist-open-data.s3.amazonaws.com/photos/527325764/medium.jpg,"Ontario, CA",43.7286904997,-79.5002494818,236.0,Mute Swan
9861,2025-05-11,CC-BY-NC,https://inaturalist-open-data.s3.amazonaws.com/photos/505713972/medium.jpg,"Colonel  Samuel Smith Park, Toronto, ON, Canada",43.5906511232,-79.5131823425,683.0,Northern Yellow Warbler
199,2025-01-06,CC-BY-NC,https://inaturalist-open-data.s3.amazonaws.com/photos/462183112/medium.jpeg,"Toronto, ON, Canada",43.6655042145,-79.2993745067,15.0,Harlequin Duck
6753,2025-04-26,CC-BY-NC,https://inaturalist-open-data.s3.amazonaws.com/photos/492756166/medium.jpg,"Roncesvalles Ave, Toronto, ON, CA",43.6526428658,-79.4512362709,12.0,Red-winged Blackbird
17345,2025-09-12,CC-BY-NC,https://inaturalist-open-data.s3.amazonaws.com/photos/567347795/medium.jpg,"Colonel  Samuel Smith Park, Toronto, ON, Canada",43.5906511232,-79.5131823425,683.0,Mourning Dove
16686,2025-09-03,CC-BY-NC,https://inaturalist-open-data.s3.amazonaws.com/photos/562529651/medium.jpg,"Bayview Village, Toronto, ON, Canada",43.777636267,-79.3704431046,61.0,Ruby-throated Hummingbird
5549,2025-04-20,,https://static.inaturalist.org/photos/489058814/medium.jpg,"South Riverdale, Toronto, ON, Canada",43.6491965708,-79.3237503191,31.0,Yellow-rumped Warbler
16426,2025-08-30,,https://inaturalist-open-data.s3.amazonaws.com/photos/560084272/medium.jpg,"Scarborough City Centre, Scarborough, ON, Canada",43.7782638889,-79.2524722222,28.0,Tennessee Warbler
8321,2025-04-28,CC-BY-NC,https://inaturalist-open-data.s3.amazonaws.com/photos/499721806/medium.jpeg,"Colonel  Samuel Smith Park, Toronto, ON, Canada",43.5906511232,-79.5131823425,683.0,Common Tern
1431,2025-02-05,CC-BY-NC,https://inaturalist-open-data.s3.amazonaws.com/photos/468276127/medium.jpeg,"Unwin Bridge, ON, Canada",43.6471123818,-79.3275300411,4.0,Common Goldeneye
993,2025-01-24,CC-BY-NC,https://inaturalist-open-data.s3.amazonaws.com/photos/465757483/medium.jpeg,"South Riverdale, Toronto, ON, Canada",43.657938129,-79.3062195041,31.0,Brown Creeper
1008,2025-01-24,CC-BY-NC,https://inaturalist-open-data.s3.amazonaws.com/photos/465810333/medium.jpeg,"The Kingsway, Etobicoke, ON, Canada",43.6474515394,-79.5116521915,902.0,Blue Jay
10631,2025-05-24,CC-BY-NC,https://inaturalist-open-data.s3.amazonaws.com/photos/509793848/medium.jpg,"Bayview Village, Toronto, ON, Canada",43.777636267,-79.3704431046,61.0,Song Sparrow
11859,2025-05-28,CC-BY-NC,https://inaturalist-open-data.s3.amazonaws.com/photos/516098285/medium.jpg,"Colonel  Samuel Smith Park, Toronto, ON, Canada",43.5906511232,-79.5131823425,683.0,Mallard
15605,2025-08-13,CC0,https://inaturalist-open-data.s3.amazonaws.com/photos/552803320/medium.jpg,"Ontario, CA",43.6698381171,-79.2692324582,480.0,Red-winged Blackbird
18924,2025-10-06,,https://static.inaturalist.org/photos/577120621/medium.jpg,"Corktown Common, Toronto, ON, CA",43.6541833333,-79.3532716667,27.0,White-throated Sparrow
14671,2025-07-28,CC-BY-NC,https://inaturalist-open-data.s3.amazonaws.com/photos/544154824/medium.jpg,"Glen Stewart Park, Toronto, ON, CA",43.6742883333,-79.2950366667,14.0,American Goldfinch
1605,2025-02-09,CC-BY-NC,https://inaturalist-open-data.s3.amazonaws.com/photos/469124676/medium.jpg,"Lake Ontario, Toronto, ON, CA",43.7756806409,-79.1336348011,148.0,Common Goldeneye
8065,2025-05-02,CC-BY-NC,https://inaturalist-open-data.s3.amazonaws.com/photos/499075476/medium.jpeg,"Colonel  Samuel Smith Park, Toronto, ON, Canada",43.5906511232,-79.5131823425,683.0,Palm Warbler
5370,2025-04-19,CC-BY-NC,https://inaturalist-open-data.s3.amazonaws.com/photos/488491283/medium.jpeg,"Steeles, Scarborough, ON, Canada",43.8113416175,-79.307132364,15.0,Pied-billed Grebe
12626,2025-06-16,CC-BY-NC,,"Holmcrest Tr, Toronto, ON, CA",43.7735683304,-79.1483215312,17.0,Northern House Wren
4033,2025-04-01,CC-BY-NC,https://inaturalist-open-data.s3.amazonaws.com/photos/481884643/medium.jpg,"Bayview Village, North York, ON, Canada",43.7787450262,-79.3701475096,743.0,American Robin
782,2025-01-12,CC-BY-NC,https://inaturalist-open-data.s3.amazonaws.com/photos/464518164/medium.jpeg,"Colonel  Samuel Smith Park, Toronto, ON, Canada",43.5906511232,-79.5131823425,683.0,Gadwall
8926,2025-04-27,CC-BY-NC,https://inaturalist-open-data.s3.amazonaws.com/photos/501464101/medium.jpeg,"Colonel  Samuel Smith Park, Toronto, ON, Canada",43.5906511232,-79.5131823425,683.0,Red-necked Grebe
20109,2025-10-18,,https://static.inaturalist.org/photos/583105007/medium.jpg,"South Riverdale, Toronto, ON, 加拿大",43.6265789782,-79.3282972706,61.0,小潜鸭
9021,2025-05-07,CC-BY-NC,https://inaturalist-open-data.s3.amazonaws.com/photos/501618787/medium.jpeg,"Toronto, ON M5V 3C7, Canada",43.6466531201,-79.3869391456,18.0,White-throated Sparrow
15373,2025-08-07,CC-BY-NC,https://inaturalist-open-data.s3.amazonaws.com/photos/550113326/medium.jpg,"Bayview Village, North York, ON, Canada",43.7797426021,-79.3748347117,770.0,Cedar Waxwing
18467,2025-09-29,CC-BY-NC,https://static.inaturalist.org/photos/573900596/medium.jpg,"Rouge, Scarborough, ON, Canada",43.8213437638,-79.1640912913,122.0,Great Blue Heron
23153,2025-12-25,CC-BY-NC,https://inaturalist-open-data.s3.amazonaws.com/photos/602506137/medium.jpg,"73 Cardiff Rd, North York, ON M4P 2P4, Canada",43.713027,-79.3841394,179.0,Northern Cardinal
14171,2025-07-17,CC-BY-NC,https://inaturalist-open-data.s3.amazonaws.com/photos/538334686/medium.jpg,"Bayview Village, North York, ON, Canada",43.7686816785,-79.361419927,8.0,Canada Goose
751,2025-01-17,,https://static.inaturalist.org/photos/464382073/medium.jpeg,"Toronto, ON, Canada",43.6454264755,-79.320262447,11.0,Long-tailed Duck
13981,2025-06-28,CC-BY-NC,https://inaturalist-open-data.s3.amazonaws.com/photos/535820541/medium.jpg,"Colonel  Samuel Smith Park, Toronto, ON, Canada",43.5906511232,-79.5131823425,683.0,Red-necked Grebe
8416,2025-05-04,CC-BY-NC,https://inaturalist-open-data.s3.amazonaws.com/photos/500089554/medium.jpg,"High Park, Toronto, ON, CA",43.64592,-79.4662166667,4.0,Northern Cardinal
11458,2025-06-01,,https://static.inaturalist.org/photos/514278870/medium.jpg,"Toronto, CA-ON, CA",43.6395743373,-79.3768114597,4.0,Feral Pigeon
13696,2025-07-06,CC-BY-NC,https://inaturalist-open-data.s3.amazonaws.com/photos/532558036/medium.jpg,"Centennial Park, Etobicoke, ON, Canada",43.6479193711,-79.5947455942,122.0,Pied-billed Grebe
16636,2025-09-03,,https://static.inaturalist.org/photos/562074006/medium.jpg,"Corktown Common, Toronto, ON, CA",43.6541966667,-79.3527216667,8.0,Eastern Wood-Pewee
18488,2025-09-29,CC-BY,https://inaturalist-open-data.s3.amazonaws.com/photos/573991091/medium.jpg,"Scarborough, ON M1L 1M5, Canada",43.7003653212,-79.2696045712,208.0,Mallard
12077,2025-06-07,CC-BY-NC,https://inaturalist-open-data.s3.amazonaws.com/photos/517343084/medium.jpg,"Don Valley Brick Works, Toronto, ON, CA",43.6877817838,-79.3668834074,27.0,Eastern Kingbird
19474,2025-10-13,CC-BY-NC,https://inaturalist-open-data.s3.amazonaws.com/photos/579977329/medium.jpg,"Bayview Village, Toronto, ON, Canada",43.777636267,-79.3704431046,61.0,Hermit Thrush
21045,2025-11-06,,https://static.inaturalist.org/photos/588889808/medium.jpg,"Corktown Common, Toronto, ON, CA",43.6541416667,-79.35298,10.0,White-throated Sparrow
7686,2025-04-30,,https://static.inaturalist.org/photos/497712009/medium.jpg,"Corktown Common, Toronto, ON, CA",43.65435,-79.352525,8.0,Myrtle Warbler
4374,2025-04-01,CC-BY-NC,https://inaturalist-open-data.s3.amazonaws.com/photos/483809854/medium.jpeg,"Rouge River, Toronto, ON, Canada",43.7945780079,-79.1189913732,8.0,Mallard
4339,2025-04-06,CC-BY-NC,https://inaturalist-open-data.s3.amazonaws.com/photos/483645317/medium.jpg,"Tommy Thompson Park, Toronto, ON, CA",43.628623447,-79.3268715809,63.0,American Coot
12500,2025-06-13,CC-BY-NC,https://inaturalist-open-data.s3.amazonaws.com/photos/520663282/medium.jpg,"Bayview Village, North York, ON, Canada",43.7789956518,-79.3697834079,361.0,Great Blue Heron
10666,2025-05-24,CC-BY-NC,https://inaturalist-open-data.s3.amazonaws.com/photos/509876864/medium.jpg,"South Riverdale, Toronto, ON, Canada",43.6615778561,-79.3074793621,101.0,Bonaparte's Gull
23466,2025-12-29,,https://static.inaturalist.org/photos/603738843/medium.jpg,"Corktown Common, Toronto, ON, CA",43.6535,-79.351905,3.0,White-throated Sparrow
512,2025-01-12,CC-BY-NC,https://inaturalist-open-data.s3.amazonaws.com/photos/463445436/medium.jpg,"Ashbridge's Bay Park, Toronto, ON, Canada",43.6559247628,-79.3108453808,2.0,Dark-eyed Junco
15019,2025-08-01,CC-BY-NC,https://inaturalist-open-data.s3.amazonaws.com/photos/547380968/medium.jpg,"Avenue of the Islands, Toronto, ON, CA",43.6199716667,-79.3731166667,9.0,Mallard
8298,2025-04-28,CC-BY-NC,https://inaturalist-open-data.s3.amazonaws.com/photos/499706180/medium.jpeg,"Colonel  Samuel Smith Park, Toronto, ON, Canada",43.5906511232,-79.5131823425,683.0,Mallard
9725,2025-04-19,CC-BY-NC,https://inaturalist-open-data.s3.amazonaws.com/photos/505182956/medium.jpg,"Douglas Cres, Toronto, ON, CA",43.6899711578,-79.3683467675,187.0,Black-capped Chickadee
16164,2025-08-25,CC-BY-NC,https://inaturalist-open-data.s3.amazonaws.com/photos/558397148/medium.jpg,"Bayview Village, North York, ON, Canada",43.7781194927,-79.3698368688,402.0,American Goldfinch
17599,2025-09-17,,https://static.inaturalist.org/photos/568874527/medium.jpg,"Corktown Common, Toronto, ON, CA",43.6542133333,-79.353425,14.0,Northern Mockingbird
6983,2025-04-27,CC-BY-NC,https://inaturalist-open-data.s3.amazonaws.com/photos/494091801/medium.jpg,"Island Airport, Toronto, ON, CA",43.6323883333,-79.397195,5.0,Long-tailed Duck
1860,2025-02-11,CC-BY-NC,https://inaturalist-open-data.s3.amazonaws.com/photos/470422212/medium.jpeg,"Toronto, ON M6S 0A4, Canada",43.6497237461,-79.463192001,89.0,Merlin
2836,2025-03-07,,https://static.inaturalist.org/photos/475404105/medium.jpeg,"South Riverdale, Toronto, ON, Canada",43.6261904987,-79.3304810615,244.0,Greater Scaup
22162,2025-11-26,CC-BY-NC,https://inaturalist-open-data.s3.amazonaws.com/photos/595455847/medium.jpg,"Merton St, Toronto, ON, CA",43.6962783333,-79.3934633333,17.0,American Robin
16228,2025-08-27,CC-BY-NC,https://inaturalist-open-data.s3.amazonaws.com/photos/558862364/medium.jpg,"Rosetta McClain Gardens, 5 Glen Everest Rd, Scarborough, ON M1N 1J2, Canada",43.6968253,-79.2557466,193.0,American Robin
2097,2025-02-20,CC-BY-NC,https://inaturalist-open-data.s3.amazonaws.com/photos/471679929/medium.jpg,"Bayview Village, North York, ON, Canada",43.7800026922,-79.3739118193,538.0,Hairy Woodpecker
8595,2025-05-05,,https://static.inaturalist.org/photos/500697553/medium.jpg,"Corktown Common, Toronto, ON, CA",43.6541783333,-79.3526783333,18.0,Myrtle Warbler
11507,2025-06-02,CC-BY-NC,https://inaturalist-open-data.s3.amazonaws.com/photos/514630415/medium.jpg,"Bayview Ave, Toronto, ON, CA",43.7175866711,-79.3773390812,28.0,Common Yellowthroat
6058,2025-04-24,,https://static.inaturalist.org/photos/490798629/medium.jpg,"Corktown Common, Toronto, ON, CA",43.6544416667,-79.3525866667,8.0,Brown Creeper
16711,2025-08-31,CC-BY,https://inaturalist-open-data.s3.amazonaws.com/photos/562449463/medium.jpg,"New Toronto, Etobicoke, ON, Canada",43.5930451372,-79.5134856376,599.0,Double-crested Cormorant
17673,2025-09-03,CC-BY-NC,https://inaturalist-open-data.s3.amazonaws.com/photos/569455618/medium.jpg,"Rosetta McClain Gardens, 5 Glen Everest Rd, Scarborough, ON M1N 1J2, Canada",43.6968253,-79.2557466,193.0,Northern Flicker
9690,2025-05-12,CC-BY,https://inaturalist-open-data.s3.amazonaws.com/photos/505001245/medium.jpg,"Glen Manor Dr W, Toronto, ON, CA",43.674563,-79.295091,22.0,Common Yellowthroat
16521,2025-09-01,CC-BY-NC,https://inaturalist-open-data.s3.amazonaws.com/photos/561201596/medium.jpg,"South Riverdale, Toronto, ON, Canada",43.6548600413,-79.3086840283,31.0,European Starling
8660,2025-04-26,CC-BY-NC,https://inaturalist-open-data.s3.amazonaws.com/photos/500778235/medium.jpeg,"Colonel  Samuel Smith Park, Toronto, ON, Canada",43.5906511232,-79.5131823425,683.0,Ring-billed Gull
20530,2025-10-29,CC-BY-NC,https://inaturalist-open-data.s3.amazonaws.com/photos/586075681/medium.jpg,"Ashbridge’s Bay Park , Toronto, ON, Canada",43.6590936169,-79.3117303296,4.0,Pine Warbler
22228,2025-04-18,CC-BY,https://inaturalist-open-data.s3.amazonaws.com/photos/595965938/medium.jpg,"Ontario, CA",43.7157206258,-79.3109257825,122.0,遊隼
7758,2025-04-28,CC-BY-NC,https://inaturalist-open-data.s3.amazonaws.com/photos/497889896/medium.jpg,"Edenbridge-Humber Valley, Etobicoke, ON, Canada",43.6760254077,-79.5100720749,281.0,Hairy Woodpecker
5825,2025-04-22,CC-BY-NC,https://inaturalist-open-data.s3.amazonaws.com/photos/489932034/medium.jpg,"Bayview Village, North York, ON, Canada",43.7792749674,-79.3700017559,342.0,Ruby-crowned Kinglet
279,2025-01-04,CC-BY-NC,https://inaturalist-open-data.s3.amazonaws.com/photos/462339076/medium.jpeg,"Ashbridges Bay, Toronto, ON, Canada",43.6603169,-79.3151711,945.0,Bufflehead
10600,2025-05-20,CC-BY-NC,https://inaturalist-open-data.s3.amazonaws.com/photos/509632674/medium.jpg,"Upper Beaches, Toronto, ON, Canada",43.6783451536,-79.3175505959,4.0,Scarlet Tanager
14489,2025-07-23,CC-BY-NC,https://inaturalist-open-data.s3.amazonaws.com/photos/542085113/medium.jpg,"73 Cardiff Rd, North York, ON M4P 2P4, Canada",43.713027,-79.3841394,179.0,Black-capped Chickadee
15511,2025-08-13,CC-BY-NC,https://inaturalist-open-data.s3.amazonaws.com/photos/551912757/medium.jpg,"Ashbridge's Bay Park, Toronto, ON, Canada",43.6571290505,-79.3071152636,15.0,Wood Duck
18989,2025-10-08,CC-BY-NC,https://inaturalist-open-data.s3.amazonaws.com/photos/577857866/medium.jpg,"Rosetta McClain Gardens, 5 Glen Everest Rd, Scarborough, ON M1N 1J2, Canada",43.6968253,-79.2557466,193.0,American Kestrel
3205,2025-03-14,CC-BY-NC,https://inaturalist-open-data.s3.amazonaws.com/photos/476468257/medium.jpg,"Cardiff Rd, Toronto, ON, CA",43.7129860917,-79.384639975,24.0,House Finch
11499,2025-06-01,CC-BY-NC,https://inaturalist-open-data.s3.amazonaws.com/photos/514437738/medium.jpg,"Catherine Ave, Toronto, ON, CA",43.6512811708,-79.4914894726,15.0,Spotted Sandpiper
18964,2025-10-01,CC-BY-NC,https://inaturalist-open-data.s3.amazonaws.com/photos/577651796/medium.jpg,"High Park Tr, Toronto, ON, CA",43.6444128366,-79.4684676338,85.0,Double-crested Cormorant
1970,2025-02-17,CC-BY-NC,https://inaturalist-open-data.s3.amazonaws.com/photos/470909386/medium.jpeg,"73 Cardiff Rd, North York, ON M4P 2P4, Canada",43.713027,-79.3841394,179.0,Blue Jay
5755,2025-04-11,CC0,https://inaturalist-open-data.s3.amazonaws.com/photos/489499415/medium.jpg,"Lawrence Ave E, Toronto, ON, CA",43.7314416667,-79.3798916667,13.0,Pileated Woodpecker
22035,2025-11-24,CC-BY-NC,https://inaturalist-open-data.s3.amazonaws.com/photos/594713500/medium.jpg,"High Park-Swansea, Toronto, ON, Canada",43.650662684,-79.4631301846,8.0,Red-breasted Nuthatch
15216,2025-07-18,CC-BY-NC,https://inaturalist-open-data.s3.amazonaws.com/photos/549364405/medium.jpg,"Toronto, ON M4L 3Y2, Canada",43.6652054903,-79.3068889529,4.0,American Robin
18127,2025-09-25,CC-BY-NC,https://inaturalist-open-data.s3.amazonaws.com/photos/572015313/medium.jpg,"Woodbine Beach Dune Ecosystem , Toronto, ON, Canada",43.6597730517,-79.3083980445,4.0,Song Sparrow
18382,2025-09-28,CC-BY-NC,https://inaturalist-open-data.s3.amazonaws.com/photos/573342752/medium.jpg,"Ashbridge's Bay Park, Toronto, ON, Canada",43.6572016715,-79.3056888112,4.0,Veery
23331,2025-12-26,CC-BY-NC,https://inaturalist-open-data.s3.amazonaws.com/photos/602913092/medium.jpg,"73 Cardiff Rd, North York, ON M4P 2P4, Canada",43.713027,-79.3841394,179.0,Red-bellied Woodpecker
14107,2025-07-13,,https://static.inaturalist.org/photos/537374043/medium.jpg,"Scarborough, ON M1B 5W2, Canada",43.8231982213,-79.167131111,51.0,Solitary Sandpiper
21288,2025-11-08,CC-BY-NC,https://inaturalist-open-data.s3.amazonaws.com/photos/590190647/medium.jpg,"Toronto, ON M4M 3M9, Canada",43.6449419731,-79.319903031,151.0,Red-breasted Merganser
14972,2025-08-03,CC-BY-NC,https://inaturalist-open-data.s3.amazonaws.com/photos/546936435/medium.jpg,"Bayview Village, North York, ON, Canada",43.7803932854,-79.3752209498,632.0,House Finch
1839,2025-02-15,CC-BY-NC,https://inaturalist-open-data.s3.amazonaws.com/photos/470410275/medium.jpeg,"73 Cardiff Rd, North York, ON M4P 2P4, Canada",43.713027,-79.3841394,179.0,House Finch
10231,2025-05-15,CC-BY-NC,https://inaturalist-open-data.s3.amazonaws.com/photos/507686000/medium.jpg,"Colonel  Samuel Smith Park, Toronto, ON, Canada",43.5906511232,-79.5131823425,683.0,Tree Swallow
10060,2025-05-14,CC-BY-NC,https://inaturalist-open-data.s3.amazonaws.com/photos/506600698/medium.jpg,"Edenbridge-Humber Valley, Etobicoke, ON, Canada",43.6701641701,-79.5119608137,182.0,Killdeer
18626,2025-09-30,CC0,https://inaturalist-open-data.s3.amazonaws.com/photos/575118472/medium.jpg,"Ontario, CA",43.7387266411,-79.3342885027,246.0,House Sparrow
4951,2025-04-13,,https://static.inaturalist.org/photos/486575303/medium.jpg,"Humber River Recreational Tr, Toronto, ON, CA",43.6736216667,-79.5128166667,75.0,Mallard
14958,2025-08-02,CC-BY,https://inaturalist-open-data.s3.amazonaws.com/photos/546851521/medium.jpg,"South Riverdale, Toronto, ON, Canada",43.6222537751,-79.3344227337,233.0,Great Blue Heron
15626,2025-06-20,CC-BY-NC,https://inaturalist-open-data.s3.amazonaws.com/photos/552955270/medium.jpg,"Bluffers Park Rd, Toronto, ON, CA",43.7088283333,-79.2300716667,4.0,Killdeer
15810,2025-06-20,CC-BY-NC,https://inaturalist-open-data.s3.amazonaws.com/photos/554421326/medium.jpg,"The Queensway – Humber Bay, Etobicoke, ON, Canada",43.6242293606,-79.4711962206,4.0,Northern Cardinal
13989,2025-06-28,CC-BY-NC,https://inaturalist-open-data.s3.amazonaws.com/photos/536183056/medium.jpg,"Colonel  Samuel Smith Park, Toronto, ON, Canada",43.5906511232,-79.5131823425,683.0,Red-necked Grebe
7620,2025-04-27,CC-BY-NC,https://inaturalist-open-data.s3.amazonaws.com/photos/497252701/medium.jpg,"New Toronto, Etobicoke, ON, Canada",43.5898671877,-79.5160193922,57.0,Chipping Sparrow
15451,2025-08-11,CC-BY-NC,https://inaturalist-open-data.s3.amazonaws.com/photos/551180011/medium.jpg,"Bayview Village, Toronto, ON, Canada",43.777636267,-79.3704431046,61.0,Northern Cardinal
4722,2025-04-12,CC-BY-NC,https://inaturalist-open-data.s3.amazonaws.com/photos/485689892/medium.jpg,"Bayview Village, North York, ON, Canada",43.7792981108,-79.369997286,381.0,Song Sparrow
16704,2025-08-31,CC-BY,https://inaturalist-open-data.s3.amazonaws.com/photos/562448766/medium.jpg,"New Toronto, Etobicoke, ON, Canada",43.5931467872,-79.5133120164,247.0,Mute Swan
6888,2025-04-26,CC-BY-NC,https://inaturalist-open-data.s3.amazonaws.com/photos/493701125/medium.jpeg,"Colonel  Samuel Smith Park, Toronto, ON, Canada",43.5906511232,-79.5131823425,683.0,Mallard
5241,2025-04-11,CC-BY-NC,https://inaturalist-open-data.s3.amazonaws.com/photos/488035563/medium.jpeg,"Toronto, ON, Kanada",43.6228906743,-79.3611228839,83.0,Mittelsäger
15502,2025-08-13,CC-BY-NC,https://inaturalist-open-data.s3.amazonaws.com/photos/551852062/medium.jpg,"Bernice Ave, Toronto, ON, CA",43.6389032339,-79.4971108286,9.0,American Robin
367,2025-01-07,CC-BY-NC,https://inaturalist-open-data.s3.amazonaws.com/photos/462636591/medium.jpeg,"Colonel  Samuel Smith Park, Toronto, ON, Canada",43.5906511232,-79.5131823425,683.0,Canada Goose
7481,2025-04-28,CC-BY-NC,https://inaturalist-open-data.s3.amazonaws.com/photos/496644846/medium.jpeg,"Colonel  Samuel Smith Park, Toronto, ON, Canada",43.5906511232,-79.5131823425,683.0,House Sparrow
793,2025-01-18,CC-BY-NC,https://inaturalist-open-data.s3.amazonaws.com/photos/464537079/medium.jpg,"Rouge, Scarborough, ON, Canada",43.7943451911,-79.117841925,84.0,Bufflehead
10153,2025-05-18,CC-BY-NC,https://inaturalist-open-data.s3.amazonaws.com/photos/507258906/medium.jpg,"Bayview Village, Toronto, ON, Canada",43.777636267,-79.3704431046,61.0,Song Sparrow
2281,2025-02-25,CC-BY-NC,https://inaturalist-open-data.s3.amazonaws.com/photos/472604363/medium.jpg,"Scarborough, ON, Canada",43.7088969605,-79.231747209,520.0,Bufflehead
18299,2025-09-27,CC-BY-NC,https://inaturalist-open-data.s3.amazonaws.com/photos/572922458/medium.jpg,"Woodbine Beach Dune Habitat, Toronto, ON, Canada",43.6605415096,-79.3072690178,15.0,Canada Goose
10338,2025-05-17,CC-BY-NC,https://inaturalist-open-data.s3.amazonaws.com/photos/508133563/medium.jpg,"Leaside-Bennington, Toronto, ON, Canada",43.6864503019,-79.3663937835,28.0,Baltimore Oriole
1333,2025-01-31,CC-BY-NC,https://inaturalist-open-data.s3.amazonaws.com/photos/467693246/medium.jpeg,"The Kingsway, Etobicoke, ON, Canada",43.647606807,-79.5116951068,933.0,Northern Cardinal
15678,2025-08-16,CC-BY-NC,https://inaturalist-open-data.s3.amazonaws.com/photos/553430726/medium.jpg,"Rouge, Scarborough, ON, Canada",43.8214123968,-79.1646779068,36.0,Solitary Sandpiper
18515,2025-09-30,CC-BY-NC,https://static.inaturalist.org/photos/574399167/medium.jpg,"Centre Island, Toronto, ON, Canada",43.6213945304,-79.3922294131,8.0,Hermit Thrush
12620,2025-06-15,CC-BY-NC,https://inaturalist-open-data.s3.amazonaws.com/photos/521648874/medium.jpg,"Simcoe St, Toronto, ON, CA",43.647145,-79.3857416667,17.0,Feral Pigeon
23497,2025-12-29,CC-BY-NC,https://inaturalist-open-data.s3.amazonaws.com/photos/603969815/medium.jpg,"Bayview Village, Toronto, ON, Canada",43.777636267,-79.3704431046,61.0,Mallard
5004,2025-04-15,CC-BY-NC,https://inaturalist-open-data.s3.amazonaws.com/photos/486860756/medium.jpg,"High Park, Toronto, ON, CA",43.6494501774,-79.4602218737,4.0,Mallard
19599,2025-10-14,CC-BY-NC,https://inaturalist-open-data.s3.amazonaws.com/photos/580397969/medium.jpg,"Bayview Village, North York, ON, Canada",43.7809860636,-79.3707793847,332.0,Cedar Waxwing
19928,2025-09-27,CC-BY-NC,https://inaturalist-open-data.s3.amazonaws.com/photos/582212490/medium.jpg,"High Park Tr, Toronto, ON, CA",43.6436216667,-79.46737,3.0,Mallard
17633,2025-09-19,CC-BY-NC,https://inaturalist-open-data.s3.amazonaws.com/photos/569123937/medium.jpg,"Ashbridge’s Bay Park Toronto, ON, Canada",43.6613557365,-79.3135499401,2.0,Gray-cheeked Thrush
10422,2025-05-11,,https://static.inaturalist.org/photos/508470764/medium.jpg,"New Toronto, Etobicoke, ON, Canada",43.5901987392,-79.5165242357,33.0,Grèbe élégant
19237,2025-10-11,CC-BY,https://inaturalist-open-data.s3.amazonaws.com/photos/579029683/medium.jpg,"High Park, Toronto, ON, CA",43.645,-79.4591133333,12.0,Black-crowned Night Heron
14839,2025-07-30,,https://static.inaturalist.org/photos/545590605/medium.jpg,"Corktown Common, Toronto, ON, CA",43.6551333333,-79.3522633333,4.0,Song Sparrow
14738,2025-07-29,CC-BY,https://inaturalist-open-data.s3.amazonaws.com/photos/544666115/medium.jpg,"Toronto, ON, CA",43.6676885699,-79.290846131,349.0,Bonaparte's Gull
6219,2025-04-25,CC-BY-NC,https://inaturalist-open-data.s3.amazonaws.com/photos/491617651/medium.jpeg,"Toronto, ON M5V 2Y5, Canada",43.6369218108,-79.3947958112,8.0,American Robin
12361,2025-06-11,CC-BY-NC,https://static.inaturalist.org/photos/519441112/medium.jpg,"South Riverdale, Toronto, ON, Canada",43.629066627,-79.3241344238,61.0,Great Egret
10192,2025-05-16,,https://static.inaturalist.org/photos/507606784/medium.jpg,"Birch Cliff, Scarborough, ON, Canada",43.696221887,-79.2557577929,15.0,Red-eyed Vireo
22694,2025-12-12,,https://static.inaturalist.org/photos/599340066/medium.jpg,"Corktown Common, Toronto, ON, CA",43.654505,-79.3525866667,3.0,Black-capped Chickadee
10537,2025-05-23,CC-BY-NC,https://inaturalist-open-data.s3.amazonaws.com/photos/509390220/medium.jpg,"Woodbine Beach, Toronto, ON, Canada",43.6618609604,-79.3067495347,15.0,Caspian Tern
16750,2025-09-04,CC-BY-NC,https://inaturalist-open-data.s3.amazonaws.com/photos/562943511/medium.jpg,"Bayview Village, Toronto, ON, Canada",43.777636267,-79.3704431046,61.0,Eastern Wood-Pewee
3539,2025-03-19,CC-BY-NC,https://inaturalist-open-data.s3.amazonaws.com/photos/477940348/medium.jpg,"High Park, Toronto, ON, CA",43.64137,-79.4634116667,1.0,Common Merganser
940,2025-01-19,CC-BY-NC,https://inaturalist-open-data.s3.amazonaws.com/photos/465366211/medium.jpeg,"Toronto, ON, Canada",43.6697048171,-79.2853370681,144.0,Common Merganser
2211,2025-02-22,,https://static.inaturalist.org/photos/472195067/medium.jpeg,"Scarborough, ON M1X 1P3, Canada",43.8383285288,-79.1629126668,4.0,Fox Sparrow
5495,2025-04-20,CC-BY-NC,https://inaturalist-open-data.s3.amazonaws.com/photos/488973498/medium.jpg,"Cell 1, Tommy Thompson Park, Toronto, ON, Canada",43.6238716851,-79.3267905792,210.0,Neotropic Cormorant
21665,2025-10-24,CC-BY-NC,https://inaturalist-open-data.s3.amazonaws.com/photos/591978257/medium.jpg,"Toronto, ON, Canada",43.6406016823,-79.3211334988,599.0,Red-breasted Merganser
11305,2025-05-30,CC-BY-NC,https://inaturalist-open-data.s3.amazonaws.com/photos/513133442/medium.jpg,"Toronto--Humber Bay Park (East) Toronto, Ontario, CA",43.6225857183,-79.4738565878,13.0,Western Kingbird
19686,2025-10-08,CC-BY-NC,https://inaturalist-open-data.s3.amazonaws.com/photos/581015755/medium.jpg,"Rosetta McClain Gardens, 5 Glen Everest Rd, Scarborough, ON M1N 1J2, Canada",43.6968253,-79.2557466,193.0,White-throated Sparrow
18906,2025-09-29,CC-BY-NC,https://inaturalist-open-data.s3.amazonaws.com/photos/577023686/medium.jpg,"Rouge Marsh, Toronto, ON, Canada",43.7940075738,-79.1194079451,8.0,Rusty Blackbird
22864,2025-12-18,CC-BY-NC,https://inaturalist-open-data.s3.amazonaws.com/photos/600846192/medium.jpg,"Downsview Park, 70 Canuck Ave, North York, ON M3K 2C5, Canada",43.7439594,-79.4841427,186.0,Long-eared Owl
10209,2025-05-18,CC-BY-NC,https://inaturalist-open-data.s3.amazonaws.com/photos/507651627/medium.jpg,"Colonel  Samuel Smith Park, Toronto, ON, Canada",43.5906511232,-79.5131823425,683.0,Northern Yellow Warbler
7204,2025-04-27,CC-BY-NC,https://inaturalist-open-data.s3.amazonaws.com/photos/495188091/medium.jpg,"Bayview Village, Toronto, ON, Canada",43.777636267,-79.3704431046,61.0,Song Sparrow
9063,2025-05-06,CC-BY-NC,https://inaturalist-open-data.s3.amazonaws.com/photos/501819915/medium.jpg,"Bayview Village, North York, ON, Canada",43.7818012243,-79.3730108096,420.0,Black-throated Blue Warbler
8761,2025-05-06,CC-BY-NC,https://inaturalist-open-data.s3.amazonaws.com/photos/501160908/medium.jpg,"South Riverdale, Toronto, ON, Canada",43.656785101,-79.3053859401,15.0,Grasshopper Sparrow
9313,2025-05-10,CC-BY,https://inaturalist-open-data.s3.amazonaws.com/photos/502939146/medium.jpg,"Nordheimer Ravine, 326 Spadina Rd, Toronto, ON M5R 1Z8, Canada",43.6829834,-79.4125308,248.0,Black-throated Green Warbler
15349,2025-05-26,CC-BY-NC,https://inaturalist-open-data.s3.amazonaws.com/photos/550024913/medium.jpg,"Thistletown-Beaumond Heights, Toronto, ON, Canada",43.7421834091,-79.5504095835,15.0,Common Nighthawk
11372,2025-05-27,CC-BY-NC,https://inaturalist-open-data.s3.amazonaws.com/photos/513524673/medium.jpg,"York University, Toronto, ON, CA",43.772945,-79.5030616667,10.0,House Sparrow
11535,2025-06-01,CC-BY-NC,https://inaturalist-open-data.s3.amazonaws.com/photos/514890041/medium.jpg,"Hillcrest Village, Toronto, ON, Canada",43.8069026159,-79.3660370662,434.0,Eastern Wood-Pewee
20430,2025-10-27,CC-BY-NC,https://inaturalist-open-data.s3.amazonaws.com/photos/585621494/medium.jpg,"Bayview Village, North York, ON, Canada",43.7810392121,-79.3704374395,300.0,Cedar Waxwing
21330,2025-10-25,CC-BY-NC,https://inaturalist-open-data.s3.amazonaws.com/photos/590564644/medium.jpg,"Great Lakes Waterfront Tr, Toronto, ON, CA",43.5924865909,-79.5136303455,9.0,Brown Creeper
9975,2025-05-17,CC-BY-NC,https://inaturalist-open-data.s3.amazonaws.com/photos/506317034/medium.jpg,"Bayview Village, Toronto, ON, Canada",43.777636267,-79.3704431046,61.0,Grey Catbird
3237,2025-03-13,CC-BY-NC,https://inaturalist-open-data.s3.amazonaws.com/photos/476598556/medium.jpeg,"Toronto, ON M4L 3W6, Canada",43.6555833857,-79.3111442775,4.0,Northern Cardinal
10646,2025-05-24,CC-BY-NC,https://inaturalist-open-data.s3.amazonaws.com/photos/509831759/medium.jpg,"Woodbine Dunes, Toronto, ON, Canada",43.6603342447,-79.3079431532,15.0,Dunlin
5519,2025-04-17,CC-BY-NC,https://inaturalist-open-data.s3.amazonaws.com/photos/489031147/medium.jpg,"Bayview Village, North York, ON, Canada",43.7833819294,-79.3764290419,548.0,Hairy Woodpecker
22766,2025-12-14,CC-BY-NC,https://inaturalist-open-data.s3.amazonaws.com/photos/599955969/medium.jpg,"Bayview Woods-Steeles, North York, ON, Canada",43.7975985475,-79.3817531773,193.0,White-breasted Nuthatch
15083,2025-08-04,CC-BY,https://inaturalist-open-data.s3.amazonaws.com/photos/547724452/medium.jpg,"High Park-Swansea, Toronto, ON, Canada",43.6418404492,-79.4673205928,98.0,Mallard
16282,2025-08-24,CC-BY-NC,https://inaturalist-open-data.s3.amazonaws.com/photos/559228092/medium.jpg,"Bayview Village, Toronto, ON, Canada",43.777636267,-79.3704431046,61.0,House Finch
1690,2025-01-30,,https://static.inaturalist.org/photos/469627182/medium.jpeg,"St Lawrence-East Bayfront-The Islands, Toronto, ON, Canada",43.6147196931,-79.3866196275,82.0,Pied-billed Grebe
14014,2025-07-13,CC-BY-NC,https://inaturalist-open-data.s3.amazonaws.com/photos/536466317/medium.jpg,"Rouge, Scarborough, ON, Canada",43.8289862073,-79.1895139307,322.0,Red-winged Blackbird
15198,2025-08-06,CC-BY-NC,https://inaturalist-open-data.s3.amazonaws.com/photos/549201053/medium.jpg,"4000 Leslie St, North York, ON M2K 2R9, Canada",43.7699633,-79.3651372,191.0,American Goldfinch
8741,2025-05-06,CC-BY-NC,https://inaturalist-open-data.s3.amazonaws.com/photos/501118341/medium.jpeg,"Tommy Thompson Park, Toronto, ON, Canada",43.6497579903,-79.3249213295,122.0,Scarlet Tanager
12512,2025-06-14,CC-BY-NC,https://inaturalist-open-data.s3.amazonaws.com/photos/520759822/medium.jpg,"University Ave, Toronto, ON, CA",43.6562783333,-79.3904116667,22.0,Northern Yellow-shafted Flicker
11793,2025-05-31,CC-BY-NC,https://inaturalist-open-data.s3.amazonaws.com/photos/515920445/medium.jpg,"Centre Island, Toronto, ON, Canada",43.6192644217,-79.3914091573,244.0,Cedar Waxwing
1120,2025-01-27,CC-BY-NC,https://inaturalist-open-data.s3.amazonaws.com/photos/466635527/medium.jpeg,"High Park-Swansea, Toronto, ON, Canada",43.6487149045,-79.4706010195,12.0,Wood Duck
9440,2025-05-11,CC-BY-NC,https://inaturalist-open-data.s3.amazonaws.com/photos/503504866/medium.jpeg,"Etobicoke, ON M9B 2B3, Canada",43.65266106,-79.5417301,8.0,Red-bellied Woodpecker
22512,2025-05-06,CC-BY,https://inaturalist-open-data.s3.amazonaws.com/photos/598397652/medium.jpg,"South Riverdale, Toronto, ON, Canada",43.6582608528,-79.3070874658,58.0,Tennessee Warbler
20611,2025-10-27,CC-BY-NC,https://inaturalist-open-data.s3.amazonaws.com/photos/586491272/medium.jpg,"High Park - North Half, Toronto, ON, Canada",43.6490889589,-79.4642275187,440.0,Song Sparrow
18416,2025-09-28,CC-BY-NC,https://inaturalist-open-data.s3.amazonaws.com/photos/573531233/medium.jpg,"E.T. Seton Park, North York, ON, Canada",43.7150284638,-79.3416859658,8.0,Gray Catbird
22827,2025-12-11,CC-BY-NC,https://inaturalist-open-data.s3.amazonaws.com/photos/600611138/medium.jpg,"Bayview Village, North York, ON, Canada",43.7803231724,-79.3893228021,15.0,Dark-eyed Junco
13408,2025-06-29,,https://static.inaturalist.org/photos/529690191/medium.jpg,"High Park Tr, Toronto, ON, CA",43.6438966667,-79.4677883333,7.0,Lesser Scaup
18907,2025-09-29,CC-BY-NC,https://inaturalist-open-data.s3.amazonaws.com/photos/577023688/medium.jpg,"Rouge Marsh, Toronto, ON, Canada",43.7940075738,-79.1194079451,8.0,Red-winged Blackbird
3449,2025-03-18,CC-BY-NC,https://inaturalist-open-data.s3.amazonaws.com/photos/477721670/medium.jpeg,"Humber Arboretum, Etobicoke, ON, Canada",43.7275986315,-79.6016371975,37.0,Canada Goose
21211,2025-11-06,CC-BY-NC,https://inaturalist-open-data.s3.amazonaws.com/photos/589846434/medium.jpg,"The Queensway – Humber Bay, Etobicoke, ON, Canada",43.6219349216,-79.4747537964,328.0,Fox Sparrow
1043,2025-01-26,,https://static.inaturalist.org/photos/466187129/medium.jpeg,"Port Lands, Toronto, ON, Canada",43.6480117162,-79.3289548159,186.0,Trumpeter Swan
22368,2025-12-04,CC-BY-NC,https://inaturalist-open-data.s3.amazonaws.com/photos/597448170/medium.jpg,"Sam Ciccolini Ln, Toronto, ON, CA",43.677925,-79.445145,21.0,European Starling
10418,2025-05-21,,https://static.inaturalist.org/photos/508461365/medium.jpg,"Scarborough, ON M1B 5W6, Canada",43.8188033113,-79.1875427216,13.0,Northern Yellow Warbler
15972,2025-08-23,CC-BY-NC,https://inaturalist-open-data.s3.amazonaws.com/photos/556765673/medium.jpg,"Toronto, ON M5V 2T6, Canada",43.6425662292,-79.3870568275,304.0,House Sparrow
22192,2025-11-29,CC-BY-NC,https://inaturalist-open-data.s3.amazonaws.com/photos/595929290/medium.jpg,"Bayview Village, North York, ON, Canada",43.7800599859,-79.3722940033,593.0,Black-capped Chickadee
10709,2025-05-15,CC-BY-NC,https://inaturalist-open-data.s3.amazonaws.com/photos/510178871/medium.jpg,"Rouge, Scarborough, ON, Canada",43.8232444039,-79.1653572647,1000.0,American Goldfinch
2418,2025-02-14,CC-BY-NC,https://inaturalist-open-data.s3.amazonaws.com/photos/473291990/medium.jpeg,"Colonel  Samuel Smith Park, Toronto, ON, Canada",43.5906511232,-79.5131823425,683.0,Greater Scaup
20797,2025-10-26,CC-BY-NC,https://inaturalist-open-data.s3.amazonaws.com/photos/587501258/medium.jpg,"Birch Cliff, Scarborough, ON, Canada",43.6961775739,-79.2560331183,104.0,Golden-crowned Kinglet
5471,2025-04-20,CC-BY-NC,https://inaturalist-open-data.s3.amazonaws.com/photos/488884547/medium.jpg,"High Park, Toronto, ON, CA",43.64103,-79.4583883333,3.0,Brown-headed Cowbird
6204,2025-04-25,CC-BY-NC,https://inaturalist-open-data.s3.amazonaws.com/photos/491609803/medium.jpeg,"Toronto, ON M5V 2Y5, Canada",43.6370453378,-79.3941637594,22.0,Red-winged Blackbird
4605,2025-04-11,,https://static.inaturalist.org/photos/485232085/medium.jpg,"Bayview Ave, Toronto, ON, CA",43.6558916667,-79.3533783333,64.0,Brown-headed Cowbird
18982,2025-10-08,CC-BY-NC,https://inaturalist-open-data.s3.amazonaws.com/photos/577856928/medium.jpg,"Rosetta McClain Gardens, 5 Glen Everest Rd, Scarborough, ON M1N 1J2, Canada",43.6968253,-79.2557466,193.0,Golden-crowned Kinglet
21983,2025-11-23,CC-BY-NC,https://inaturalist-open-data.s3.amazonaws.com/photos/594159412/medium.jpg,"Lower Reesor Pond, Toronto, ON M1B 5W5, Canada",43.8280937,-79.1899396,175.0,Mallard
22118,2025-11-26,CC-BY-NC,https://inaturalist-open-data.s3.amazonaws.com/photos/595391529/medium.jpg,"Yonge St, Toronto, ON, CA",43.6655616667,-79.3842916667,31.0,Feral Pigeon
1875,2025-02-14,CC-BY-NC,https://inaturalist-open-data.s3.amazonaws.com/photos/470556532/medium.jpeg,"Toronto, ON M4L 1G7, Canada",43.666064,-79.307544,2.0,Dark-eyed Junco
23967,2025-12-04,CC-BY-NC,https://inaturalist-open-data.s3.amazonaws.com/photos/619554189/medium.jpg,"Martin Goodman Tr, Toronto, ON, CA",43.6361908679,-79.3916346751,110.0,Red-breasted Merganser
20409,2025-10-26,CC-BY-NC,https://inaturalist-open-data.s3.amazonaws.com/photos/585315386/medium.jpg,"Dufferin Grove, Toronto, ON, Canada",43.6598396586,-79.4265815614,30.0,Purple Finch
1946,2025-02-17,CC-BY-NC,https://inaturalist-open-data.s3.amazonaws.com/photos/470883783/medium.jpg,"Bayview Village, North York, ON, Canada",43.7815049375,-79.3870957668,72.0,Red-tailed Hawk
11512,2025-06-02,CC-BY-NC,https://inaturalist-open-data.s3.amazonaws.com/photos/514741811/medium.jpg,"Clouston Ave, Toronto, ON, CA",43.69405,-79.510795,2.0,Cooper's Hawk
13224,2025-06-27,CC-BY-NC,https://inaturalist-open-data.s3.amazonaws.com/photos/527712538/medium.jpg,Toronto,43.6200675964,-79.3759078979,97.0,Braunkopf-Kuhstärling
16242,2025-08-27,CC-BY-NC,https://inaturalist-open-data.s3.amazonaws.com/photos/558937783/medium.jpg,"Rouge, Scarborough, ON, Canada",43.8223679718,-79.166367325,80.0,Cedar Waxwing
14965,2025-08-03,CC-BY-NC,https://inaturalist-open-data.s3.amazonaws.com/photos/546893852/medium.jpg,"South Cedarbrae, Scarborough, ON, Canada",43.7518697653,-79.2329296998,4.0,Mourning Dove
2815,2025-03-09,,https://static.inaturalist.org/photos/475349624/medium.jpg,"High Park-Swansea, Toronto, ON, Canada",43.647947066,-79.4706819179,15.0,Mallard
23116,2025-12-24,,https://static.inaturalist.org/photos/602393167/medium.jpg,"High Park-Swansea, Toronto, ON, Canada",43.6418795358,-79.4620563832,2.0,Feral Pigeon
10276,2025-05-16,,https://static.inaturalist.org/photos/507772683/medium.jpg,"Birch Cliff, Scarborough, ON, Canada",43.696374064,-79.255858851,15.0,Bay-breasted Warbler
17138,2025-09-12,CC-BY-NC,https://inaturalist-open-data.s3.amazonaws.com/photos/566054336/medium.jpg,"Campus Walk, Toronto, ON, CA",43.77295,-79.5079283333,6.0,White-throated Sparrow
12646,2025-06-14,CC-BY-NC,https://inaturalist-open-data.s3.amazonaws.com/photos/522168533/medium.jpg,"Ontario, CA",43.6273657378,-79.4585784118,16.0,Green Heron
17931,2025-08-17,CC-BY,https://inaturalist-open-data.s3.amazonaws.com/photos/570886737/medium.jpg,"Ontario, CA",43.7367065701,-79.1809012265,4.0,Northern Cardinal
22539,2025-12-05,CC-BY-NC,https://inaturalist-open-data.s3.amazonaws.com/photos/598550848/medium.jpg,"Rouge Park, Beare Wetlands, Toronto, ON, Canada",43.8211502834,-79.1653562689,25.0,Black-capped Chickadee
1680,2025-01-30,,https://static.inaturalist.org/photos/469626963/medium.jpeg,"Toronto, ON, Canada",43.6197218324,-79.3645537645,920.0,White-winged Scoter
3004,2025-03-11,,https://static.inaturalist.org/photos/475885206/medium.jpg,"Corktown Common, Toronto, ON, CA",43.6542366667,-79.3527966667,6.0,Black-capped Chickadee
13829,2025-07-08,CC-BY-NC,https://inaturalist-open-data.s3.amazonaws.com/photos/534141863/medium.jpg,"Banbury-Don Mills, North York, ON, Canada",43.7301447397,-79.3556494868,704.0,Mallard
20813,2025-11-01,CC-BY-NC,https://inaturalist-open-data.s3.amazonaws.com/photos/587527847/medium.jpg,"Bayview Village, Toronto, ON, Canada",43.777636267,-79.3704431046,61.0,Cedar Waxwing
923,2025-01-12,CC-BY-NC,https://inaturalist-open-data.s3.amazonaws.com/photos/465258786/medium.jpg,"Toronto, ON, Canada",43.5935193597,-79.5105597663,26.0,Ring-billed Gull
2125,2025-02-22,CC-BY-NC,https://inaturalist-open-data.s3.amazonaws.com/photos/471880669/medium.jpg,"Toronto, ON, Canada",43.7065861439,-79.2338214757,48.0,Mallard
553,2025-01-09,CC-BY-NC,https://inaturalist-open-data.s3.amazonaws.com/photos/463561985/medium.jpeg,"Colonel  Samuel Smith Park, Toronto, ON, Canada",43.5906511232,-79.5131823425,683.0,Red-breasted Merganser
15558,2025-08-14,CC-BY-NC,https://inaturalist-open-data.s3.amazonaws.com/photos/552480019/medium.jpg,"Ashbridge's Bay Park, Toronto, ON, Canada",43.6585933533,-79.3066574002,8.0,Cooper's Hawk
7960,2025-05-02,CC-BY-NC,https://inaturalist-open-data.s3.amazonaws.com/photos/498756000/medium.jpg,"Ashbridge's Bay Park, Toronto, ON, Canada",43.6590592737,-79.3105629038,4.0,Ovenbird
20052,2025-03-03,CC-BY,https://inaturalist-open-data.s3.amazonaws.com/photos/582920880/medium.jpg,"South Riverdale, Toronto, ON, Canada",43.6471697241,-79.3270491734,61.0,American Tree Sparrow
6631,2025-04-25,CC-BY,https://inaturalist-open-data.s3.amazonaws.com/photos/492293298/medium.png,"Ward's Island, Toronto, ON, Canada",43.6239973281,-79.3608822691,150.0,Northern Cardinal
12041,2025-06-06,CC-BY-NC,https://inaturalist-open-data.s3.amazonaws.com/photos/516865333/medium.jpg,"Downsview, Toronto, ON, Canada",43.743060288,-79.4820398432,266.0,Spotted Sandpiper
16942,2025-09-09,CC-BY-NC,https://inaturalist-open-data.s3.amazonaws.com/photos/564809519/medium.jpg,"Bayview Village, North York, ON, Canada",43.7814002814,-79.371873553,372.0,Song Sparrow
3265,2025-03-14,CC-BY-NC,https://inaturalist-open-data.s3.amazonaws.com/photos/476723567/medium.jpg,"Humber Bay Park East, Toronto, ON, CA",43.6227630799,-79.4750381568,18.0,Downy Woodpecker
22938,2025-11-14,CC-BY-NC,https://inaturalist-open-data.s3.amazonaws.com/photos/600921696/medium.jpg,"The Kingsway, Etobicoke, ON, Canada",43.6475344684,-79.5117670199,988.0,Red-breasted Nuthatch
11691,2025-06-03,CC-BY-NC,https://inaturalist-open-data.s3.amazonaws.com/photos/515484774/medium.jpg,"North Bendale, Scarborough, ON M1H, Canada",43.772242531,-79.2515239941,451.0,American Kestrel
2120,2025-02-22,CC-BY-NC,https://inaturalist-open-data.s3.amazonaws.com/photos/471875995/medium.jpg,"Toronto, ON, Canada",43.7054613772,-79.2337041995,71.0,Long-tailed Duck
5571,2025-04-20,,https://static.inaturalist.org/photos/489059006/medium.jpg,"South Riverdale, Toronto, ON, Canada",43.6491965708,-79.3237503191,31.0,Yellow-bellied Sapsucker
3218,2025-03-14,CC-BY-NC,https://inaturalist-open-data.s3.amazonaws.com/photos/476541353/medium.jpeg,"Toronto, ON M4W 3X8, Canada",43.6871248852,-79.3659454957,75.0,Northern Shrike
23289,2025-09-24,CC-BY,https://inaturalist-open-data.s3.amazonaws.com/photos/602850727/medium.jpg,"South Riverdale, Toronto, ON, Canada",43.6555851966,-79.3098404152,86.0,Magnolia Warbler
12737,2025-06-18,CC-BY-NC,https://inaturalist-open-data.s3.amazonaws.com/photos/522917793/medium.jpg,"Toronto Zoo, Toronto, ON, CA",43.8222166667,-79.18103,3.0,Black-capped Chickadee
4821,2025-04-13,,https://static.inaturalist.org/photos/486129412/medium.jpeg,"South Riverdale, Toronto, ON, Canada",43.6440841819,-79.3211046988,31.0,Brown-headed Cowbird
4486,2025-04-09,,https://static.inaturalist.org/photos/484568572/medium.jpeg,"Toronto, ON, Canada",43.6185522896,-79.3336814497,122.0,Horned Grebe
21558,2025-11-13,CC-BY-NC,https://inaturalist-open-data.s3.amazonaws.com/photos/591313998/medium.jpg,"Bayview Village, North York, ON, Canada",43.7809793951,-79.385096426,394.0,Red-tailed Hawk
20094,2025-10-21,,https://static.inaturalist.org/photos/583025520/medium.jpg,"Stong Pond, North York, ON M3N 3A7, Canada",43.7709415,-79.5072857,31.0,Eastern Phoebe
9244,2025-05-09,CC-BY-NC,https://inaturalist-open-data.s3.amazonaws.com/photos/502560815/medium.jpeg,"4001 Leslie St, North York, ON M2K 1E1, Canada",43.7692131,-79.3628187,218.0,Downy Woodpecker
18148,2025-08-31,CC-BY-NC,https://inaturalist-open-data.s3.amazonaws.com/photos/572079461/medium.jpg,"Etienne Brulé Park, 10 Catherine St, York, ON M6S, Canada",43.6517494,-79.4903289,633.0,American Herring Gull
21219,2025-11-08,CC-BY-NC,https://inaturalist-open-data.s3.amazonaws.com/photos/589856359/medium.jpg,"Bayview Village, Toronto, ON, Canada",43.777636267,-79.3704431046,61.0,Black-capped Chickadee
2425,2025-02-14,CC-BY-NC,https://inaturalist-open-data.s3.amazonaws.com/photos/473293939/medium.jpeg,"Colonel  Samuel Smith Park, Toronto, ON, Canada",43.5906511232,-79.5131823425,683.0,White-winged Scoter
6263,2025-04-25,CC-BY-NC,https://inaturalist-open-data.s3.amazonaws.com/photos/491648677/medium.jpeg,"High Park-Swansea, Toronto, ON, Canada",43.6420184592,-79.4627436529,116.0,Northern Cardinal
9579,2025-05-13,CC-BY-NC,https://inaturalist-open-data.s3.amazonaws.com/photos/504356634/medium.jpg,"Ashbridge's Bay Park, Toronto, ON, Canada",43.6564027467,-79.3070098225,8.0,Glaucous Gull
555,2025-01-09,CC-BY-NC,https://inaturalist-open-data.s3.amazonaws.com/photos/463562158/medium.jpeg,"Colonel  Samuel Smith Park, Toronto, ON, Canada",43.5906511232,-79.5131823425,683.0,Red-breasted Merganser
18507,2025-09-30,CC-BY-NC,https://inaturalist-open-data.s3.amazonaws.com/photos/574317380/medium.jpg,"Woodbine Beach Dune Habitat, Toronto, ON, Canada",43.6598123019,-79.3086209578,2.0,Song Sparrow
11505,2025-06-01,CC-BY-NC,https://inaturalist-open-data.s3.amazonaws.com/photos/514492623/medium.jpg,"Milliken Park, Scarborough, ON, Canada",43.8288929279,-79.27085911,53.0,Cardinalis cardinalis
7266,2025-04-28,,https://static.inaturalist.org/photos/495887193/medium.jpeg,"High Park - Grenadier Cafe, Toronto, ON M6S 2X4, Canada",43.6463869772,-79.4663415849,24.0,Dark-eyed Junco
1136,2025-01-25,CC-BY,https://static.inaturalist.org/photos/466857979/medium.jpg,"Toronto, ON, Canada",43.6459238896,-79.3275815301,141.0,Great Black-backed Gull
23304,2025-07-17,CC-BY,https://inaturalist-open-data.s3.amazonaws.com/photos/602860620/medium.jpg,"High Park-Swansea, Toronto, ON, Canada",43.6445208666,-79.4586786041,49.0,Ruby-throated Hummingbird
12249,2025-06-01,CC0,https://inaturalist-open-data.s3.amazonaws.com/photos/518806624/medium.jpg,"Ontario, CA",43.7439987317,-79.3872570287,489.0,Red-winged Blackbird
12685,2025-06-17,CC-BY-NC,https://inaturalist-open-data.s3.amazonaws.com/photos/522503193/medium.jpg,"Gerrard St W, Toronto, ON, CA",43.6582116667,-79.3852533333,10.0,House Sparrow
23378,2025-12-27,CC-BY-NC,https://inaturalist-open-data.s3.amazonaws.com/photos/603191623/medium.jpg,"Great Lakes Waterfront Tr, Toronto, ON, CA",43.6235783333,-79.47718,19.0,Bufflehead
16220,2025-08-27,CC-BY-NC,https://inaturalist-open-data.s3.amazonaws.com/photos/558861134/medium.jpg,"Rosetta McClain Gardens, 5 Glen Everest Rd, Scarborough, ON M1N 1J2, Canada",43.6968253,-79.2557466,193.0,Northern Flicker
1169,2025-01-15,CC-BY-NC,https://inaturalist-open-data.s3.amazonaws.com/photos/467064697/medium.jpeg,"The Kingsway, Etobicoke, ON, Canada",43.6475602268,-79.5116736492,971.0,Downy Woodpecker
16551,2025-09-02,CC-BY-NC,https://inaturalist-open-data.s3.amazonaws.com/photos/561438503/medium.jpg,"Dufferin Grove, Toronto, ON, Canada",43.6598396586,-79.4265815614,30.0,Eastern Wood-Pewee
11452,2025-05-31,CC-BY-NC,https://inaturalist-open-data.s3.amazonaws.com/photos/514271946/medium.jpg,"High Park, Toronto, ON, CA",43.6430638341,-79.4574783887,786.0,Mourning Dove
2220,2025-02-23,CC-BY-NC,https://inaturalist-open-data.s3.amazonaws.com/photos/472306485/medium.jpeg,"Toronto, ON, Canada",43.6308874087,-79.4075417078,290.0,Common Goldeneye
154,2025-01-05,CC-BY-NC,https://inaturalist-open-data.s3.amazonaws.com/photos/461985898/medium.jpeg,"South Riverdale, Toronto, ON, Canada",43.6248689313,-79.3306288496,265.0,Greater Scaup
17336,2025-09-11,CC-BY-NC,https://inaturalist-open-data.s3.amazonaws.com/photos/567333491/medium.jpg,"Colonel  Samuel Smith Park, Toronto, ON, Canada",43.5906511232,-79.5131823425,683.0,Ring-billed Gull
15151,2025-08-06,CC-BY,https://static.inaturalist.org/photos/548515161/medium.jpg,"Scarborough, ON M1G 1G7, Canada",43.7588628239,-79.2163224891,156.0,Red-tailed Hawk
17525,2025-09-17,CC-BY-NC,https://inaturalist-open-data.s3.amazonaws.com/photos/568424744/medium.jpg,"Rouge, Scarborough, ON, Canada",43.7939398745,-79.1210138185,31.0,Red-tailed Hawk
6325,2025-04-25,CC-BY-NC,https://inaturalist-open-data.s3.amazonaws.com/photos/491754685/medium.jpg,"Bayview Village, Toronto, ON, Canada",43.777636267,-79.3704431046,61.0,Downy Woodpecker
20036,2025-07-20,,https://static.inaturalist.org/photos/582763041/medium.jpg,"Sunnybrook Park, 1132 Leslie St, Ontario, Canada",43.7243208,-79.3579026,195.0,Chipping Sparrow
13379,2025-06-30,CC-BY-NC,https://inaturalist-open-data.s3.amazonaws.com/photos/529381084/medium.jpg,"Ontario, CA",43.4465831711,-79.4874257953,32.0,Blue-grey Gnatcatcher
1847,2025-02-15,CC-BY-NC,https://inaturalist-open-data.s3.amazonaws.com/photos/470410365/medium.jpeg,"73 Cardiff Rd, North York, ON M4P 2P4, Canada",43.713027,-79.3841394,179.0,Northern Cardinal
5410,2025-04-19,CC-BY-NC,https://inaturalist-open-data.s3.amazonaws.com/photos/488718456/medium.jpg,"Downsview Park, Toronto, ON, CA",43.7430458142,-79.4814189489,59.0,Red-winged Blackbird
23787,2025-10-15,CC-BY,https://inaturalist-open-data.s3.amazonaws.com/photos/608248753/medium.jpg,"Birch Cliff, Scarborough, ON, Canada",43.6965037891,-79.2561445451,201.0,Red-tailed Hawk
23333,2025-12-26,CC-BY-NC,https://inaturalist-open-data.s3.amazonaws.com/photos/602913119/medium.jpg,"73 Cardiff Rd, North York, ON M4P 2P4, Canada",43.713027,-79.3841394,179.0,Black-capped Chickadee
2886,2025-03-10,CC-BY-NC,https://inaturalist-open-data.s3.amazonaws.com/photos/475573848/medium.jpg,"Bayview Woods-Steeles, North York, ON, Canada",43.7917320758,-79.3816322555,457.0,House Finch
20759,2025-11-01,CC-BY-NC,https://inaturalist-open-data.s3.amazonaws.com/photos/587223465/medium.jpg,"73 Cardiff Rd, North York, ON M4P 2P4, Canada",43.713027,-79.3841394,179.0,Hairy Woodpecker
4389,2025-04-07,CC-BY-NC,https://inaturalist-open-data.s3.amazonaws.com/photos/483914154/medium.jpeg,"High Park-Swansea, Toronto, ON, Canada",43.6405112968,-79.4632680683,61.0,Double-crested Cormorant
1246,2025-01-27,CC-BY-NC,https://inaturalist-open-data.s3.amazonaws.com/photos/467493905/medium.jpeg,"Edenbridge-Humber Valley, Etobicoke, ON, Canada",43.6700766809,-79.5118929028,133.0,Common Merganser
14569,2025-07-26,CC-BY-NC,https://inaturalist-open-data.s3.amazonaws.com/photos/542921943/medium.jpg,"Colonel Samuel Smith Park, 3145 Lake Shore Blvd W, Etobicoke, ON M8V 4B6, Canada",43.591398,-79.5133857,198.0,Purple Martin
9376,2025-05-07,CC-BY-NC,https://inaturalist-open-data.s3.amazonaws.com/photos/503142283/medium.jpeg,"Colonel  Samuel Smith Park, Toronto, ON, Canada",43.5906511232,-79.5131823425,683.0,Canada Goose
3461,2025-03-18,,https://static.inaturalist.org/photos/477734686/medium.jpg,Woodbine Park & Beach,43.6600852545,-79.3096819519,655.0,Common Grackle
16002,2025-08-24,CC-BY-NC,https://inaturalist-open-data.s3.amazonaws.com/photos/557142007/medium.jpg,"High Park-Swansea, Toronto, ON, Canada",43.6437049345,-79.4682393265,61.0,Wood Duck
2144,2025-02-23,,https://static.inaturalist.org/photos/472110976/medium.jpg,"Toronto, ON, Canada",43.621717827,-79.3268403366,31.0,Common Goldeneye
15898,2025-08-15,CC-BY-NC,https://inaturalist-open-data.s3.amazonaws.com/photos/555733859/medium.jpg,"Egerton Ln, Toronto, ON, CA",43.6496722564,-79.4032330622,22.0,American Goldfinch
5344,2025-04-19,,https://static.inaturalist.org/photos/488420003/medium.jpeg,"South Riverdale, Toronto, ON, Canada",43.6606829587,-79.3083552603,8.0,Vesper Sparrow
8704,2025-05-05,CC-BY-NC,https://inaturalist-open-data.s3.amazonaws.com/photos/500943266/medium.jpeg,"Toronto, ON M4T 2V8, Canada",43.6954678302,-79.3833942711,190.0,Nashville Warbler
5002,2025-04-15,CC-BY-NC,https://inaturalist-open-data.s3.amazonaws.com/photos/486847252/medium.jpeg,"Etobicoke, ON M9W 6V3, Canada",43.7255356111,-79.6134272218,512.0,Common Merganser
2032,2025-01-13,,https://static.inaturalist.org/photos/471274935/medium.jpeg,"Scarborough, ON, Canada",43.7078991229,-79.2284950241,195.0,American Herring Gull
7911,2025-04-28,CC-BY-NC,https://inaturalist-open-data.s3.amazonaws.com/photos/498515546/medium.jpeg,"James Gardens 99 Edenbridge Dr, Etobicoke, ON M9A 3G4, Canada",43.6716852,-79.5142997,182.0,Mallard
16584,2025-09-02,CC-BY-NC,https://inaturalist-open-data.s3.amazonaws.com/photos/561612307/medium.jpg,"New Toronto, Etobicoke, ON, Canada",43.5928247872,-79.5131753952,8.0,Eastern Kingbird
126,2025-01-05,CC-BY-NC,https://inaturalist-open-data.s3.amazonaws.com/photos/461929575/medium.jpg,"Cardiff Rd, Toronto, ON, CA",43.7130297183,-79.3839932841,39.0,House Sparrow
22462,2025-05-03,CC-BY,https://inaturalist-open-data.s3.amazonaws.com/photos/598141091/medium.jpg,"Downsview, North York, ON, Canada",43.7364485259,-79.4945163543,198.0,Belted Kingfisher
16206,2025-08-27,,https://static.inaturalist.org/photos/558757068/medium.jpg,"Corktown Common, Toronto, ON, CA",43.6541133333,-79.353425,14.0,American Goldfinch
11327,2025-05-30,CC-BY-NC,https://inaturalist-open-data.s3.amazonaws.com/photos/513300285/medium.jpg,"New Toronto, Etobicoke, ON, Canada",43.5935039001,-79.5121915289,8.0,Common Nighthawk
1260,2025-01-27,CC-BY-NC,https://inaturalist-open-data.s3.amazonaws.com/photos/467497939/medium.jpeg,"Edenbridge-Humber Valley, Etobicoke, ON, Canada",43.6650723476,-79.5132765872,15.0,White-breasted Nuthatch
11467,2025-06-01,CC-BY-NC,https://inaturalist-open-data.s3.amazonaws.com/photos/514343985/medium.jpg,"Church St, Toronto, ON, CA",43.6488033333,-79.3739166667,36.0,House Sparrow
11697,2025-06-03,CC-BY-NC,https://inaturalist-open-data.s3.amazonaws.com/photos/515562937/medium.jpg,"Rouge, Scarborough, ON, Canada",43.8224512829,-79.1666893042,317.0,Northern Yellow Warbler
21204,2025-10-21,CC-BY-NC,https://inaturalist-open-data.s3.amazonaws.com/photos/589836795/medium.jpg,"South Riverdale, Toronto, ON, Canada",43.6461903426,-79.3211050108,31.0,Red-tailed Hawk
17700,2025-09-20,CC-BY-NC,https://inaturalist-open-data.s3.amazonaws.com/photos/569621192/medium.jpg,"Bayview Ave, Toronto, ON, CA",43.684458686,-79.3656638864,3.0,House Sparrow
6647,2025-04-25,CC-BY,https://inaturalist-open-data.s3.amazonaws.com/photos/492299787/medium.png,"Toronto, ON, Canada",43.611592304,-79.3819903935,241.0,American Herring Gull
246,2025-01-03,CC-BY-NC,https://inaturalist-open-data.s3.amazonaws.com/photos/462272520/medium.jpeg,"Colonel  Samuel Smith Park, Toronto, ON, Canada",43.5906511232,-79.5131823425,683.0,Mallard
8855,2025-04-27,CC-BY-NC,https://inaturalist-open-data.s3.amazonaws.com/photos/501409270/medium.jpeg,"Colonel  Samuel Smith Park, Toronto, ON, Canada",43.5906511232,-79.5131823425,683.0,Common Grackle
7214,2025-04-26,CC-BY-NC,https://inaturalist-open-data.s3.amazonaws.com/photos/495215305/medium.jpg,"Leaside-Bennington, Toronto, ON, Canada",43.6870635155,-79.3672665527,72.0,Yellow-rumped Warbler
7468,2025-04-27,CC-BY-NC,https://inaturalist-open-data.s3.amazonaws.com/photos/496616574/medium.jpg,"New Toronto, Etobicoke, ON, Canada",43.593961159,-79.5152934748,31.0,White-throated Sparrow
17276,2025-09-13,,https://inaturalist-open-data.s3.amazonaws.com/photos/567096502/medium.jpg,"Scarborough City Centre, Scarborough, ON, Canada",43.7780611111,-79.2524555556,27.0,Feral Pigeon
21723,2025-11-17,CC-BY-NC,https://inaturalist-open-data.s3.amazonaws.com/photos/592329284/medium.jpg,"Lambton Baby Point, Toronto, ON, Canada",43.6533853587,-79.5022259094,15.0,Eastern Bluebird
16275,2025-08-27,CC-BY-NC,https://inaturalist-open-data.s3.amazonaws.com/photos/559218590/medium.jpg,"Rosetta McClain Gardens, 5 Glen Everest Rd, Scarborough, ON M1N 1J2, Canada",43.6968253,-79.2557466,193.0,Eastern Wood-Pewee
22394,2025-12-06,CC-BY-NC,https://inaturalist-open-data.s3.amazonaws.com/photos/597713940/medium.jpg,"John Garland Blvd at Mosque Cres North Side, Etobicoke, ON M9V 1N8, Canada",43.733136989,-79.5923236012,4.0,Red-breasted Nuthatch
13100,2025-06-25,CC-BY-NC,https://inaturalist-open-data.s3.amazonaws.com/photos/526794475/medium.jpg,Toronto,43.6427688599,-79.4666366577,185.0,Purpurgrackel
5393,2025-04-19,CC-BY-NC,https://inaturalist-open-data.s3.amazonaws.com/photos/488585964/medium.jpeg,"Leaside-Bennington, Toronto, ON, Canada",43.7199468955,-79.3546300303,8.0,White-throated Sparrow
13869,2025-07-05,CC-BY-NC,https://inaturalist-open-data.s3.amazonaws.com/photos/534831515/medium.jpg,"Rouge Marsh, Toronto, ON, Canada",43.7939516875,-79.1197555127,75.0,Wood Duck
5432,2025-04-19,CC-BY-NC,https://inaturalist-open-data.s3.amazonaws.com/photos/488811470/medium.jpeg,"South Riverdale, Toronto, ON, Canada",43.6459354682,-79.3204384549,15.0,Mallard
20253,2025-09-13,CC-BY-NC,https://inaturalist-open-data.s3.amazonaws.com/photos/583814135/medium.jpg,"Toronto, ON M4L 3Y2, Canada",43.6661974472,-79.3076245487,5.0,Blue Jay
5675,2025-04-20,,https://static.inaturalist.org/photos/489208853/medium.jpg,"Toronto, ON, CA",43.6869708135,-79.3672213186,168.0,Brown Creeper
14748,2025-07-15,CC-BY-NC,https://inaturalist-open-data.s3.amazonaws.com/photos/544746270/medium.jpg,"Edenbridge-Humber Valley, Etobicoke, ON, Canada",43.6715920768,-79.5121968481,182.0,Barn Swallow
22716,2025-12-12,CC-BY-NC,https://inaturalist-open-data.s3.amazonaws.com/photos/599410055/medium.jpg,"73 Cardiff Rd, North York, ON M4P 2P4, Canada",43.713027,-79.3841394,179.0,Black-capped Chickadee
16393,2025-08-29,CC-BY-NC,https://inaturalist-open-data.s3.amazonaws.com/photos/559761433/medium.jpg,"Bayview Village, North York, ON, Canada",43.7770002473,-79.3695520413,637.0,Song Sparrow
4288,2025-04-05,CC-BY-NC,https://inaturalist-open-data.s3.amazonaws.com/photos/483319859/medium.jpeg,"Evergreen Brick Works, 550 Bayview Ave, Toronto, ON M4W 3X8, Canada",43.6843314,-79.3647127,165.0,Golden-crowned Kinglet
302,2025-01-08,CC-BY-NC,https://inaturalist-open-data.s3.amazonaws.com/photos/462586064/medium.jpg,"Bridle Path-Sunnybrook-York Mills, Toronto, ON, Canada",43.7302735317,-79.3571613691,418.0,House Finch
6409,2025-04-25,CC-BY-NC,https://inaturalist-open-data.s3.amazonaws.com/photos/491842425/medium.jpg,"Bayview Village, Toronto, ON, Canada",43.777636267,-79.3704431046,61.0,Brown Creeper
20469,2025-10-28,CC-BY-NC,https://inaturalist-open-data.s3.amazonaws.com/photos/585690597/medium.jpg,"Dufferin Grove, Toronto, ON, Canada",43.6598396586,-79.4265815614,30.0,Hermit Thrush
9368,2025-05-07,CC-BY-NC,https://inaturalist-open-data.s3.amazonaws.com/photos/503139377/medium.jpeg,"Colonel  Samuel Smith Park, Toronto, ON, Canada",43.5906511232,-79.5131823425,683.0,White-crowned Sparrow
22618,2025-12-08,CC0,https://inaturalist-open-data.s3.amazonaws.com/photos/598829924/medium.jpg,"Ontario, CA",43.7778832307,-79.3521652552,465.0,Gadwall
10706,2025-05-24,CC-BY-NC,https://inaturalist-open-data.s3.amazonaws.com/photos/509994403/medium.jpg,"Ashbridges Bay Park, Toronto, ON, CA",43.6590310812,-79.310199049,24.0,Bay-breasted Warbler
13820,2025-07-08,CC-BY-NC,https://inaturalist-open-data.s3.amazonaws.com/photos/534141708/medium.jpg,"Banbury-Don Mills, North York, ON, Canada",43.7301447397,-79.3556494868,704.0,Downy Woodpecker
1512,2025-02-08,CC-BY-NC,https://inaturalist-open-data.s3.amazonaws.com/photos/468831721/medium.jpeg,"Toronto, ON, Canada",43.647149739,-79.3274239451,8.0,Trumpeter Swan
22316,2025-12-02,,https://static.inaturalist.org/photos/596804565/medium.jpg,"Front St E, Toronto, ON, CA",43.6534616667,-79.353805,4.0,Red-tailed Hawk
21888,2025-04-21,CC-BY-NC,https://inaturalist-open-data.s3.amazonaws.com/photos/593522195/medium.jpg,"High Park-Swansea, Toronto, ON, Canada",43.6440271527,-79.4630902621,440.0,Great Egret
15038,2025-08-03,CC-BY-NC,https://inaturalist-open-data.s3.amazonaws.com/photos/547547497/medium.jpg,"Toronto, ON M6R 0A1, Canada",43.6439232194,-79.4588699564,52.0,Red-headed Woodpecker
11247,2025-05-26,CC-BY-NC,https://inaturalist-open-data.s3.amazonaws.com/photos/512708120/medium.jpg,"Colonel  Samuel Smith Park, Toronto, ON, Canada",43.5906511232,-79.5131823425,683.0,Tree Swallow
7828,2025-05-01,CC-BY-NC,https://inaturalist-open-data.s3.amazonaws.com/photos/498240998/medium.jpg,"Bayview Village, North York, ON, Canada",43.7803519328,-79.3893152642,104.0,Black-and-white Warbler
6892,2025-04-25,CC-BY-NC,https://inaturalist-open-data.s3.amazonaws.com/photos/493716749/medium.jpg,"High Park-Swansea, Toronto, ON, Canada",43.6523878039,-79.4601290197,167.0,Northern Cardinal
20570,2025-10-29,CC-BY-NC,https://inaturalist-open-data.s3.amazonaws.com/photos/586406932/medium.jpg,"Bayview Village, North York, ON, Canada",43.7800641027,-79.3735483502,548.0,Dark-eyed Junco
289,2025-01-08,CC-BY-NC,https://inaturalist-open-data.s3.amazonaws.com/photos/462517036/medium.jpg,"Cardiff Rd, Toronto, ON, CA",43.7129959,-79.3841547,39.0,Black-capped Chickadee
21177,2025-11-08,CC-BY-NC,https://inaturalist-open-data.s3.amazonaws.com/photos/589665724/medium.jpg,"Bayview Village, North York, ON, Canada",43.7818003336,-79.375748103,777.0,American Robin
21954,2025-11-23,,https://static.inaturalist.org/photos/594088777/medium.jpg,"High Park-Swansea, Toronto, ON, Canada",43.6446358641,-79.4687871076,31.0,Mute Swan
7745,2025-04-30,CC-BY-NC,https://inaturalist-open-data.s3.amazonaws.com/photos/497835961/medium.jpg,"Kingston Rd, Toronto, ON, CA",43.696314888,-79.255796384,63.0,White-crowned Sparrow
12255,2025-06-10,CC-BY-NC,https://inaturalist-open-data.s3.amazonaws.com/photos/518831666/medium.jpg,"Bayview Village, Toronto, ON, Canada",43.777636267,-79.3704431046,61.0,Song Sparrow
6327,2025-04-25,CC-BY-NC,https://inaturalist-open-data.s3.amazonaws.com/photos/491758824/medium.jpg,"Jane St, Toronto, ON, CA",43.7027666667,-79.5041283333,3.0,Feral Pigeon
20499,2025-10-28,,https://static.inaturalist.org/photos/585842869/medium.jpg,"Corktown Common, Toronto, ON, CA",43.6551466667,-79.352295,3.0,Black-capped Chickadee
22210,2025-04-07,CC-BY,https://inaturalist-open-data.s3.amazonaws.com/photos/595934870/medium.jpg,"South Riverdale, Toronto, ON, Canada",43.6408694065,-79.3219807287,146.0,Red-winged Blackbird
14599,2025-07-06,CC-BY-NC,https://inaturalist-open-data.s3.amazonaws.com/photos/542982163/medium.jpg,"Toronto, ON, Canada",43.7263512199,-79.214062695,30.0,Ring-billed Gull
23199,2025-12-26,CC-BY-NC,https://inaturalist-open-data.s3.amazonaws.com/photos/602750966/medium.jpg,"Woodcrest Dr, Toronto, ON, CA",43.6784963189,-79.5187491087,33.0,American Goldfinch
5641,2025-04-20,CC-BY-NC,https://inaturalist-open-data.s3.amazonaws.com/photos/489112015/medium.jpeg,"Leaside-Bennington, Toronto, ON, Canada",43.7198467716,-79.3546410859,2.0,Belted Kingfisher
11460,2025-06-01,,https://static.inaturalist.org/photos/514299693/medium.jpg,"Toronto, CA-ON, CA",43.6392788037,-79.3767068535,4.0,House Sparrow
605,2025-01-07,CC-BY-NC,https://inaturalist-open-data.s3.amazonaws.com/photos/463756825/medium.jpeg,"Colonel  Samuel Smith Park, Toronto, ON, Canada",43.5906511232,-79.5131823425,683.0,Gadwall
20250,2025-10-20,CC-BY-NC,https://inaturalist-open-data.s3.amazonaws.com/photos/583780079/medium.jpg,"Bayview Village, Toronto, ON, Canada",43.777636267,-79.3704431046,61.0,Red-bellied Woodpecker
22264,2025-11-29,,https://static.inaturalist.org/photos/596052626/medium.jpg,"Rock beach, Tommy Thompson Park, Toronto, ON, Canada",43.6250839883,-79.3251017308,619.0,Long-tailed Duck
13969,2025-06-29,CC-BY-NC,https://inaturalist-open-data.s3.amazonaws.com/photos/535797381/medium.jpg,"Milliken Park Trail, Toronto, ON, CA",43.8292040646,-79.2714601086,89.0,Great Blue Heron
10872,2025-05-24,CC-BY-NC,https://inaturalist-open-data.s3.amazonaws.com/photos/510674813/medium.jpg,"New Toronto, Etobicoke, ON, Canada",43.5950722247,-79.5129137515,66.0,Hairy Woodpecker
11728,2025-05-18,CC-BY-NC,https://inaturalist-open-data.s3.amazonaws.com/photos/515658216/medium.jpg,"Colonel Samuel Smith Park Dr, Toronto, ON, CA",43.5910033333,-79.5135283333,14.0,Tree Swallow
10826,2025-05-10,CC-BY-NC,https://inaturalist-open-data.s3.amazonaws.com/photos/510583633/medium.jpg,"Colonel  Samuel Smith Park, Toronto, ON, Canada",43.5906511232,-79.5131823425,683.0,Northern Yellow Warbler
73,2025-01-04,CC-BY-NC,https://inaturalist-open-data.s3.amazonaws.com/photos/461713881/medium.jpg,"Cardiff Rd, Toronto, ON, CA",43.7130381728,-79.3839815873,39.0,Dark-eyed Junco
10802,2025-05-25,,https://static.inaturalist.org/photos/510529679/medium.jpg,"Corktown Common, Toronto, ON, CA",43.6540916667,-79.3520283333,3.0,Black-throated Green Warbler
21695,2025-11-14,CC-BY-NC,https://inaturalist-open-data.s3.amazonaws.com/photos/592065959/medium.jpg,"Bayview Village, North York, ON, Canada",43.7814881163,-79.372166872,451.0,Fox Sparrow
13195,2025-06-25,CC-BY-NC,https://inaturalist-open-data.s3.amazonaws.com/photos/527357174/medium.jpg,"Rouge, Scarborough, ON, Canada",43.794142906,-79.1206002857,15.0,Trumpeter Swan
431,2025-01-09,CC-BY-NC,https://inaturalist-open-data.s3.amazonaws.com/photos/463244409/medium.jpeg,"Colonel  Samuel Smith Park, Toronto, ON, Canada",43.5906511232,-79.5131823425,683.0,Canada Goose
18464,2025-09-29,CC-BY,https://inaturalist-open-data.s3.amazonaws.com/photos/573878454/medium.jpg,"1527 Water, Peterborough, ON K9H 0E2, Canada",43.7244133116,-79.3321831897,38.0,Blue Jay
13576,2025-07-02,CC-BY-NC,https://inaturalist-open-data.s3.amazonaws.com/photos/531446576/medium.jpg,"Downtown Toronto, Toronto, ON, Canada",43.6370311772,-79.3932014587,31.0,Red-winged Blackbird
23379,2025-12-27,CC-BY-NC,https://inaturalist-open-data.s3.amazonaws.com/photos/603191685/medium.jpg,"Great Lakes Waterfront Tr, Toronto, ON, CA",43.6233833333,-79.4770366667,5.0,Hooded Merganser
20431,2025-10-27,CC-BY-NC,https://inaturalist-open-data.s3.amazonaws.com/photos/585621801/medium.jpg,"Bayview Village, Toronto, ON, Canada",43.777636267,-79.3704431046,61.0,Downy Woodpecker
8409,2025-05-04,CC-BY-NC,https://inaturalist-open-data.s3.amazonaws.com/photos/500082645/medium.jpeg,"South Riverdale, Toronto, ON, Canada",43.6287823425,-79.3250491332,15.0,Lesser Black-backed Gull
19152,2025-10-09,CC-BY-NC,https://inaturalist-open-data.s3.amazonaws.com/photos/578363444/medium.jpg,"Bayview Village, North York, ON, Canada",43.7816600598,-79.3726551217,833.0,Purple Finch
14974,2025-05-10,,https://static.inaturalist.org/photos/546964344/medium.jpg,"Dundas St W, Toronto, ON, CA",43.641505,-79.53588,32.0,Red-tailed Hawk
22871,2025-12-18,CC-BY-NC,https://inaturalist-open-data.s3.amazonaws.com/photos/600852245/medium.jpg,"Bayview Village, North York, ON, Canada",43.7813552056,-79.3845293138,564.0,Northern Cardinal
19229,2025-10-11,CC-BY-NC,https://inaturalist-open-data.s3.amazonaws.com/photos/579006842/medium.jpg,"Birch Cliff, Scarborough, ON, Canada",43.688684764,-79.2815656421,15.0,Fox Sparrow
3358,2025-03-12,CC-BY-NC,https://inaturalist-open-data.s3.amazonaws.com/photos/477315062/medium.jpeg,"Rouge, Scarborough, ON, Canada",43.8480632967,-79.1991177177,15.0,Pileated Woodpecker
21323,2025-11-11,CC-BY,https://inaturalist-open-data.s3.amazonaws.com/photos/590529231/medium.jpg,"High Park-Swansea, Toronto, ON, Canada",43.6413713252,-79.4630320278,18.0,Wood Duck
13256,2025-06-28,CC-BY-NC,https://inaturalist-open-data.s3.amazonaws.com/photos/528230957/medium.jpg,"The Beaches, Toronto, ON, Canada",43.664146635,-79.3113604,2.0,Mallard
20268,2025-10-24,CC-BY-NC,https://inaturalist-open-data.s3.amazonaws.com/photos/584073300/medium.jpg,"Woodbine Beach Dune Habitat, Toronto, ON, Canada",43.6614440466,-79.3071572671,8.0,Northern Harrier
20512,2025-10-28,CC-BY-NC,https://inaturalist-open-data.s3.amazonaws.com/photos/585941262/medium.jpg,"Bayview Village, North York, ON, Canada",43.7825085504,-79.3736762266,639.0,Red-winged Blackbird
20951,2025-11-03,CC-BY-NC,https://inaturalist-open-data.s3.amazonaws.com/photos/588098899/medium.jpg,"South Riverdale, Toronto, ON, Canada",43.6250196669,-79.3306995335,244.0,Barrow's Goldeneye
13231,2025-06-27,CC-BY-NC,https://inaturalist-open-data.s3.amazonaws.com/photos/527827267/medium.jpg,Toronto,43.6167793274,-79.3745880127,583.0,Wanderdrossel
3594,2025-03-12,CC-BY-NC,https://inaturalist-open-data.s3.amazonaws.com/photos/478248316/medium.jpeg,"North Riverdale, Toronto, ON, Canada",43.6751207908,-79.358058358,8.0,House Sparrow
10772,2025-05-25,CC-BY-NC,https://inaturalist-open-data.s3.amazonaws.com/photos/510446877/medium.jpg,"Toronto, ON, CA",43.6725808728,-79.2787492321,7.0,Cliff Swallow
6367,2025-04-25,,https://static.inaturalist.org/photos/491823802/medium.jpg,"Humber Arboretum, Toronto, ON, CA",43.7259572908,-79.6082963353,7.0,American Robin
5837,2025-04-22,CC0,https://inaturalist-open-data.s3.amazonaws.com/photos/489971166/medium.jpg,"Ontario, CA",43.733029394,-79.3845199915,193.0,Red-winged Blackbird
5385,2025-04-18,CC-BY-NC,https://inaturalist-open-data.s3.amazonaws.com/photos/488585864/medium.jpeg,"Leaside-Bennington, Toronto, ON, Canada",43.7199468955,-79.3546300303,8.0,Northern Cardinal
3624,2025-03-16,CC-BY-NC,https://inaturalist-open-data.s3.amazonaws.com/photos/478408292/medium.jpeg,"The Kingsway, Etobicoke, ON, Canada",43.6475447007,-79.5115449038,900.0,Cooper's Hawk
21396,2025-11-12,,https://static.inaturalist.org/photos/590767287/medium.jpg,"Parliament St, Toronto, ON, CA",43.6702983503,-79.368620256,876.0,Red-breasted Nuthatch
8789,2025-05-06,,https://static.inaturalist.org/photos/501226174/medium.jpg,"Corktown Common, Toronto, ON, CA",43.6544633333,-79.3525616667,12.0,Myrtle Warbler
23002,2025-12-20,CC-BY-NC,https://inaturalist-open-data.s3.amazonaws.com/photos/601602153/medium.jpg,"73 Cardiff Rd, North York, ON M4P 2P4, Canada",43.713027,-79.3841394,179.0,Black-capped Chickadee
3566,2025-03-18,CC-BY-NC,https://inaturalist-open-data.s3.amazonaws.com/photos/478075518/medium.jpg,"Bayview Village, North York, ON, Canada",43.7773889542,-79.3695096137,678.0,Mallard
2086,2025-02-18,CC-BY-NC,https://inaturalist-open-data.s3.amazonaws.com/photos/471675586/medium.jpg,"Bayview Village, Toronto, ON, Canada",43.777636267,-79.3704431046,61.0,Hairy Woodpecker
9032,2025-05-07,CC-BY-NC,https://inaturalist-open-data.s3.amazonaws.com/photos/501632487/medium.jpg,"Milliken Park Trail, Toronto, ON, CA",43.8289633725,-79.2715281059,74.0,Red-winged Blackbird
21621,2025-11-15,CC-BY,https://static.inaturalist.org/photos/591655544/medium.jpg,"Regional Municipality of Durham, ON, Canada",43.6273422072,-79.3276925012,204.0,American Wigeon
14881,2025-08-01,CC-BY-NC,https://inaturalist-open-data.s3.amazonaws.com/photos/546140725/medium.jpg,"Rouge, Scarborough, ON, Canada",43.7820668302,-79.1272864406,175.0,Spotted Sandpiper
22327,2025-12-03,CC-BY-NC,https://inaturalist-open-data.s3.amazonaws.com/photos/596995475/medium.jpg,"Ashbridges Bay Park, Toronto, ON, Canada",43.6613019403,-79.3105486102,4.0,Northern Harrier
10500,2025-05-23,CC-BY-NC,https://inaturalist-open-data.s3.amazonaws.com/photos/509241530/medium.jpg,"Woodbine Beach, Toronto, ON, Canada",43.6619511481,-79.3068229959,4.0,Lesser Black-backed Gull
9707,2025-05-06,CC-BY-NC,https://inaturalist-open-data.s3.amazonaws.com/photos/505028939/medium.jpg,"Colonel  Samuel Smith Park, Toronto, ON, Canada",43.5906511232,-79.5131823425,683.0,Blue-winged Teal
5217,2025-03-13,CC-BY-NC,https://inaturalist-open-data.s3.amazonaws.com/photos/487988179/medium.jpg,"Ontario, CA",43.6699990474,-79.3576207804,60.0,Mergus serrator
17995,2025-05-02,CC-BY-NC,https://inaturalist-open-data.s3.amazonaws.com/photos/571282502/medium.jpg,"King St W, Toronto, ON, CA",43.6478416667,-79.381395,39.0,Veery
23762,2025-10-01,CC-BY,https://inaturalist-open-data.s3.amazonaws.com/photos/608240719/medium.jpg,"South Riverdale, Toronto, ON, Canada",43.6556940615,-79.3102652384,29.0,Hermit Thrush
12399,2025-06-11,CC-BY-NC,https://inaturalist-open-data.s3.amazonaws.com/photos/519870945/medium.jpg,"Bayview Village, Toronto, ON, Canada",43.777636267,-79.3704431046,61.0,Song Sparrow
5743,2025-04-21,,https://static.inaturalist.org/photos/489442612/medium.jpg,"Corktown Common, Toronto, ON, CA",43.6541783333,-79.3530283333,7.0,White-throated Sparrow
17520,2025-09-12,CC-BY-NC,https://inaturalist-open-data.s3.amazonaws.com/photos/568416430/medium.jpg,"Bayview Village, Toronto, ON, Canada",43.777636267,-79.3704431046,61.0,Bay-breasted Warbler
22605,2025-11-28,CC0,https://inaturalist-open-data.s3.amazonaws.com/photos/598829757/medium.jpg,"Ontario, CA",43.6958733245,-79.3813199634,122.0,House Sparrow
10226,2025-05-15,CC-BY-NC,https://inaturalist-open-data.s3.amazonaws.com/photos/507685644/medium.jpg,"Colonel  Samuel Smith Park, Toronto, ON, Canada",43.5906511232,-79.5131823425,683.0,Tree Swallow
12011,2025-06-06,,https://static.inaturalist.org/photos/516821859/medium.jpg,"York, ON M6S 1W6, Canada",43.6477332065,-79.493726939,741.0,Red-winged Blackbird
8669,2025-04-26,CC-BY-NC,https://inaturalist-open-data.s3.amazonaws.com/photos/500780621/medium.jpeg,"Colonel  Samuel Smith Park, Toronto, ON, Canada",43.5906511232,-79.5131823425,683.0,Mallard
16182,2025-08-27,CC-BY-NC,https://inaturalist-open-data.s3.amazonaws.com/photos/558588336/medium.jpg,"Ashbridge's Bay Park, Toronto, ON, Canada",43.6598384874,-79.3055533052,2.0,Cape May Warbler
12485,2025-06-12,CC-BY-NC,https://inaturalist-open-data.s3.amazonaws.com/photos/520514364/medium.jpg,"Ontario, CA",43.7403702853,-79.5418334854,106.0,Red-bellied Woodpecker
21448,2025-11-12,CC-BY-NC,https://inaturalist-open-data.s3.amazonaws.com/photos/590875784/medium.jpg,"Rouge, Scarborough, ON, Canada",43.8081454258,-79.142895882,15.0,Hairy Woodpecker
11659,2025-06-03,CC-BY-NC,https://inaturalist-open-data.s3.amazonaws.com/photos/515403144/medium.jpg,"Bayview Village, North York, ON, Canada",43.7815932286,-79.3729093738,427.0,Ruby-throated Hummingbird
11787,2025-06-03,CC-BY-NC,https://inaturalist-open-data.s3.amazonaws.com/photos/515919805/medium.jpg,"North Riverdale, Toronto, ON, Canada",43.6749794892,-79.3472275697,8.0,Chipping Sparrow
20305,2025-10-25,,https://inaturalist-open-data.s3.amazonaws.com/photos/584442690/medium.jpg,"Scarborough City Centre, Scarborough, ON, Canada",43.7725833333,-79.2580027778,40.0,Dark-eyed Junco
22335,2025-11-28,CC-BY-NC-ND,https://inaturalist-open-data.s3.amazonaws.com/photos/597063792/medium.jpg,"Eireann Quay, Toronto, ON, CA",43.6344916667,-79.3959116667,5.0,Long-tailed Duck
620,2025-01-07,CC-BY-NC,https://inaturalist-open-data.s3.amazonaws.com/photos/463848315/medium.jpeg,"Colonel  Samuel Smith Park, Toronto, ON, Canada",43.5906511232,-79.5131823425,683.0,Gadwall
629,2025-01-07,CC-BY-NC,https://inaturalist-open-data.s3.amazonaws.com/photos/463859154/medium.jpeg,"Colonel  Samuel Smith Park, Toronto, ON, Canada",43.5906511232,-79.5131823425,683.0,Long-tailed Duck
14745,2025-05-29,,https://static.inaturalist.org/photos/544728700/medium.jpg,"Toronto, CA-ON, CA",43.6476134685,-79.5204566939,38.0,Mallard
14297,2025-07-20,CC-BY-NC,https://inaturalist-open-data.s3.amazonaws.com/photos/539580373/medium.jpg,"High Park Tr, Toronto, ON, CA",43.6465192974,-79.4698407538,22.0,Black-crowned Night Heron
14750,2025-07-15,CC-BY-NC,https://inaturalist-open-data.s3.amazonaws.com/photos/544747485/medium.jpg,"Rockcliffe-Smythe, York, ON, Canada",43.6693260352,-79.5112312529,182.0,Great Blue Heron
875,2025-01-19,CC-BY-NC,https://inaturalist-open-data.s3.amazonaws.com/photos/464859576/medium.jpeg,"Toronto, ON, Canada",43.664869822,-79.3013102934,101.0,Trumpeter Swan
16170,2025-08-27,,https://static.inaturalist.org/photos/558466732/medium.jpg,"Trolley Cres, Toronto, ON, CA",43.6566466667,-79.3555616667,15.0,Tennessee Warbler
20192,2025-10-22,,https://static.inaturalist.org/photos/583473134/medium.jpg,"Tommy Thompson Park, Toronto, ON, CA",43.6243062786,-79.3240206439,316.0,Myrtle Warbler
18643,2025-09-07,,https://static.inaturalist.org/photos/575176961/medium.jpg,"Toronto, ON, Canada",43.5917060198,-79.5102930807,15.0,Double-crested Cormorant
6921,2025-04-25,CC-BY-NC,https://inaturalist-open-data.s3.amazonaws.com/photos/493829530/medium.jpeg,"Rosetta McClain Gardens, 5 Glen Everest Rd, Scarborough, ON M1N 1J2, Canada",43.6968253,-79.2557466,193.0,American Robin
3367,2025-03-17,CC-BY-NC,https://inaturalist-open-data.s3.amazonaws.com/photos/477333068/medium.jpg,"Broadway Ave, Toronto, ON, CA",43.7129283105,-79.3845217237,39.0,Northern Cardinal
16914,2025-09-09,CC-BY-NC,https://inaturalist-open-data.s3.amazonaws.com/photos/564671333/medium.jpg,"Woodbine Beach Dune Ecosystem , Toronto, ON, Canada",43.6605801728,-79.3080480252,1.0,Common Yellowthroat
5478,2025-04-20,,https://static.inaturalist.org/photos/488926573/medium.jpg,"High Park-Swansea, Toronto, ON, Canada",43.641363773,-79.4648577866,15.0,Turkey Vulture
17098,2025-08-05,CC-BY-NC,https://inaturalist-open-data.s3.amazonaws.com/photos/565812840/medium.jpg,"North Creek Wetland Lookout, Colonel Samuel Smith Park Dr, Toronto, ON M8V 4B7, Canada",43.5927491,-79.512198,127.0,Barn Swallow
13537,2025-07-03,CC-BY-NC,https://inaturalist-open-data.s3.amazonaws.com/photos/531256986/medium.jpg,"Rouge, Scarborough, ON, Canada",43.8217889728,-79.1643128274,315.0,Brown-headed Cowbird
10379,2025-05-18,,https://static.inaturalist.org/photos/508315759/medium.jpg,"Lambton Woods, Toronto, ON, CA",43.6677951918,-79.5137009214,93.0,Great Crested Flycatcher
16706,2025-08-31,CC-BY,https://inaturalist-open-data.s3.amazonaws.com/photos/562693431/medium.jpg,"New Toronto, Etobicoke, ON, Canada",43.5930451372,-79.5134856376,599.0,Black-and-white Warbler
10988,2025-05-26,CC-BY-NC,https://inaturalist-open-data.s3.amazonaws.com/photos/511183322/medium.jpg,"Alamosa Park, 111 Alamosa Dr, Toronto, ON M2J 2N9, Canada",43.7815525,-79.369435,218.0,Red-winged Blackbird
5406,2025-04-19,CC-BY-NC,https://inaturalist-open-data.s3.amazonaws.com/photos/488710529/medium.jpg,"Tommy Thompson Park, Toronto, ON, CA",43.6458583333,-79.320755,7.0,Red-winged Blackbird
20954,2025-11-04,CC-BY-NC,https://inaturalist-open-data.s3.amazonaws.com/photos/588153783/medium.jpg,"Cardiff Rd, Toronto, ON, CA",43.7129959,-79.3839418182,39.0,Dark-eyed Junco
7586,2025-04-29,,https://static.inaturalist.org/photos/497028597/medium.jpg,"Corktown Common, Toronto, ON, CA",43.6541333333,-79.3528883333,11.0,White-throated Sparrow
6092,2025-04-22,,https://static.inaturalist.org/photos/491259325/medium.jpg,"High Park Tr, Toronto, ON, CA",43.64195,-79.4660633333,12.0,Red-winged Blackbird
18660,2025-09-23,,https://static.inaturalist.org/photos/575289839/medium.jpg,"Corktown Common, Toronto, ON, CA",43.6545216667,-79.3527616667,74.0,Chestnut-sided Warbler
813,2025-01-17,,https://static.inaturalist.org/photos/464545212/medium.jpeg,"Toronto, ON M4M 3M9, Canada",43.6518791799,-79.3237097561,77.0,Red-tailed Hawk
19104,2025-10-09,,https://static.inaturalist.org/photos/578225346/medium.jpg,"Corktown Common, Toronto, ON, CA",43.65422,-79.352805,10.0,Eastern Phoebe
8287,2025-04-26,CC-BY-NC,https://inaturalist-open-data.s3.amazonaws.com/photos/499696857/medium.jpg,"Hazukido, Toronto, ON, CA",43.6481883333,-79.3828716667,14.0,House Sparrow
14741,2025-07-27,,https://static.inaturalist.org/photos/544672315/medium.jpg,"Toronto Music Garden, Toronto, ON, CA",43.6369633333,-79.3950366667,3.0,Northern Cardinal
20389,2025-10-24,CC-BY-NC,https://inaturalist-open-data.s3.amazonaws.com/photos/585228917/medium.jpg,"Bayview Village, Toronto, ON, Canada",43.777636267,-79.3704431046,61.0,Hairy Woodpecker
21547,2025-11-13,CC-BY-NC,https://inaturalist-open-data.s3.amazonaws.com/photos/591313739/medium.jpg,"Bayview Village, North York, ON, Canada",43.7820227937,-79.3747671207,685.0,Downy Woodpecker
5718,2025-04-20,CC-BY-NC,https://inaturalist-open-data.s3.amazonaws.com/photos/489392265/medium.jpg,"Bayview Village, North York, ON, Canada",43.7798059929,-79.3691656255,364.0,Song Sparrow
10347,2025-05-17,,https://static.inaturalist.org/photos/508238851/medium.jpg,"South Riverdale, Toronto, ON, Canada",43.6567645892,-79.3052819885,31.0,Blackpoll Warbler
2990,2025-03-11,CC-BY-NC,https://inaturalist-open-data.s3.amazonaws.com/photos/475812180/medium.jpeg,"Toronto, ON M4M 3M9, Canada",43.6456591683,-79.3204668816,19.0,Cliff Swallow
3597,2025-03-16,CC0,https://inaturalist-open-data.s3.amazonaws.com/photos/478305062/medium.jpg,"High Park, Toronto, ON, CA",43.6462083333,-79.4658283333,3.0,Downy Woodpecker
8571,2025-05-05,CC-BY-NC,https://inaturalist-open-data.s3.amazonaws.com/photos/500687986/medium.jpeg,"High Park-Swansea, Toronto, ON, Canada",43.6519821096,-79.4640336228,75.0,Chipping Sparrow
6923,2025-04-25,CC-BY-NC,https://inaturalist-open-data.s3.amazonaws.com/photos/493829665/medium.jpeg,"Rosetta McClain Gardens, 5 Glen Everest Rd, Scarborough, ON M1N 1J2, Canada",43.6968253,-79.2557466,193.0,White-breasted Nuthatch
1884,2025-02-16,CC-BY-NC,https://inaturalist-open-data.s3.amazonaws.com/photos/470605678/medium.jpg,"Cardiff Rd, Toronto, ON, CA",43.7130364819,-79.3840073203,39.0,Northern Cardinal
6598,2025-04-25,CC-BY-NC,https://inaturalist-open-data.s3.amazonaws.com/photos/492070754/medium.jpeg,"Colonel  Samuel Smith Park, Toronto, ON, Canada",43.5906511232,-79.5131823425,683.0,American Robin
18040,2025-09-23,CC-BY-NC,https://inaturalist-open-data.s3.amazonaws.com/photos/571679316/medium.jpg,"St Lawrence-East Bayfront-The Islands, Toronto, ON, Canada",43.6425158274,-79.3673493991,31.0,Canada Goose
7309,2025-04-28,,https://static.inaturalist.org/photos/496009578/medium.jpg,"Trolley Cres, Toronto, ON, CA",43.6568333333,-79.354845,14.0,Brown Creeper
12449,2025-06-12,CC-BY-NC,https://inaturalist-open-data.s3.amazonaws.com/photos/520082290/medium.jpg,"Bendale-Glen Andrew, Scarborough, ON M1P, Canada",43.7591962832,-79.2537261245,187.0,Red-tailed Hawk
1159,2025-01-30,CC-BY-NC,https://inaturalist-open-data.s3.amazonaws.com/photos/467048880/medium.jpg,"Cardiff Rd, Toronto, ON, CA",43.7130128091,-79.3839886054,39.0,Northern Cardinal
21126,2025-11-08,CC-BY-NC,https://inaturalist-open-data.s3.amazonaws.com/photos/589499615/medium.jpg,"Rouge National Urban Park, Rouge Beach and Marsh, 195 Rouge Hills Dr, Scarborough, ON M1C 2Z1, Canada",43.789969,-79.1216979,185.0,Canada Goose
11349,2025-05-29,,https://static.inaturalist.org/photos/513422932/medium.jpg,"Etobicoke West Mall, Etobicoke, ON M9C, Canada",43.6424166667,-79.5652611111,5.0,Killdeer
2171,2025-02-23,,https://static.inaturalist.org/photos/472116652/medium.jpg,"South Riverdale, Toronto, ON, Canada",43.6256467807,-79.3312673665,122.0,American Black Duck
22357,2025-12-04,CC-BY-NC,https://inaturalist-open-data.s3.amazonaws.com/photos/597374106/medium.jpg,"The Kingsway, Etobicoke, ON, Canada",43.6474981197,-79.5117380222,980.0,Dark-eyed Junco
4147,2025-04-03,CC-BY-NC,,"York University, Toronto, ON, CA",43.7714424678,-79.5067705012,6.0,Song Sparrow
22794,2025-12-08,,https://static.inaturalist.org/photos/600355537/medium.jpg,"Downsview Park, 70 Canuck Ave, North York, ON M3K 2C5, Canada",43.7439594,-79.4841427,186.0,Northern Saw-whet Owl
17783,2025-09-18,CC-BY-NC,,"Scarborough, ON M1C 1A4, Canada",43.7812371996,-79.1860631481,104.0,Carolina Wren
6572,2025-04-25,CC-BY-NC,https://inaturalist-open-data.s3.amazonaws.com/photos/491999002/medium.jpeg,"Colonel  Samuel Smith Park, Toronto, ON, Canada",43.5906511232,-79.5131823425,683.0,Northern Cardinal
9985,2025-05-12,CC-BY-NC,https://inaturalist-open-data.s3.amazonaws.com/photos/506321415/medium.jpg,"Colonel  Samuel Smith Park, Toronto, ON, Canada",43.5906511232,-79.5131823425,683.0,Great Blue Heron
16650,2025-08-30,CC0,https://inaturalist-open-data.s3.amazonaws.com/photos/562112312/medium.jpg,"Ontario, CA",43.9074541609,-79.0894252731,778.0,Cedar Waxwing
5999,2025-04-20,CC-BY-NC,https://inaturalist-open-data.s3.amazonaws.com/photos/490569013/medium.jpg,"Ontario, CA",43.6158784437,-79.767869532,815.0,Red-tailed Hawk
21984,2025-11-23,CC-BY-NC,https://inaturalist-open-data.s3.amazonaws.com/photos/594159411/medium.jpg,"Rouge, Scarborough, ON, Canada",43.8295814112,-79.1884827583,488.0,Bufflehead
16530,2025-09-01,CC-BY-NC,https://inaturalist-open-data.s3.amazonaws.com/photos/561220100/medium.jpg,"Bayview Village, Toronto, ON, Canada",43.777636267,-79.3704431046,61.0,Mallard
19323,2025-10-09,CC-BY-NC,https://inaturalist-open-data.s3.amazonaws.com/photos/579519559/medium.jpg,"Bayview Village, North York, ON, Canada",43.7817893124,-79.3731713596,491.0,Pine Siskin
23568,2025-12-31,CC-BY-NC,https://inaturalist-open-data.s3.amazonaws.com/photos/604294461/medium.jpg,"Bayview Village, North York, ON, Canada",43.7814001922,-79.3861671415,536.0,Red-tailed Hawk
12872,2025-06-20,CC-BY-NC,https://inaturalist-open-data.s3.amazonaws.com/photos/524102307/medium.jpg,"The Beaches, Toronto, ON, Canada",43.6634924218,-79.3116731395,1.0,Black-crowned Night Heron
7895,2025-04-28,CC-BY-NC,https://inaturalist-open-data.s3.amazonaws.com/photos/498497293/medium.jpeg,"Colonel  Samuel Smith Park, Toronto, ON, Canada",43.5906511232,-79.5131823425,683.0,Red-winged Blackbird
14504,2025-07-14,CC-BY-NC,https://inaturalist-open-data.s3.amazonaws.com/photos/542353440/medium.jpg,"High Park-Swansea, Toronto, ON, Canada",43.6422020069,-79.4662856215,488.0,Black-crowned Night Heron
18518,2025-08-29,,https://static.inaturalist.org/photos/574405100/medium.jpg,"East Point Park, Toronto, ON, CA",43.7583783333,-79.16075,4.0,Turkey Vulture
3834,2025-03-26,CC-BY-NC,https://inaturalist-open-data.s3.amazonaws.com/photos/479934888/medium.jpg,"Smythe Park, Toronto, ON, CA",43.6734534204,-79.5032303536,59.0,Hairy Woodpecker
5448,2025-04-20,CC-BY-NC,https://inaturalist-open-data.s3.amazonaws.com/photos/488858697/medium.jpg,"Bayview Village, North York, ON, Canada",43.7821846827,-79.3745189062,657.0,Red-winged Blackbird
5285,2025-04-18,CC-BY-NC,https://inaturalist-open-data.s3.amazonaws.com/photos/488214915/medium.jpg,"Bayview Village, North York, ON, Canada",43.7817699617,-79.3725213073,422.0,Yellow-bellied Sapsucker
10947,2025-05-26,CC-BY-NC,,"Toronto, CA-ON, CA",43.6704951717,-79.3677362055,4.0,Red-eyed Vireo
2845,2025-03-07,,https://static.inaturalist.org/photos/475409962/medium.jpeg,"Toronto, ON, Canada",43.636472607,-79.3185077197,488.0,Common Goldeneye
7223,2025-04-23,CC-BY,https://inaturalist-open-data.s3.amazonaws.com/photos/495313431/medium.jpeg,"Toronto, CA-ON, CA",43.7573547363,-79.2643814087,57.0,Canada Goose
5635,2025-04-18,CC-BY-NC,https://inaturalist-open-data.s3.amazonaws.com/photos/489104733/medium.jpeg,"Colonel  Samuel Smith Park, Toronto, ON, Canada",43.5906511232,-79.5131823425,683.0,Mute Swan
3908,2025-03-21,CC-BY-NC,https://inaturalist-open-data.s3.amazonaws.com/photos/480552874/medium.jpg,"Lake Ontario, Toronto, ON, CA",43.6576619595,-79.3077668297,314.0,Gadwall
19163,2025-10-09,CC-BY-NC,https://inaturalist-open-data.s3.amazonaws.com/photos/578408019/medium.jpg,"Toronto, ON M4T 1B4, Canada",43.6852315971,-79.3856604025,43.0,Red-tailed Hawk
7651,2025-04-28,CC-BY-NC,https://inaturalist-open-data.s3.amazonaws.com/photos/497444050/medium.jpeg,"Colonel  Samuel Smith Park, Toronto, ON, Canada",43.5906511232,-79.5131823425,683.0,Common Grackle
7302,2025-04-28,CC-BY-NC,https://inaturalist-open-data.s3.amazonaws.com/photos/496003389/medium.jpg,"North Bendale, Scarborough, ON M1H, Canada",43.769394181,-79.2449967741,472.0,American Goldfinch
9571,2025-05-12,CC-BY-NC,https://inaturalist-open-data.s3.amazonaws.com/photos/504151360/medium.jpeg,"4001 Leslie St, North York, ON M2K 1E1, Canada",43.7689252,-79.3631408,194.0,Northern Cardinal
21171,2025-11-04,CC-BY-NC,https://inaturalist-open-data.s3.amazonaws.com/photos/589665567/medium.jpg,"Bayview Village, North York, ON, Canada",43.7818003336,-79.375748103,777.0,Red-breasted Nuthatch
20902,2025-10-18,CC0,https://inaturalist-open-data.s3.amazonaws.com/photos/588000856/medium.jpg,"Ontario, CA",43.6367340308,-79.1436883564,187.0,Black-capped Chickadee
23507,2025-12-29,CC-BY-NC,https://inaturalist-open-data.s3.amazonaws.com/photos/604036061/medium.jpg,"Bayview Village, Toronto, ON, Canada",43.777636267,-79.3704431046,61.0,Dark-eyed Junco
9892,2025-05-09,CC-BY-NC,https://inaturalist-open-data.s3.amazonaws.com/photos/505874563/medium.jpg,"Humber Bay Park West, 2225 Lake Shore Blvd W, Etobicoke, ON M8V 3X7, Canada",43.6164742,-79.479417,491.0,Mute Swan
21950,2025-11-23,,https://static.inaturalist.org/photos/594088741/medium.jpg,"High Park-Swansea, Toronto, ON, Canada",43.6448787194,-79.4692140168,15.0,Common Merganser
14557,2025-07-26,CC-BY-NC,https://inaturalist-open-data.s3.amazonaws.com/photos/542755244/medium.jpg,"Toronto, ON M5J 2T5, Canada",43.6395766667,-79.3783683333,8.0,Mute Swan
1183,2025-01-31,CC-BY-NC,https://inaturalist-open-data.s3.amazonaws.com/photos/467185315/medium.jpg,"Bayview Village, Toronto, ON, Canada",43.777636267,-79.3704431046,61.0,Mallard
16869,2025-09-07,CC-BY-NC,https://inaturalist-open-data.s3.amazonaws.com/photos/563884903/medium.jpg,"South Riverdale, Toronto, ON, Canada",43.6433521991,-79.3214096947,4.0,Magnolia Warbler
21574,2025-11-14,,https://static.inaturalist.org/photos/591359598/medium.jpg,"Wellesley St W, Toronto, ON, CA",43.66515,-79.3923033333,5.0,Dark-eyed Junco
2690,2025-03-04,CC-BY,https://inaturalist-open-data.s3.amazonaws.com/photos/474245536/medium.jpeg,"Downtown Toronto, Toronto, ON, Canada",43.6419583664,-79.3866834326,2.0,Feral Pigeon
20274,2025-10-24,,https://static.inaturalist.org/photos/584143617/medium.jpg,"Corktown Common, Toronto, ON, CA",43.65443,-79.3525616667,7.0,Hermit Thrush
14817,2025-07-30,CC-BY-NC,https://inaturalist-open-data.s3.amazonaws.com/photos/545222391/medium.jpg,"North York General Hospital, Toronto, ON, CA",43.7684268266,-79.3615818919,53.0,House Sparrow
9086,2025-05-07,CC-BY-NC,https://inaturalist-open-data.s3.amazonaws.com/photos/501964590/medium.jpg,"Ashbridge's Bay Park, Toronto, ON, Canada",43.6590960609,-79.3104072289,4.0,Red-eyed Vireo
20034,2025-07-20,,https://static.inaturalist.org/photos/582734651/medium.jpg,"Sunnybrook Park, 1132 Leslie St, Ontario, Canada",43.7243208,-79.3579026,195.0,Downy Woodpecker
15008,2025-08-03,CC-BY-NC,https://inaturalist-open-data.s3.amazonaws.com/photos/547232456/medium.jpg,"Bayview Village, Toronto, ON, Canada",43.777636267,-79.3704431046,61.0,Red-tailed Hawk
13934,2025-07-09,CC-BY-NC,https://inaturalist-open-data.s3.amazonaws.com/photos/535306878/medium.jpg,"Bayview Village, North York, ON, Canada",43.7783581754,-79.3698270572,416.0,Cedar Waxwing
22149,2025-11-27,,https://static.inaturalist.org/photos/595400038/medium.jpg,"Tommy Thompson Park, Toronto, ON, CA",43.6521022315,-79.3227922351,25.0,Northern Cardinal
15358,2025-06-25,CC-BY-NC,https://inaturalist-open-data.s3.amazonaws.com/photos/550035147/medium.jpg,"Centennial Park, Etobicoke, ON, Canada",43.6472785938,-79.5956116206,8.0,Least Bittern
9700,2025-05-06,CC-BY-NC,https://inaturalist-open-data.s3.amazonaws.com/photos/505016470/medium.jpg,"Colonel  Samuel Smith Park, Toronto, ON, Canada",43.5906511232,-79.5131823425,683.0,Canada Goose
23844,2025-04-18,CC-BY-NC,https://inaturalist-open-data.s3.amazonaws.com/photos/610885426/medium.jpg,"Toronto, CA-ON, CA",43.6247738026,-79.3279181157,122.0,Common Loon
10248,2025-05-15,CC-BY-NC,https://inaturalist-open-data.s3.amazonaws.com/photos/507688326/medium.jpg,"Colonel  Samuel Smith Park, Toronto, ON, Canada",43.5906511232,-79.5131823425,683.0,Mallard
14613,2025-07-24,,https://static.inaturalist.org/photos/543123650/medium.jpg,"Toronto, ON, Canada",43.6317413042,-79.4000278382,193.0,Ring-billed Gull
1324,2025-01-30,CC-BY-NC-ND,https://inaturalist-open-data.s3.amazonaws.com/photos/467641621/medium.jpeg,"Colonel Samuel Smith Park, 3145 Lake Shore Blvd W, Etobicoke, ON M8V 4B6, Canada",43.591398,-79.5133857,198.0,Red-breasted Merganser
19670,2025-10-16,CC-BY-NC,https://inaturalist-open-data.s3.amazonaws.com/photos/582068582/medium.jpg,"Bay St, Toronto, ON, CA",43.648497616,-79.379685782,24.0,House Sparrow
14774,2025-07-28,CC-BY-NC,https://inaturalist-open-data.s3.amazonaws.com/photos/545105901/medium.jpg,"Toronto, ON M4L 3W6, Canada",43.6625285802,-79.3142583221,6.0,Northern Flicker
7276,2025-04-28,CC-BY-NC,https://inaturalist-open-data.s3.amazonaws.com/photos/495942402/medium.jpeg,"High Park-Swansea, Toronto, ON, Canada",43.6518347502,-79.4637197675,55.0,Chipping Sparrow
21164,2025-11-04,CC-BY-NC,https://inaturalist-open-data.s3.amazonaws.com/photos/589665471/medium.jpg,"Bayview Village, North York, ON, Canada",43.7818003336,-79.375748103,777.0,Northern Cardinal
2774,2025-03-08,CC-BY-NC,https://inaturalist-open-data.s3.amazonaws.com/photos/475018189/medium.jpeg,"Toronto, ON, Canada",43.6649397145,-79.299596681,15.0,Harlequin Duck
22306,2025-12-01,,https://static.inaturalist.org/photos/596529215/medium.jpg,"Corktown Common, Toronto, ON, CA",43.6541216667,-79.352905,4.0,White-throated Sparrow
20768,2025-11-01,CC-BY-NC,https://inaturalist-open-data.s3.amazonaws.com/photos/587314259/medium.jpg,"Bayview Village, North York, ON, Canada",43.7822054026,-79.3746207306,699.0,Mallard
17751,2025-09-20,CC-BY-NC,https://inaturalist-open-data.s3.amazonaws.com/photos/569752201/medium.jpg,"West Hill, Scarborough, ON, Canada",43.7702779894,-79.149297124,409.0,Downy Woodpecker
17292,2025-09-14,CC-BY-NC,,"Arlington Ave, Toronto, ON, CA",43.6943320126,-79.4339286286,9.0,Eastern Screech-Owl
11187,2025-05-29,CC-BY-NC,https://inaturalist-open-data.s3.amazonaws.com/photos/512426764/medium.jpg,"Woodbine Beach Dune Habitat, Toronto, ON, Canada",43.66150559,-79.306717665,4.0,Hudsonian Whimbrel
7768,2025-05-01,CC-BY-NC,https://inaturalist-open-data.s3.amazonaws.com/photos/498014760/medium.jpeg,"South Riverdale, Toronto, ON, Canada",43.6732384335,-79.3312086982,15.0,Cape May Warbler
10385,2025-05-14,CC-BY-NC,https://inaturalist-open-data.s3.amazonaws.com/photos/508346086/medium.jpg,"Bayview Village, North York, ON, Canada",43.7790595594,-79.3699638659,317.0,Downy Woodpecker
13120,2025-06-25,CC-BY,https://inaturalist-open-data.s3.amazonaws.com/photos/526896818/medium.jpg,"High Park-Swansea, Toronto, ON, Canada",43.64443128,-79.46834621,25.0,American Robin
366,2025-01-07,CC-BY-NC,https://inaturalist-open-data.s3.amazonaws.com/photos/462636541/medium.jpeg,"Colonel  Samuel Smith Park, Toronto, ON, Canada",43.5906511232,-79.5131823425,683.0,Mallard
19510,2025-10-14,CC-BY-NC,https://inaturalist-open-data.s3.amazonaws.com/photos/580159901/medium.jpg,"North York General Hospital, Toronto, ON, CA",43.7685751834,-79.3612375179,12.0,White-throated Sparrow
5673,2025-04-20,CC-BY,https://inaturalist-open-data.s3.amazonaws.com/photos/489134962/medium.jpg,"New Toronto, Etobicoke, ON, Canada",43.5934046157,-79.5118541108,2.0,American Bittern
17249,2025-09-08,CC-BY,https://inaturalist-open-data.s3.amazonaws.com/photos/566978499/medium.jpg,"Scarborough, ON M1P 3P5, Canada",43.7629911911,-79.2681954056,384.0,Nashville Warbler
16951,2025-09-01,CC-BY,https://static.inaturalist.org/photos/564816856/medium.jpg,"Broadview North, East York, ON, Canada",43.6942213318,-79.3609697028,47.0,Hairy Woodpecker
230,2025-01-03,CC-BY-NC,https://inaturalist-open-data.s3.amazonaws.com/photos/462258403/medium.jpeg,"Colonel  Samuel Smith Park, Toronto, ON, Canada",43.5906511232,-79.5131823425,683.0,Long-tailed Duck
18044,2025-09-23,CC-BY-NC,https://inaturalist-open-data.s3.amazonaws.com/photos/571680877/medium.jpg,"Downtown Toronto, Toronto, ON, Canada",43.6456970753,-79.3602263655,15.0,Ring-billed Gull
23599,2025-12-31,,https://static.inaturalist.org/photos/604321110/medium.jpg,"Lake Ontario, Toronto, ON, CA",43.6339735102,-79.3222478128,49.0,Trumpeter Swan
17585,2025-09-14,CC-BY-NC,https://inaturalist-open-data.s3.amazonaws.com/photos/568821826/medium.jpg,"Bayview Village, North York, ON, Canada",43.7815949405,-79.3728377459,539.0,Magnolia Warbler
15122,2025-08-04,CC-BY-NC,https://inaturalist-open-data.s3.amazonaws.com/photos/548209683/medium.jpg,"Bayview Village, North York, ON, Canada",43.7789996403,-79.3713013649,599.0,Double-crested Cormorant
17362,2025-09-12,CC-BY-NC,https://inaturalist-open-data.s3.amazonaws.com/photos/567372602/medium.jpg,"Colonel  Samuel Smith Park, Toronto, ON, Canada",43.5906511232,-79.5131823425,683.0,Eastern Phoebe
19238,2025-10-11,CC-BY-NC,https://inaturalist-open-data.s3.amazonaws.com/photos/579039425/medium.jpg,"Toronto, CA-ON, CA",43.6671866667,-79.3895633333,23.0,House Sparrow
17385,2025-09-15,CC-BY-NC,https://inaturalist-open-data.s3.amazonaws.com/photos/567387961/medium.jpg,"Ashbridge's Bay Park, Toronto, ON, Canada",43.656016035,-79.310379626,2.0,Northern Cardinal
23747,2025-12-05,CC-BY-NC,https://inaturalist-open-data.s3.amazonaws.com/photos/607853467/medium.jpg,"MM4R+52, Toronto, ON M4L 3W6, Canada",43.6556714397,-79.311103709,10.0,Downy Woodpecker
18935,2025-10-06,CC-BY-NC,https://inaturalist-open-data.s3.amazonaws.com/photos/577401115/medium.jpg,"Bayview Village, Toronto, ON, Canada",43.777636267,-79.3704431046,61.0,Blue Jay
19587,2025-10-14,CC-BY-NC,https://inaturalist-open-data.s3.amazonaws.com/photos/580390313/medium.jpg,"Bayview Village, Toronto, ON, Canada",43.777636267,-79.3704431046,61.0,Common Grackle
12637,2025-06-16,CC-BY-NC,https://inaturalist-open-data.s3.amazonaws.com/photos/522097328/medium.jpg,"High Park, Toronto, ON, CA",43.6436414117,-79.4602402439,937.0,Red-winged Blackbird
14101,2025-07-15,CC-BY-NC,https://inaturalist-open-data.s3.amazonaws.com/photos/537237103/medium.jpg,"Bloor St w at Brock Ave, Toronto, ON M6H, Canada",43.6590870096,-79.4391473383,185.0,Northern Cardinal
3643,2025-03-21,,https://static.inaturalist.org/photos/478430959/medium.jpeg,"Toronto, ON M6S 2W5, Canada",43.6438926493,-79.4675599784,43.0,Red-winged Blackbird
15812,2025-08-02,CC-BY-NC,https://inaturalist-open-data.s3.amazonaws.com/photos/554489492/medium.jpg,"The Kingsway, Etobicoke, ON, Canada",43.6548149766,-79.502811206,6.0,Common Merganser
7075,2025-04-25,CC-BY-NC,https://inaturalist-open-data.s3.amazonaws.com/photos/494486545/medium.jpeg,Don Valley - Beechwood Trails - Cottonwood Flats,43.6915729645,-79.3569414013,712.0,Downy Woodpecker
15301,2025-04-29,CC-BY-NC,https://inaturalist-open-data.s3.amazonaws.com/photos/549988082/medium.jpg,"Centre Island, Toronto, ON, Canada",43.6219479677,-79.3920931504,15.0,Vesper Sparrow
18562,2025-10-01,CC-BY-NC,https://inaturalist-open-data.s3.amazonaws.com/photos/574863178/medium.jpg,"717 Eglinton Ave W, Toronto, ON M5N 1C9, Canada",43.7015294,-79.4219042,198.0,Yellow-bellied Sapsucker
19201,2025-10-10,CC-BY-NC,https://inaturalist-open-data.s3.amazonaws.com/photos/578638403/medium.jpg,"Bayview Village, Toronto, ON, Canada",43.777636267,-79.3704431046,61.0,Blue-headed Vireo
21225,2025-11-09,CC-BY-NC,https://inaturalist-open-data.s3.amazonaws.com/photos/589859777/medium.jpg,"Humber Bay, Toronto, ON, CA",43.6320616667,-79.4710616667,15.0,Long-tailed Duck
10476,2025-05-15,CC-BY-NC,https://inaturalist-open-data.s3.amazonaws.com/photos/509031943/medium.jpg,"Colonel  Samuel Smith Park, Toronto, ON, Canada",43.5906511232,-79.5131823425,683.0,White-throated Sparrow
4908,2025-04-14,CC-BY-NC,https://inaturalist-open-data.s3.amazonaws.com/photos/486474726/medium.jpg,"Bayview Village, North York, ON, Canada",43.7803055758,-79.3893452682,94.0,House Sparrow
22809,2025-12-13,CC-BY-NC,https://inaturalist-open-data.s3.amazonaws.com/photos/600513875/medium.jpg,"Rouge, Scarborough, ON, Canada",43.8275787359,-79.1593145877,35.0,American Goldfinch
9267,2025-05-10,,https://static.inaturalist.org/photos/502833028/medium.jpeg,"Toronto, CA-ON, CA",43.7055377465,-79.2362006754,4.0,Red-winged Blackbird
11124,2025-05-28,CC-BY-NC,https://inaturalist-open-data.s3.amazonaws.com/photos/511975949/medium.jpg,"Bayview Village, Toronto, ON, Canada",43.777636267,-79.3704431046,61.0,Baltimore Oriole
4606,2025-03-20,CC-BY,https://inaturalist-open-data.s3.amazonaws.com/photos/485245941/medium.png,"South Riverdale, Toronto, ON, Canada",43.6568932846,-79.3071153312,52.0,Killdeer
17852,2025-09-21,CC-BY-NC,https://inaturalist-open-data.s3.amazonaws.com/photos/570201449/medium.jpg,"HFVP+MC, Toronto, ON M8V 4B6, Canada",43.5933821403,-79.5121627674,85.0,Cooper's Hawk
15570,2025-08-14,CC-BY,https://inaturalist-open-data.s3.amazonaws.com/photos/552525324/medium.jpg,"East Danforth, Toronto, ON, Canada",43.6790577484,-79.3228106162,4.0,Chimney Swift
7803,2025-04-30,CC-BY-NC,https://inaturalist-open-data.s3.amazonaws.com/photos/498116710/medium.jpg,"Bayview Village, Toronto, ON, Canada",43.777636267,-79.3704431046,61.0,Mallard
15428,2025-08-11,,https://static.inaturalist.org/photos/550909660/medium.jpg,"Ontario, CA",43.9185162536,-79.3258997159,20.0,Peregrine Falcon
152,2025-01-05,CC-BY,https://inaturalist-open-data.s3.amazonaws.com/photos/461985773/medium.jpg,"Mimico-Queensway, Etobicoke, ON, Canada",43.6074924316,-79.4880737726,2.0,Ring-billed Gull
19841,2025-09-13,CC-BY,https://inaturalist-open-data.s3.amazonaws.com/photos/581670221/medium.jpg,"Bendale-Glen Andrew, Scarborough, ON M1P, Canada",43.7600894787,-79.2537966747,36.0,American Redstart
17929,2025-09-22,,https://static.inaturalist.org/photos/570790485/medium.jpg,"Corktown Common, Toronto, ON, CA",43.6541883333,-79.353005,5.0,Rose-breasted Grosbeak
456,2025-01-09,CC-BY-NC,https://inaturalist-open-data.s3.amazonaws.com/photos/463259954/medium.jpeg,"Colonel  Samuel Smith Park, Toronto, ON, Canada",43.5906511232,-79.5131823425,683.0,Mallard
8286,2025-04-28,CC-BY-NC,https://inaturalist-open-data.s3.amazonaws.com/photos/499693539/medium.jpeg,"Colonel  Samuel Smith Park, Toronto, ON, Canada",43.5906511232,-79.5131823425,683.0,Long-tailed Duck
21813,2025-11-12,CC-BY-NC,https://inaturalist-open-data.s3.amazonaws.com/photos/592917959/medium.jpg,"Rouge Beach, Scarborough, ON, Canada",43.7944049,-79.1177828677,50.0,Common Goldeneye
9467,2025-05-11,CC-BY-NC,https://inaturalist-open-data.s3.amazonaws.com/photos/503616304/medium.jpg,"Balmy Beach Park, Toronto, ON, CA",43.6675716667,-79.2925633333,4.0,Franklin's Gull
7630,2025-04-30,CC-BY-NC,,"North York, ON M2M 4B2, Canada",43.80034379,-79.38075107,9.0,Song Sparrow
19180,2025-10-10,CC-BY-NC,https://inaturalist-open-data.s3.amazonaws.com/photos/578553350/medium.jpg,"Bathurst St, Toronto, ON, CA",43.7918366667,-79.445525,15.0,Rock Pigeon
7085,2025-04-26,CC-BY-NC,https://inaturalist-open-data.s3.amazonaws.com/photos/494509391/medium.jpeg,"Bridle Path-Sunnybrook-York Mills, Toronto, ON, Canada",43.7219125559,-79.3521821992,30.0,Mallard
13960,2025-07-06,CC-BY-NC,https://inaturalist-open-data.s3.amazonaws.com/photos/535622364/medium.jpg,"Riverside Cres, Toronto, ON, CA",43.6410270772,-79.485442237,188.0,Red-necked Grebe
8820,2025-04-27,CC-BY-NC,https://inaturalist-open-data.s3.amazonaws.com/photos/501245687/medium.jpeg,"Colonel  Samuel Smith Park, Toronto, ON, Canada",43.5906511232,-79.5131823425,683.0,Red-winged Blackbird
21606,2025-11-15,CC-BY-NC,https://inaturalist-open-data.s3.amazonaws.com/photos/591646067/medium.jpg,"Scarborough, ON L1V 6S4, Canada",43.8141039702,-79.153704308,194.0,Hairy Woodpecker
19288,2025-10-12,CC-BY-NC,https://inaturalist-open-data.s3.amazonaws.com/photos/579434289/medium.jpg,"Etobicoke, ON M8X 0B2, Canada",43.66227061,-79.51173902,8.0,Great Egret
12362,2025-05-31,CC-BY-NC-ND,https://inaturalist-open-data.s3.amazonaws.com/photos/519444431/medium.jpg,"Toronto, ON, Canada",43.6362771099,-79.4582939472,15.0,Laughing Gull
12559,2025-05-24,,https://static.inaturalist.org/photos/521145531/medium.jpg,"Crothers Woods, Crothers Woods Trail, East York, ON M4H 1P6, Canada",43.6970372,-79.3590117,204.0,Grey Catbird
8693,2025-04-26,CC-BY-NC,https://inaturalist-open-data.s3.amazonaws.com/photos/500795694/medium.jpeg,"Colonel  Samuel Smith Park, Toronto, ON, Canada",43.5906511232,-79.5131823425,683.0,American Goldfinch
16678,2025-09-04,CC-BY-NC,https://inaturalist-open-data.s3.amazonaws.com/photos/562510637/medium.jpg,"Bayview Village, Toronto, ON, Canada",43.777636267,-79.3704431046,61.0,Eastern Wood-Pewee
1147,2025-01-29,CC-BY-NC,https://inaturalist-open-data.s3.amazonaws.com/photos/467017461/medium.jpg,"Toronto, ON, Canada",43.7933346955,-79.1178904275,225.0,Canada Goose
2885,2025-03-10,CC-BY-NC,https://inaturalist-open-data.s3.amazonaws.com/photos/475573770/medium.jpg,"Bayview Woods-Steeles, North York, ON, Canada",43.7917320758,-79.3816322555,457.0,House Finch
5193,2025-04-18,CC-BY-NC,https://inaturalist-open-data.s3.amazonaws.com/photos/487904543/medium.jpg,"Bayview Village, North York, ON, Canada",43.7803152364,-79.3751494558,636.0,White-throated Sparrow
23343,2025-10-16,CC-BY,https://inaturalist-open-data.s3.amazonaws.com/photos/603017065/medium.jpg,M1P 3P5,43.7629911911,-79.2681954056,384.0,American Goldfinch
16098,2025-08-25,CC-BY-NC,https://inaturalist-open-data.s3.amazonaws.com/photos/557812461/medium.jpg,"Don Valley Brick Works, Toronto, ON, CA",43.6871417452,-79.3672374378,19.0,Blackburnian Warbler
22803,2025-12-16,CC-BY-NC,https://inaturalist-open-data.s3.amazonaws.com/photos/600432190/medium.jpg,"High Park-Swansea, Toronto, ON, Canada",43.6438165773,-79.4673229314,4.0,White-breasted Nuthatch
15912,2025-08-15,CC-BY-NC,https://inaturalist-open-data.s3.amazonaws.com/photos/555934130/medium.jpg,"Rouge Park, Beare Wetlands, Toronto, ON, Canada",43.8230467756,-79.1671856138,65.0,American Goldfinch
19637,2025-10-15,CC-BY-NC,https://inaturalist-open-data.s3.amazonaws.com/photos/580751950/medium.jpg,"Bayview Woods-Steeles, North York, ON, Canada",43.7994951897,-79.3825163691,933.0,Cedar Waxwing
8724,2025-05-02,CC0,https://inaturalist-open-data.s3.amazonaws.com/photos/501018616/medium.jpg,"Humber Arboretum, Toronto, ON, CA",43.7236613242,-79.608144321,20.0,Red-tailed Hawk
2405,2025-02-28,CC-BY-NC,https://inaturalist-open-data.s3.amazonaws.com/photos/473227276/medium.jpg,"Humber River, Toronto, ON, CA",43.6322133333,-79.4710466667,4.0,Long-tailed Duck
4803,2025-04-13,CC-BY-NC,https://inaturalist-open-data.s3.amazonaws.com/photos/486412606/medium.jpg,"Baycrest, Toronto, ON, CA",43.7294116667,-79.4342633333,3.0,Red-tailed Hawk
2611,2025-03-02,CC-BY-NC,https://inaturalist-open-data.s3.amazonaws.com/photos/473645392/medium.jpeg,"Sherwood Park, Toronto, ON, Canada",43.7136573996,-79.3846453629,15.0,House Finch
23827,2025-05-18,CC-BY-NC,https://inaturalist-open-data.s3.amazonaws.com/photos/610799812/medium.jpg,"South Riverdale, Toronto, ON, Canada",43.6490112484,-79.3240874662,61.0,Northern Parula
347,2025-01-06,CC-BY-NC,https://inaturalist-open-data.s3.amazonaws.com/photos/462618238/medium.jpg,"Lake Ontario, Toronto, ON, CA",43.6326578748,-79.4079363796,107.0,Common Goldeneye
6914,2025-04-26,CC-BY-NC,https://inaturalist-open-data.s3.amazonaws.com/photos/493769126/medium.jpeg,"Colonel  Samuel Smith Park, Toronto, ON, Canada",43.5906511232,-79.5131823425,683.0,Red-winged Blackbird
18272,2025-09-25,CC-BY-NC,https://inaturalist-open-data.s3.amazonaws.com/photos/572805046/medium.jpg,"East York, ON M4K 2J1, Canada",43.6913413521,-79.3598877266,117.0,Black-crowned Night Heron
14417,2025-07-22,CC-BY-NC,https://inaturalist-open-data.s3.amazonaws.com/photos/541330362/medium.jpg,"Banbury-Don Mills, North York, ON, Canada",43.7334125595,-79.3594261614,482.0,Song Sparrow
5009,2025-04-15,,https://static.inaturalist.org/photos/486877403/medium.jpg,"Corktown Common, Toronto, ON, CA",43.6533916667,-79.3526216667,18.0,Northern Flicker
23574,2025-12-31,CC-BY-NC,https://inaturalist-open-data.s3.amazonaws.com/photos/604294641/medium.jpg,"Bayview Village, North York, ON, Canada",43.7803396813,-79.3894185192,402.0,Northern Cardinal
3065,2025-03-12,CC-BY-NC,https://inaturalist-open-data.s3.amazonaws.com/photos/476064130/medium.jpg,"Great Lakes Waterfront Tr, Toronto, ON, CA",43.6430333333,-79.366495,4.0,Long-tailed Duck
5430,2025-04-19,CC-BY-NC,https://inaturalist-open-data.s3.amazonaws.com/photos/488810028/medium.jpeg,"South Riverdale, Toronto, ON, Canada",43.6450651171,-79.3208517826,1.0,Red-winged Blackbird
15490,2025-08-09,CC-BY-NC,https://inaturalist-open-data.s3.amazonaws.com/photos/551792229/medium.jpg,"The Pavillion, Toronto, ON M4W 3X8, Canada",43.6845093243,-79.3659444898,9.0,Barn Swallow
22784,2025-12-14,CC-BY-NC,https://inaturalist-open-data.s3.amazonaws.com/photos/600126072/medium.jpg,"Tommy Thompson Park, Toronto, ON, Canada",43.6479208566,-79.3228193745,61.0,Sandhill Crane
13049,2025-06-24,,https://static.inaturalist.org/photos/526285371/medium.jpg,Toronto,43.6554985046,-79.4314041138,90.0,Red-tailed Hawk
7440,2025-04-25,CC-BY-NC,https://inaturalist-open-data.s3.amazonaws.com/photos/496326860/medium.jpeg,"Centennial Park, Etobicoke, ON, Canada",43.6530542156,-79.5918674453,488.0,Common Grackle
4588,2025-04-11,CC-BY-NC,https://inaturalist-open-data.s3.amazonaws.com/photos/485124841/medium.jpg,"Smythe Park, Toronto, ON, CA",43.6739610962,-79.5018770207,69.0,Wood Duck
13437,2025-06-28,CC-BY-NC,https://inaturalist-open-data.s3.amazonaws.com/photos/529946994/medium.jpg,"Toronto Zoo, Toronto, ON, CA",43.817755,-79.1835716667,23.0,Osprey
12402,2025-06-12,,https://static.inaturalist.org/photos/519882021/medium.jpg,"Yonge St, Toronto, ON, CA",43.6657801364,-79.3848625292,23.0,Red-tailed Hawk
4105,2025-04-02,,https://static.inaturalist.org/photos/482166525/medium.jpeg,"Toronto, ON, Canada",43.6587442821,-79.3126308931,15.0,Lesser Scaup
5382,2025-04-18,,https://static.inaturalist.org/photos/488553270/medium.jpeg,"Toronto, CA-ON, CA",43.6234823865,-79.4799219444,20.0,Red-winged Blackbird
10761,2025-05-25,CC-BY-NC,,"Ontario, CA",43.7883824142,-79.2207507824,266.0,Ovenbird
10814,2025-05-25,CC-BY-NC,https://inaturalist-open-data.s3.amazonaws.com/photos/510568287/medium.jpg,Toronto,43.6600494385,-79.3281707764,34.0,House Sparrow
23101,2025-07-12,CC-BY-NC,https://inaturalist-open-data.s3.amazonaws.com/photos/602322253/medium.jpg,"Humber Bay Park Rd E, Toronto, ON, CA",43.6231038431,-79.4771941675,249.0,Trumpeter Swan
23008,2025-12-21,CC-BY-NC,https://inaturalist-open-data.s3.amazonaws.com/photos/601602197/medium.jpg,"73 Cardiff Rd, North York, ON M4P 2P4, Canada",43.713027,-79.3841394,179.0,Red-breasted Nuthatch
9243,2025-05-09,CC-BY-NC,https://inaturalist-open-data.s3.amazonaws.com/photos/502560817/medium.jpeg,"4001 Leslie St, North York, ON M2K 1E1, Canada",43.7689252,-79.3631408,194.0,Northern Cardinal
286,2025-01-07,CC-BY-NC,https://inaturalist-open-data.s3.amazonaws.com/photos/462392642/medium.jpeg,"Toronto, ON, Canada",43.6469836166,-79.3294388652,31.0,Canvasback
1031,2025-01-25,CC-BY-NC,https://inaturalist-open-data.s3.amazonaws.com/photos/466083734/medium.jpeg,"The Kingsway, Etobicoke, ON, Canada",43.6475136465,-79.5115878185,992.0,House Sparrow
8888,2025-05-07,CC-BY-NC,https://inaturalist-open-data.s3.amazonaws.com/photos/501438414/medium.jpg,"North York General Hospital, Toronto, ON, CA",43.7683355104,-79.3615614347,46.0,American Goldfinch
10579,2025-05-14,CC-BY,https://inaturalist-open-data.s3.amazonaws.com/photos/509477787/medium.jpg,"Fenside-Parkwoods, Toronto, ON, Canada",43.7617574811,-79.3492484092,38.0,Northern Yellow Warbler
9319,2025-04-27,CC-BY-NC,https://inaturalist-open-data.s3.amazonaws.com/photos/502950025/medium.jpg,"Bayview Ave, Toronto, ON, CA",43.7886666667,-79.3938666667,10.0,Red-winged Blackbird
14314,2025-07-16,,https://static.inaturalist.org/photos/539728496/medium.jpg,"Hanlan's Point Beach, Toronto, ON, Canada",43.6198049,-79.3941233,771.0,Common Tern
15124,2025-08-05,CC-BY-NC,https://inaturalist-open-data.s3.amazonaws.com/photos/548248495/medium.jpg,"4000 Leslie St, North York, ON M2K 2R9, Canada",43.7699633,-79.3651372,191.0,Chipping Sparrow
3680,2025-03-22,CC-BY-NC,https://inaturalist-open-data.s3.amazonaws.com/photos/478756260/medium.jpeg,"Davenport Rd / Dovercourt Rd - SMART, Toronto, ON M6H 2H1, Canada",43.6742169014,-79.4354536012,27.0,Merlin
10324,2025-05-20,CC-BY-NC,https://inaturalist-open-data.s3.amazonaws.com/photos/508081720/medium.jpg,"Bayview Woods-Steeles, North York, ON, Canada",43.7906741916,-79.378669234,403.0,American Redstart
80,2025-01-04,CC-BY-NC,https://inaturalist-open-data.s3.amazonaws.com/photos/461789502/medium.jpg,"New Toronto, Etobicoke, ON, Canada",43.5923817932,-79.5122792655,56.0,American Robin
17152,2025-09-12,CC-BY-NC,https://inaturalist-open-data.s3.amazonaws.com/photos/566223737/medium.jpg,"305 Erskine Ave, Toronto, ON M4P 1Z7, Canada",43.7141847,-79.3850113,133.0,Palm Warbler
17363,2025-09-12,CC-BY-NC,https://inaturalist-open-data.s3.amazonaws.com/photos/567372709/medium.jpg,"Colonel  Samuel Smith Park, Toronto, ON, Canada",43.5906511232,-79.5131823425,683.0,House Sparrow
11153,2025-05-28,,https://static.inaturalist.org/photos/512113186/medium.jpg,"Corktown Common, Toronto, ON, CA",43.6549216667,-79.3529666667,4.0,Northern Rough-winged Swallow
14785,2025-07-30,CC-BY-NC,https://inaturalist-open-data.s3.amazonaws.com/photos/545155425/medium.jpg,"Wellesley St E, Toronto, ON, CA",43.66627241,-79.3788709238,23.0,Feral Pigeon
836,2025-01-13,CC-BY-NC,https://inaturalist-open-data.s3.amazonaws.com/photos/464606876/medium.jpeg,"Rouge, Scarborough, ON, Canada",43.8228617184,-79.185991348,1.0,Black-capped Chickadee
13084,2025-06-25,CC-BY-NC,https://inaturalist-open-data.s3.amazonaws.com/photos/526695916/medium.jpg,"Rouge, Scarborough, ON, Canada",43.7934453111,-79.1205838887,4.0,Great Blue Heron
3196,2025-02-05,CC-BY-NC,https://inaturalist-open-data.s3.amazonaws.com/photos/476411671/medium.jpeg,"The Queensway – Humber Bay, Etobicoke, ON, Canada",43.6234058506,-79.4763418997,619.0,Common Goldeneye
17402,2025-09-15,,https://static.inaturalist.org/photos/567603078/medium.jpg,"Corktown Common, Toronto, ON, CA",43.6544033333,-79.35257,11.0,Swainson's Thrush
4665,2025-04-11,,https://static.inaturalist.org/photos/485481639/medium.jpeg,"Etobicoke, ON M9A 4C9, Canada",43.6655491604,-79.5132306218,147.0,Wood Duck
11723,2025-06-04,,https://static.inaturalist.org/photos/515609332/medium.jpg,"Etobicoke, ON M8V 4B6, Canada",43.59240628,-79.51451534,4.0,Brown-headed Cowbird
2087,2025-02-19,CC-BY-NC,https://inaturalist-open-data.s3.amazonaws.com/photos/471675891/medium.jpg,"Bayview Village, North York, ON, Canada",43.7798575216,-79.3732126568,453.0,Northern Cardinal
2280,2025-02-25,CC-BY-NC,https://inaturalist-open-data.s3.amazonaws.com/photos/472604333/medium.jpg,"Scarborough, ON, Canada",43.7088969605,-79.231747209,520.0,Trumpeter Swan
23119,2025-12-24,,https://static.inaturalist.org/photos/602393204/medium.jpg,"High Park-Swansea, Toronto, ON, Canada",43.6434149155,-79.4595582405,8.0,White-breasted Nuthatch
19899,2025-10-17,CC-BY-NC,https://inaturalist-open-data.s3.amazonaws.com/photos/581915441/medium.jpg,"Bayview Village, Toronto, ON, Canada",43.777636267,-79.3704431046,61.0,Cedar Waxwing
5988,2025-04-18,CC-BY-NC,https://inaturalist-open-data.s3.amazonaws.com/photos/490430760/medium.jpeg,"Colonel  Samuel Smith Park, Toronto, ON, Canada",43.5906511232,-79.5131823425,683.0,Hermit Thrush
17574,2025-09-18,,https://static.inaturalist.org/photos/568809365/medium.jpg,"Corktown Common, Toronto, ON, CA",43.6542133333,-79.352845,11.0,Red-eyed Vireo
9134,2025-05-08,CC-BY-NC,https://inaturalist-open-data.s3.amazonaws.com/photos/502095948/medium.jpg,"Bayview Village, Toronto, ON, Canada",43.777636267,-79.3704431046,61.0,White-throated Sparrow
15545,2025-07-09,CC-BY-NC,https://inaturalist-open-data.s3.amazonaws.com/photos/552169260/medium.jpg,"High Park-Swansea, Toronto, ON, Canada",43.639382,-79.462545,18.0,Nycticorax nycticorax
10055,2025-05-14,CC-BY-NC,https://inaturalist-open-data.s3.amazonaws.com/photos/506599364/medium.jpg,"Colonel  Samuel Smith Park, Toronto, ON, Canada",43.5906511232,-79.5131823425,683.0,Black-crowned Night Heron
11480,2025-06-01,,https://static.inaturalist.org/photos/514395403/medium.jpg,"Tommy Thompson Park, Toronto, ON, CA",43.6221,-79.334555,4.0,Great Egret
16324,2025-08-29,CC-BY-NC,https://inaturalist-open-data.s3.amazonaws.com/photos/559550275/medium.jpg,"High Park Tr, Toronto, ON, CA",43.641395,-79.4631883333,15.0,Great Blue Heron
4462,2025-02-01,CC-BY-NC,https://inaturalist-open-data.s3.amazonaws.com/photos/484393593/medium.jpg,"South Riverdale, Toronto, ON, Canada",43.6254767374,-79.3305529461,244.0,Trumpeter Swan
19120,2025-10-09,,https://static.inaturalist.org/photos/578257621/medium.jpg,"Corktown Common, Toronto, ON, CA",43.6541866667,-79.353005,8.0,Golden-crowned Kinglet
17457,2025-09-16,CC-BY-NC,https://inaturalist-open-data.s3.amazonaws.com/photos/567967411/medium.jpg,"Bayview Village, Toronto, ON, Canada",43.777636267,-79.3704431046,61.0,Mallard
18560,2025-10-01,,https://static.inaturalist.org/photos/574854298/medium.jpg,"Corktown Common, Toronto, ON, CA",43.6545133333,-79.35253,4.0,Ruby-crowned Kinglet
22832,2025-12-17,CC-BY-NC,https://inaturalist-open-data.s3.amazonaws.com/photos/600624203/medium.jpg,"High Park-Swansea, Toronto, ON, Canada",43.6492067348,-79.4694508094,175.0,Rusty Blackbird
13080,2025-06-24,CC-BY-NC,https://inaturalist-open-data.s3.amazonaws.com/photos/526624564/medium.jpg,"Toronto, CA-ON, CA",43.6380332709,-79.3416533992,4.0,Common Grackle
20961,2025-11-04,CC-BY-NC,https://static.inaturalist.org/photos/588215094/medium.jpg,"South Riverdale, Toronto, ON, Canada",43.6232244242,-79.3281351238,61.0,Lesser Scaup
22806,2025-12-16,CC-BY-NC,https://inaturalist-open-data.s3.amazonaws.com/photos/600437325/medium.jpg,"73 Cardiff Rd, North York, ON M4P 2P4, Canada",43.713027,-79.3841394,179.0,Dark-eyed Junco
17390,2025-09-15,CC-BY-NC,https://inaturalist-open-data.s3.amazonaws.com/photos/567504189/medium.jpg,"Woodbine Beach Dune Habitat, Toronto, ON, Canada",43.6612556626,-79.3074299683,15.0,Common Raven
4888,2025-04-14,CC-BY-NC,https://inaturalist-open-data.s3.amazonaws.com/photos/486459155/medium.jpg,"Bayview Village, North York, ON, Canada",43.7818550979,-79.3864481999,103.0,Northern Cardinal
17335,2025-09-11,CC-BY-NC,https://inaturalist-open-data.s3.amazonaws.com/photos/567333455/medium.jpg,"Colonel  Samuel Smith Park, Toronto, ON, Canada",43.5906511232,-79.5131823425,683.0,Ring-billed Gull
23039,2025-12-13,CC-BY-NC,https://inaturalist-open-data.s3.amazonaws.com/photos/601899545/medium.jpg,"Ontario, CA",43.6744303431,-79.406228088,193.0,Red-tailed Hawk
20618,2025-10-01,CC-BY-NC,https://inaturalist-open-data.s3.amazonaws.com/photos/586491314/medium.jpg,"Hawk Hill - High Park, Toronto, ON, Canada",43.6463000354,-79.4656896358,10.0,Bald Eagle
16409,2025-08-30,CC-BY-NC,https://inaturalist-open-data.s3.amazonaws.com/photos/560031509/medium.jpg,"High Park-Swansea, Toronto, ON, Canada",43.6515854632,-79.4615636796,417.0,Bald Eagle
23271,2025-05-20,CC-BY,https://inaturalist-open-data.s3.amazonaws.com/photos/602844656/medium.jpg,"South Riverdale, Toronto, ON, Canada",43.6280453376,-79.3252802693,133.0,Snow Goose
19028,2025-10-03,CC-BY-NC,https://inaturalist-open-data.s3.amazonaws.com/photos/577955072/medium.jpg,"Downtown Toronto, Toronto, ON, Canada",43.6406453421,-79.3976881497,1.0,European Starling
18187,2025-09-25,,https://static.inaturalist.org/photos/572140443/medium.jpg,"Corktown Common, Toronto, ON, CA",43.653805,-79.351945,15.0,Magnolia Warbler
5883,2025-04-22,CC-BY-NC,https://inaturalist-open-data.s3.amazonaws.com/photos/490141996/medium.jpg,"Bayview Village, North York, ON, Canada",43.7799224784,-79.3695895534,426.0,Hairy Woodpecker
13146,2025-06-26,CC-BY-NC,https://inaturalist-open-data.s3.amazonaws.com/photos/527161905/medium.jpg,"Woodbine Beach, Toronto, ON, Canada",43.6626050712,-79.3066371176,15.0,Lesser Black-backed Gull
4805,2025-04-13,CC-BY-NC,https://inaturalist-open-data.s3.amazonaws.com/photos/486063327/medium.jpg,"Legislative Assembly of Ontario, Toronto, ON, CA",43.662092325,-79.3909775384,105.0,House Finch
9572,2025-05-12,CC-BY-NC,https://inaturalist-open-data.s3.amazonaws.com/photos/504164912/medium.jpg,"Steeles Ave E, Toronto, ON, CA",43.8143966667,-79.3458466667,2.0,Red-winged Blackbird
1967,2025-02-15,,https://static.inaturalist.org/photos/470889284/medium.jpeg,"Swansea, Toronto, ON, Canada",43.6356027778,-79.4658166667,1.0,Trumpeter Swan
21215,2025-11-06,CC-BY-NC,https://inaturalist-open-data.s3.amazonaws.com/photos/589850475/medium.jpg,"The Queensway – Humber Bay, Etobicoke, ON, Canada",43.6224166312,-79.4769638116,292.0,Mute Swan
4882,2025-04-14,CC-BY-NC,https://static.inaturalist.org/photos/486456273/medium.jpeg,"Guildwood, Scarborough, ON, Canada",43.7368930847,-79.2017337246,122.0,Red-winged Blackbird
22054,2025-11-25,CC-BY-NC,https://inaturalist-open-data.s3.amazonaws.com/photos/594738961/medium.jpg,"Bayview Village, North York, ON, Canada",43.7821846889,-79.3722759335,472.0,Dark-eyed Junco
6031,2025-04-24,CC-BY-NC,https://inaturalist-open-data.s3.amazonaws.com/photos/490716050/medium.jpg,"Ashbridge's Bay Park, Toronto, ON, Canada",43.6590142705,-79.3104868267,2.0,White-throated Sparrow
4210,2025-01-04,CC-BY,https://inaturalist-open-data.s3.amazonaws.com/photos/482817571/medium.png,"Leaside-Bennington, Toronto, ON, Canada",43.6887512665,-79.3667399681,53.0,Black-capped Chickadee
23367,2025-12-27,CC-BY-NC,https://inaturalist-open-data.s3.amazonaws.com/photos/603065513/medium.jpg,"High Park, Toronto, ON, CA",43.6410303017,-79.4584800168,17.0,Northern Cardinal
7436,2025-04-25,CC-BY-NC,https://inaturalist-open-data.s3.amazonaws.com/photos/496316381/medium.jpeg,"Toronto, CA-ON, CA",43.6583948529,-79.5854294731,122.0,Northern Flicker
14444,2025-07-24,CC-BY-NC,https://inaturalist-open-data.s3.amazonaws.com/photos/541766213/medium.jpg,"South Riverdale, Toronto, ON, Canada",43.6613837359,-79.3070521814,4.0,Lesser Yellowlegs
20481,2025-10-19,CC-BY-NC,https://inaturalist-open-data.s3.amazonaws.com/photos/585814445/medium.jpg,"Rouge Beach, Toronto, ON, Canada",43.794364242,-79.117517329,40.0,American Herring Gull
10256,2025-05-15,CC-BY-NC,https://inaturalist-open-data.s3.amazonaws.com/photos/507693958/medium.jpg,"Colonel  Samuel Smith Park, Toronto, ON, Canada",43.5906511232,-79.5131823425,683.0,Red-necked Grebe
7059,2025-04-27,,https://static.inaturalist.org/photos/494430324/medium.jpeg,"Toronto, ON M4K 1A1, Canada",43.6668166668,-79.3492012392,10.0,Northern Cardinal
10779,2025-05-25,CC-BY-NC,https://inaturalist-open-data.s3.amazonaws.com/photos/510485406/medium.jpg,"Ontario, CA",43.72611641,-79.2225651748,32.0,American Redstart
13246,2025-06-27,CC-BY-NC,https://inaturalist-open-data.s3.amazonaws.com/photos/528048173/medium.jpg,"Rouge, Scarborough, ON, Canada",43.8287658979,-79.1892324547,163.0,Mallard
15150,2025-08-06,CC-BY-NC,https://inaturalist-open-data.s3.amazonaws.com/photos/548514775/medium.jpg,"Evergreen Brick Works, Toronto, ON, CA",43.6846080376,-79.3652522895,9.0,House Sparrow
20413,2025-10-27,CC-BY-NC,https://inaturalist-open-data.s3.amazonaws.com/photos/585357608/medium.jpg,"Woodbine Beach, Toronto, ON, Canada",43.6614085213,-79.3056967334,8.0,Ring-billed Gull
884,2025-01-12,CC-BY-NC,https://inaturalist-open-data.s3.amazonaws.com/photos/464862401/medium.jpeg,"Colonel  Samuel Smith Park, Toronto, ON, Canada",43.5906511232,-79.5131823425,683.0,Ring-billed Gull
14784,2025-07-30,CC-BY-NC,https://inaturalist-open-data.s3.amazonaws.com/photos/545155278/medium.jpg,"Wellesley St E, Toronto, ON, CA",43.6662995857,-79.3788301319,33.0,Feral Pigeon
4550,2025-04-10,CC-BY-NC,https://inaturalist-open-data.s3.amazonaws.com/photos/484850918/medium.jpeg,Toronto,43.5887374878,-79.5445404053,64.0,Domestic Mallard
2747,2025-02-28,CC-BY-NC,https://inaturalist-open-data.s3.amazonaws.com/photos/474816837/medium.jpg,"High Park, Toronto, ON, CA",43.6509991647,-79.4658675359,299.0,Canada Goose
6851,2025-04-20,CC-BY-NC,https://inaturalist-open-data.s3.amazonaws.com/photos/493222408/medium.jpg,"Downsview, North York, ON, Canada",43.7421754847,-79.4817951112,2.0,Hairy Woodpecker
4111,2025-04-02,,https://static.inaturalist.org/photos/482166625/medium.jpeg,"Toronto, ON, Canada",43.6586744247,-79.3125236048,15.0,Red-breasted Merganser
22037,2025-11-25,CC-BY-NC,https://inaturalist-open-data.s3.amazonaws.com/photos/594722161/medium.jpg,"McGill St, Toronto, ON, CA",43.6610225908,-79.3785501096,63.0,Northern Cardinal
1760,2025-02-14,,https://static.inaturalist.org/photos/470092694/medium.jpg,"Great Lakes Waterfront Tr, Toronto, ON, CA",43.592725,-79.5122133333,8.0,Mourning Dove
5388,2025-04-19,CC-BY-NC,https://inaturalist-open-data.s3.amazonaws.com/photos/488585887/medium.jpeg,"Leaside-Bennington, Toronto, ON, Canada",43.7199468955,-79.3546300303,8.0,Red-winged Blackbird
22218,2025-04-17,CC-BY,https://inaturalist-open-data.s3.amazonaws.com/photos/595947950/medium.jpg,"South Riverdale, Toronto, ON, Canada",43.6288182489,-79.3251149174,212.0,Canada Goose
20343,2025-10-24,CC-BY-NC,https://inaturalist-open-data.s3.amazonaws.com/photos/584770716/medium.jpg,"Bayview Village, Toronto, ON, Canada",43.777636267,-79.3704431046,61.0,Mallard
8245,2025-05-03,CC-BY-NC,https://inaturalist-open-data.s3.amazonaws.com/photos/499596799/medium.jpg,"Tommy Thompson Park, Toronto, ON, CA",43.6519410143,-79.3231477515,372.0,Great Blue Heron
13359,2025-06-25,CC-BY-NC,https://inaturalist-open-data.s3.amazonaws.com/photos/529291013/medium.jpg,"Rouge, Scarborough, ON, Canada",43.8060901408,-79.1350490565,375.0,Grey Catbird
7580,2025-04-29,,https://static.inaturalist.org/photos/497012465/medium.jpg,"Corktown Common, Toronto, ON, CA",43.6543216667,-79.3528283333,4.0,House Finch
23525,2025-10-11,CC0,https://inaturalist-open-data.s3.amazonaws.com/photos/604083229/medium.jpg,"The Queensway – Humber Bay, Etobicoke, ON, Canada",43.6215307851,-79.4754044461,493.0,Eastern Phoebe
7551,2025-04-29,,https://static.inaturalist.org/photos/496887428/medium.jpeg,"High Park, Toronto, ON, CA",43.6483001788,-79.471031189,89.0,紅翅黑鸝
17570,2025-09-18,,https://static.inaturalist.org/photos/568792176/medium.jpg,Toronto,43.6727371216,-79.320526123,4.0,House Sparrow
5885,2025-04-22,CC-BY-NC,https://inaturalist-open-data.s3.amazonaws.com/photos/490142039/medium.jpg,"Bayview Village, North York, ON, Canada",43.7799224784,-79.3695895534,426.0,Song Sparrow
3140,2025-03-02,,https://static.inaturalist.org/photos/476278590/medium.jpg,"Don Valley Brick Works, Toronto, ON, CA",43.6871255167,-79.366764171,383.0,Red-tailed Hawk
19820,2025-10-17,,https://static.inaturalist.org/photos/581440263/medium.jpg,"Corktown Common, Toronto, ON, CA",43.6541416667,-79.3519133333,3.0,Black-capped Chickadee
18054,2025-09-24,CC-BY-NC,https://inaturalist-open-data.s3.amazonaws.com/photos/571794332/medium.jpg,"Rosetta McClain Gardens, 5 Glen Everest Rd, Scarborough, ON M1N 1J2, Canada",43.6968253,-79.2557466,193.0,White-throated Sparrow
12693,2025-05-31,,https://static.inaturalist.org/photos/522599752/medium.jpg,"Yonge St, Toronto, ON, CA",43.6678616667,-79.385925,14.0,Red-tailed Hawk
21351,2025-11-11,,https://static.inaturalist.org/photos/590694675/medium.jpg,"High Park-Swansea, Toronto, ON, Canada",43.6424015144,-79.4633374598,8.0,Northern Cardinal
16599,2025-08-25,CC-BY-NC,https://inaturalist-open-data.s3.amazonaws.com/photos/561700386/medium.jpg,"Toronto, ON, CA",43.6474916667,-79.3222333333,1.0,Canada Goose
20747,2025-11-01,CC-BY-NC,https://inaturalist-open-data.s3.amazonaws.com/photos/587223254/medium.jpg,"73 Cardiff Rd, North York, ON M4P 2P4, Canada",43.713027,-79.3841394,179.0,House Sparrow
7068,2025-04-27,,https://static.inaturalist.org/photos/494457851/medium.jpg,"Flemingdon Park, Toronto, ON, CA",43.7147666667,-79.3418283333,12.0,Black-capped Chickadee
20498,2025-10-28,,https://static.inaturalist.org/photos/585842443/medium.jpg,"Corktown Common, Toronto, ON, CA",43.6541416667,-79.3519583333,9.0,Black-capped Chickadee
16813,2025-06-26,CC-BY-NC,https://inaturalist-open-data.s3.amazonaws.com/photos/563313580/medium.jpg,"Rouge, Scarborough, ON, Canada",43.8370897491,-79.174111283,15.0,Green Heron
2842,2025-03-07,,https://static.inaturalist.org/photos/475408598/medium.jpeg,"Toronto, ON, Canada",43.643200903,-79.3203528706,61.0,Greater Scaup
22103,2025-11-27,,https://static.inaturalist.org/photos/595272259/medium.jpg,"St Mary St, Toronto, ON, CA",43.667745,-79.386955,27.0,Red-tailed Hawk
10526,2025-05-23,,https://static.inaturalist.org/photos/509343694/medium.jpg,"Corktown Common, Toronto, ON, CA",43.6539,-79.35183,11.0,Canada Warbler
5272,2025-04-17,CC-BY-NC,https://inaturalist-open-data.s3.amazonaws.com/photos/488184512/medium.jpg,"Bayview Village, North York, ON, Canada",43.7816803416,-79.3730316881,409.0,Red-winged Blackbird
7746,2025-04-29,CC-BY-NC,https://inaturalist-open-data.s3.amazonaws.com/photos/497837613/medium.jpg,"Kingston Rd, Toronto, ON, CA",43.6964465428,-79.2553559006,78.0,Eastern Kingbird
11221,2025-05-29,CC-BY-NC,https://inaturalist-open-data.s3.amazonaws.com/photos/512646164/medium.jpg,"Moore Ave, Toronto, ON, CA",43.6943630151,-79.3796152269,85.0,Eastern Phoebe
23491,2025-12-29,CC-BY-NC,https://inaturalist-open-data.s3.amazonaws.com/photos/603966549/medium.jpg,"Bayview Village, North York, ON, Canada",43.7797735872,-79.3727962329,525.0,Downy Woodpecker
1367,2025-02-02,CC-BY-NC,https://inaturalist-open-data.s3.amazonaws.com/photos/467713671/medium.jpeg,"Toronto, ON, Canada",43.6082353454,-79.4874338663,61.0,Long-tailed Duck
13313,2025-06-08,CC-BY-NC,https://inaturalist-open-data.s3.amazonaws.com/photos/528815024/medium.jpg,"Rouge, Scarborough, ON, Canada",43.8281544262,-79.1896168834,1.0,Common Grackle
20041,2025-02-25,CC-BY,https://inaturalist-open-data.s3.amazonaws.com/photos/582905850/medium.jpg,"Toronto, ON, Canada",43.6566538783,-79.3085494778,94.0,綠頭鴨
10960,2025-05-25,CC-BY-NC,https://inaturalist-open-data.s3.amazonaws.com/photos/511120149/medium.jpg,"Downsview, North York, ON, Canada",43.741357013,-79.4805091663,382.0,Mallard
1588,2025-02-01,,https://static.inaturalist.org/photos/468936183/medium.jpg,"Scarborough, ON, Canada",43.7093042554,-79.227503685,31.0,Trumpeter Swan
10428,2025-05-21,CC-BY-NC,https://inaturalist-open-data.s3.amazonaws.com/photos/508490456/medium.jpg,"Bayview Village, Toronto, ON, Canada",43.777636267,-79.3704431046,61.0,Great Crested Flycatcher
22128,2025-11-27,,https://static.inaturalist.org/photos/595397910/medium.jpg,"Coatsworth Cut, Toronto, ON, CA",43.658655536,-79.313076637,49.0,Ring-billed Gull
13110,2025-06-25,,https://static.inaturalist.org/photos/526849181/medium.jpg,"Don Valley Brick Works Tr, Toronto, ON, CA",43.68617,-79.3664166667,3.0,Black-crowned Night Heron
23337,2025-12-26,CC-BY-NC,https://inaturalist-open-data.s3.amazonaws.com/photos/602913246/medium.jpg,"73 Cardiff Rd, North York, ON M4P 2P4, Canada",43.713027,-79.3841394,179.0,Fox Sparrow
992,2025-01-24,CC-BY-NC,https://inaturalist-open-data.s3.amazonaws.com/photos/465753918/medium.jpg,"Cardiff Rd, Toronto, ON, CA",43.7130111182,-79.3840470894,39.0,Northern Cardinal
12356,2025-06-11,CC-BY-NC,https://inaturalist-open-data.s3.amazonaws.com/photos/519383463/medium.jpg,"Toronto, ON, CA",43.7801966667,-79.2098216667,14.0,Indigo Bunting
539,2025-01-09,CC-BY-NC,https://inaturalist-open-data.s3.amazonaws.com/photos/463516746/medium.jpeg,"Colonel  Samuel Smith Park, Toronto, ON, Canada",43.5906511232,-79.5131823425,683.0,Pied-billed Grebe
14835,2025-01-26,,https://static.inaturalist.org/photos/545523135/medium.jpg,"Downsview, North York, ON, Canada",43.7411847598,-79.4813740865,609.0,Long-eared Owl
12243,2025-06-10,CC-BY-NC,https://inaturalist-open-data.s3.amazonaws.com/photos/518732854/medium.jpg,"Woodbine Beach Habitat, Toronto, ON, Canada",43.6597404964,-79.3066990235,4.0,Spotted Sandpiper
19361,2025-02-19,CC-BY,https://inaturalist-open-data.s3.amazonaws.com/photos/579613470/medium.jpg,"Toronto, ON, Canada",43.6661067472,-79.2948826005,19.0,Gadwall
13814,2025-07-08,CC-BY-NC,https://inaturalist-open-data.s3.amazonaws.com/photos/534141633/medium.jpg,"Banbury-Don Mills, North York, ON, Canada",43.7301447397,-79.3556494868,704.0,Black-capped Chickadee
13892,2025-07-10,CC-BY-NC,https://inaturalist-open-data.s3.amazonaws.com/photos/535044559/medium.jpg,"Hillcrest Village, North York, ON, Canada",43.8051752333,-79.3622451312,557.0,Indigo Bunting
8120,2025-04-28,CC-BY-NC,https://inaturalist-open-data.s3.amazonaws.com/photos/499315810/medium.jpeg,"Colonel  Samuel Smith Park, Toronto, ON, Canada",43.5906511232,-79.5131823425,683.0,American Robin
7858,2025-05-01,CC-BY-NC,https://inaturalist-open-data.s3.amazonaws.com/photos/498277143/medium.jpg,"Springbank Ave, Toronto, ON, CA",43.6932008568,-79.2597256137,88.0,Black-and-white Warbler
7107,2025-04-20,,https://static.inaturalist.org/photos/494591040/medium.jpg,"Crothers Woods, Crothers Woods Trail, East York, ON M4H 1P6, Canada",43.6970372,-79.3590117,204.0,Yellow-bellied Sapsucker
14547,2025-07-25,CC-BY-NC,https://inaturalist-open-data.s3.amazonaws.com/photos/542644685/medium.jpg,"Willowdale, North York, ON, Canada",43.7841422373,-79.3919579788,61.0,Feral Pigeon
22417,2025-11-30,,https://static.inaturalist.org/photos/598078324/medium.jpg,"Toronto, CA-ON, CA",43.6229615441,-79.3314355239,235.0,Redhead
2338,2025-02-25,CC-BY-NC,https://inaturalist-open-data.s3.amazonaws.com/photos/472606817/medium.jpg,"Scarborough, ON, Canada",43.7088969605,-79.231747209,520.0,Bufflehead
6210,2025-04-25,CC-BY-NC,https://inaturalist-open-data.s3.amazonaws.com/photos/491611760/medium.jpeg,"Toronto, ON M5V 2Y5, Canada",43.63698992,-79.39424611,6.0,Red-winged Blackbird
14271,2025-07-19,CC-BY-NC,https://inaturalist-open-data.s3.amazonaws.com/photos/539307976/medium.jpg,"High Park-Swansea, Toronto, ON, Canada",43.6460533705,-79.4622691984,61.0,Lesser Yellowlegs
13852,2025-07-10,CC-BY-NC,https://inaturalist-open-data.s3.amazonaws.com/photos/534464872/medium.jpg,"Ashbridge's Bay Park, Toronto, ON, Canada",43.6568546887,-79.3064582519,4.0,Northern Flicker
7136,2025-04-27,CC-BY-NC,https://inaturalist-open-data.s3.amazonaws.com/photos/494652271/medium.jpg,"Birch Cliff, Scarborough, ON, Canada",43.6959828016,-79.2563849292,33.0,Northern Cardinal
5312,2025-04-15,CC-BY-NC,https://inaturalist-open-data.s3.amazonaws.com/photos/488355719/medium.jpeg,"East End-Danforth, Toronto, ON, Canada",43.6849889356,-79.3065394961,75.0,Northern Flicker
23016,2025-09-17,CC-BY-NC,https://inaturalist-open-data.s3.amazonaws.com/photos/601806708/medium.jpg,"Toronto, CA-ON, CA",43.6617916667,-79.39892,7.0,Common Grackle
13906,2025-06-29,CC-BY-NC,https://inaturalist-open-data.s3.amazonaws.com/photos/535242777/medium.jpg,"Colonel  Samuel Smith Park, Toronto, ON, Canada",43.5906511232,-79.5131823425,683.0,Mallard
8743,2025-05-06,CC-BY-NC,https://inaturalist-open-data.s3.amazonaws.com/photos/501119865/medium.jpeg,"Tommy Thompson Park, Toronto, ON, Canada",43.6496333744,-79.3244927377,122.0,Palm Warbler
2151,2025-02-23,,https://static.inaturalist.org/photos/472111091/medium.jpg,"Toronto, ON, Canada",43.6392728606,-79.3211730845,122.0,American Herring Gull
14095,2025-07-14,CC-BY-NC,https://inaturalist-open-data.s3.amazonaws.com/photos/537147455/medium.jpg,"Leslie St, Toronto, ON, CA",43.7694552738,-79.3654190733,144.0,House Finch
4952,2025-04-13,,https://static.inaturalist.org/photos/486575506/medium.jpg,"Lambton Woods, Toronto, ON, CA",43.6688083333,-79.5117116667,6.0,Common Merganser
573,2025-01-09,CC-BY-NC,https://inaturalist-open-data.s3.amazonaws.com/photos/463584376/medium.jpeg,"Colonel  Samuel Smith Park, Toronto, ON, Canada",43.5906511232,-79.5131823425,683.0,Mallard
21142,2025-11-07,CC-BY-NC,https://inaturalist-open-data.s3.amazonaws.com/photos/589511559/medium.jpg,"Bayview Village, Toronto, ON, Canada",43.777636267,-79.3704431046,61.0,Cedar Waxwing
9024,2025-05-07,CC-BY-NC,https://inaturalist-open-data.s3.amazonaws.com/photos/501618739/medium.jpeg,"73 Cardiff Rd, North York, ON M4P 2P4, Canada",43.713027,-79.3841394,179.0,House Finch
1161,2025-01-28,CC-BY-NC,https://inaturalist-open-data.s3.amazonaws.com/photos/467053057/medium.jpeg,"The Kingsway, Etobicoke, ON, Canada",43.6474670669,-79.5116951072,952.0,Cooper's Hawk
13667,2025-07-05,CC-BY-NC,https://inaturalist-open-data.s3.amazonaws.com/photos/532042484/medium.jpg,"Yonge St, Toronto, ON, CA",43.6431166667,-79.3753666667,27.0,House Sparrow
16461,2025-08-30,CC-BY-NC,https://inaturalist-open-data.s3.amazonaws.com/photos/560699868/medium.jpg,"Bayview Village, Toronto, ON, Canada",43.777636267,-79.3704431046,61.0,Song Sparrow
4045,2025-04-01,CC-BY-NC,https://inaturalist-open-data.s3.amazonaws.com/photos/481894772/medium.jpg,"Bayview Village, North York, ON, Canada",43.7797907681,-79.3828978012,604.0,Downy Woodpecker
17750,2025-09-20,CC-BY-NC,https://inaturalist-open-data.s3.amazonaws.com/photos/569752200/medium.jpg,"West Hill, Scarborough, ON, Canada",43.7697427407,-79.1460453839,140.0,Common Grackle
12514,2025-06-14,CC-BY-NC,https://inaturalist-open-data.s3.amazonaws.com/photos/520798145/medium.jpg,"Great Lakes Waterfront Tr, Toronto, ON, CA",43.5927883333,-79.51223,9.0,Green Heron
2705,2025-03-04,CC-BY,https://inaturalist-open-data.s3.amazonaws.com/photos/474417599/medium.jpg,"South Riverdale, Toronto, ON, Canada",43.6437070847,-79.3215155091,8.0,Long-tailed Duck
5008,2025-04-15,,https://static.inaturalist.org/photos/486878312/medium.jpg,"New College, Toronto, ON, CA",43.6608366667,-79.4010916667,31.0,Canada Goose
14990,2025-08-03,CC-BY,https://inaturalist-open-data.s3.amazonaws.com/photos/547144151/medium.jpg,"Sunnyside, Toronto, ON, Canada",43.6343311724,-79.4657607567,50.0,American Herring Gull
454,2025-01-09,CC-BY-NC,https://inaturalist-open-data.s3.amazonaws.com/photos/463259878/medium.jpeg,"Colonel  Samuel Smith Park, Toronto, ON, Canada",43.5906511232,-79.5131823425,683.0,Mallard
19289,2025-10-12,CC-BY-NC,https://inaturalist-open-data.s3.amazonaws.com/photos/579447594/medium.jpg,"73 Cardiff Rd, North York, ON M4P 2P4, Canada",43.713027,-79.3841394,179.0,Red-bellied Woodpecker
3428,2025-03-18,,https://static.inaturalist.org/photos/477661468/medium.jpg,"Beltline Tr, Toronto, ON, CA",43.691905,-79.37313,11.0,Red-bellied Woodpecker
16316,2025-08-29,,https://static.inaturalist.org/photos/559510469/medium.jpg,"West Humber River, Toronto, ON, CA",43.7240881952,-79.6057606818,5.0,Great Blue Heron
12137,2025-06-02,CC-BY-NC,https://inaturalist-open-data.s3.amazonaws.com/photos/517884114/medium.jpg,"Parkview Hills, East York, ON, Canada",43.7019756975,-79.3287248963,488.0,Black-throated Green Warbler
8912,2025-04-27,CC-BY-NC,https://inaturalist-open-data.s3.amazonaws.com/photos/501460428/medium.jpeg,"Colonel  Samuel Smith Park, Toronto, ON, Canada",43.5906511232,-79.5131823425,683.0,Long-tailed Duck
7992,2025-05-02,CC-BY-NC,https://inaturalist-open-data.s3.amazonaws.com/photos/498871912/medium.jpeg,"South Riverdale, Toronto, ON, Canada",43.6287113637,-79.3251473307,116.0,Willet
14134,2025-07-04,CC-BY-NC,https://inaturalist-open-data.s3.amazonaws.com/photos/537799903/medium.jpg,"Etobicoke, ON M8X 2S8, Canada",43.6584369481,-79.5003761351,101.0,Canada Goose
10954,2025-05-26,,https://static.inaturalist.org/photos/511109687/medium.jpg,"Toronto, CA-ON, CA",43.81067931,-79.30689167,7.0,Canada Goose
18621,2025-09-21,CC0,https://inaturalist-open-data.s3.amazonaws.com/photos/575097875/medium.jpg,"Ontario, CA",43.8017247819,-79.0593613614,667.0,Northern Flicker
15453,2025-08-11,CC-BY-NC,https://inaturalist-open-data.s3.amazonaws.com/photos/551180363/medium.jpg,"73 Cardiff Rd, North York, ON M4P 2P4, Canada",43.713027,-79.3841394,179.0,Hairy Woodpecker
22435,2025-04-24,CC-BY,https://inaturalist-open-data.s3.amazonaws.com/photos/598126804/medium.jpg,"South Riverdale, Toronto, ON, Canada",43.64961289,-79.3228210511,199.0,Eastern Phoebe
13946,2025-07-10,CC-BY-NC,https://inaturalist-open-data.s3.amazonaws.com/photos/535379112/medium.jpg,"Hillcrest Village, North York, ON, Canada",43.8051901965,-79.3619827452,219.0,Indigo Bunting
10269,2025-05-16,,https://static.inaturalist.org/photos/507772491/medium.jpg,"Cliffcrest, Scarborough, ON, Canada",43.7012231224,-79.2438575791,15.0,Northern Yellow Warbler
11475,2025-06-01,,https://static.inaturalist.org/photos/514385419/medium.jpg,"Bulwer St, Toronto, ON, CA",43.6496439918,-79.3955724015,9.0,House Sparrow
11562,2025-06-02,CC-BY-NC,https://inaturalist-open-data.s3.amazonaws.com/photos/514939794/medium.jpg,"Rosetta McClain Gardens, 5 Glen Everest Rd, Scarborough, ON M1N 1J2, Canada",43.6968253,-79.2557466,193.0,Eastern Kingbird
10587,2025-05-14,CC-BY,https://inaturalist-open-data.s3.amazonaws.com/photos/509481125/medium.jpg,"St.Andrew-Windfields, North York, ON, Canada",43.7652505815,-79.3587332075,52.0,Blue Jay
2678,2025-03-04,CC-BY-NC,https://inaturalist-open-data.s3.amazonaws.com/photos/474214738/medium.jpeg,"Toronto, ON, Canada",43.6347896963,-79.4612903768,603.0,Bufflehead
816,2025-01-16,CC-BY-NC,https://inaturalist-open-data.s3.amazonaws.com/photos/464571029/medium.jpeg,"Rouge Beach, Toronto, ON, Canada",43.7944420892,-79.1175763376,20.0,Canada Goose
19991,2025-10-20,CC-BY-NC,https://inaturalist-open-data.s3.amazonaws.com/photos/582691904/medium.jpg,"Bayview Village, North York, ON, Canada",43.7811919538,-79.3715578189,463.0,White-throated Sparrow
20887,2025-11-03,CC-BY-NC,https://inaturalist-open-data.s3.amazonaws.com/photos/587951385/medium.jpg,"Humber Bay, Toronto, ON, CA",43.623255,-79.4772333333,4.0,Bufflehead
20780,2025-10-23,CC-BY-NC,https://inaturalist-open-data.s3.amazonaws.com/photos/587357404/medium.jpg,"Rouge Marsh, Toronto, ON, Canada",43.7930908051,-79.1211641318,31.0,Northern Shoveler
13064,2025-06-22,,https://static.inaturalist.org/photos/526372887/medium.jpg,"Lakeshore Ave, Toronto, ON, CA",43.6167891351,-79.3720372241,319.0,American Robin
15210,2025-08-07,CC-BY-NC,https://inaturalist-open-data.s3.amazonaws.com/photos/549336417/medium.jpg,"Ontario, CA",43.618083551,-79.4676375507,2.0,American Goldfinch
2164,2025-02-23,,https://static.inaturalist.org/photos/472116517/medium.jpg,"South Riverdale, Toronto, ON, Canada",43.6256467807,-79.3312673665,122.0,American Black Duck
12817,2025-06-19,CC-BY-NC,https://inaturalist-open-data.s3.amazonaws.com/photos/523536110/medium.jpg,"Ontario, CA",43.7615456664,-79.3764853799,4.0,Red-tailed Hawk
1079,2025-01-26,CC-BY-NC,https://inaturalist-open-data.s3.amazonaws.com/photos/466428722/medium.jpg,"South Riverdale, Toronto, ON, Canada",43.6308621555,-79.3248831665,488.0,Green-winged Teal
1153,2025-01-29,CC-BY-NC,https://inaturalist-open-data.s3.amazonaws.com/photos/467017506/medium.jpg,"Toronto, ON, Canada",43.7933346955,-79.1178904275,225.0,Tundra Swan
13037,2025-06-24,CC-BY-NC,https://inaturalist-open-data.s3.amazonaws.com/photos/526050633/medium.jpg,"Walmsley Blvd, Toronto, ON, CA",43.6926216667,-79.3996966667,8.0,Red-breasted Nuthatch
20782,2025-10-23,CC-BY-NC,https://inaturalist-open-data.s3.amazonaws.com/photos/587357410/medium.jpg,"Rouge Marsh, Toronto, ON, Canada",43.7930908051,-79.1211641318,31.0,Wood Duck
13545,2025-07-03,CC-BY-NC,https://inaturalist-open-data.s3.amazonaws.com/photos/531257114/medium.jpg,"Rouge, Scarborough, ON, Canada",43.8217889728,-79.1643128274,315.0,Hooded Merganser
18873,2025-10-05,CC-BY-NC,https://inaturalist-open-data.s3.amazonaws.com/photos/576670071/medium.jpg,"Toronto Botanical Garden, 777 Lawrence Ave E, Toronto, ON M3C 1P2, Canada",43.7341428,-79.3581963,253.0,Purple Finch
11344,2025-05-31,CC-BY-NC,https://inaturalist-open-data.s3.amazonaws.com/photos/513397775/medium.jpg,"Ashbridges Bay Park, Toronto, ON, CA",43.6600807949,-79.3057645317,26.0,Baltimore Oriole
22601,2025-11-16,CC0,https://inaturalist-open-data.s3.amazonaws.com/photos/598829716/medium.jpg,"Ontario, CA",43.6016691843,-79.2653207327,389.0,Blue Jay
19769,2025-10-16,CC-BY-NC,https://inaturalist-open-data.s3.amazonaws.com/photos/581124663/medium.jpg,"Bayview Village, North York, ON, Canada",43.7819425029,-79.3708650424,255.0,Mallard
21862,2025-11-20,CC-BY-NC,https://inaturalist-open-data.s3.amazonaws.com/photos/593152880/medium.jpg,"Cardiff Rd, Toronto, ON, CA",43.7130178819,-79.3839581937,39.0,Red-bellied Woodpecker
1041,2025-01-26,,https://static.inaturalist.org/photos/466186619/medium.jpeg,"Port Lands, Toronto, ON, Canada",43.6480117162,-79.3289548159,186.0,Trumpeter Swan
19393,2025-10-10,CC0,https://inaturalist-open-data.s3.amazonaws.com/photos/579639193/medium.jpg,"Ontario, CA",43.6685790264,-79.3931443909,135.0,Turkey Vulture
19689,2025-10-16,CC-BY-NC,https://inaturalist-open-data.s3.amazonaws.com/photos/581027907/medium.jpg,"The Beaches, Toronto, ON, Canada",43.6744568246,-79.2952041175,2.0,Yellow-rumped Warbler
13191,2025-06-25,CC-BY-NC,https://inaturalist-open-data.s3.amazonaws.com/photos/527355273/medium.jpg,"Rouge, Scarborough, ON, Canada",43.7944751169,-79.1191253072,15.0,Cliff Swallow
23254,2025-05-19,CC-BY,https://inaturalist-open-data.s3.amazonaws.com/photos/602843417/medium.jpg,"Ontario, CA",43.6488582105,-79.328077101,83.0,Mourning Dove
8172,2025-05-02,CC-BY-NC,https://inaturalist-open-data.s3.amazonaws.com/photos/499400144/medium.jpg,"Bayview Village, North York, ON, Canada",43.7813178772,-79.3882675693,219.0,Downy Woodpecker
21893,2025-11-20,CC-BY-NC,https://inaturalist-open-data.s3.amazonaws.com/photos/593638206/medium.jpg,"Exbury Rd, Toronto, ON, CA",43.7286866667,-79.5093833333,4.0,European Starling
2736,2025-02-08,,https://static.inaturalist.org/photos/474691605/medium.jpeg,"New Toronto, Etobicoke, ON, Canada",43.5917664827,-79.5127216502,15.0,American Tree Sparrow
19791,2025-10-17,CC-BY-NC,https://inaturalist-open-data.s3.amazonaws.com/photos/581280283/medium.jpg,"North York General Hospital, Toronto, ON, CA",43.769329628,-79.3613735041,29.0,Downy Woodpecker
5779,2025-04-20,,https://static.inaturalist.org/photos/489687037/medium.jpeg,"Ontario, CA",43.757947372,-79.2920015789,116.0,Peregrine Falcon
16679,2025-09-04,CC-BY-NC,https://inaturalist-open-data.s3.amazonaws.com/photos/562512159/medium.jpg,"Bayview Village, Toronto, ON, Canada",43.777636267,-79.3704431046,61.0,American Redstart
20112,2025-10-18,,https://static.inaturalist.org/photos/583105122/medium.jpg,"South Riverdale, Toronto, ON, 加拿大",43.6240946486,-79.3258869531,61.0,美洲潜鸭
12253,2025-06-10,CC-BY-NC,https://inaturalist-open-data.s3.amazonaws.com/photos/518827609/medium.jpg,"Bayview Village, Toronto, ON, Canada",43.777636267,-79.3704431046,61.0,Red-winged Blackbird
12360,2025-06-11,,https://static.inaturalist.org/photos/519441599/medium.jpg,"Bayview Ave, Toronto, ON, CA",43.6532883333,-79.35212,13.0,European Starling
4133,2025-03-29,CC-BY-NC,https://inaturalist-open-data.s3.amazonaws.com/photos/482298235/medium.jpeg,"The Kingsway, Etobicoke, ON, Canada",43.6475757539,-79.511716565,909.0,European Starling
6605,2025-04-25,CC-BY-NC,https://inaturalist-open-data.s3.amazonaws.com/photos/492089115/medium.jpeg,"Rouge Beach, Waterfront Trail, Toronto, ON M1C 2Y9, Canada",43.7927484584,-79.1203688085,65.0,Canada Goose
1048,2025-01-25,CC-BY-NC,https://inaturalist-open-data.s3.amazonaws.com/photos/466200695/medium.jpg,"East End-Danforth, Toronto, ON, Canada",43.6849983566,-79.3065955863,13.0,House Sparrow
20969,2025-11-04,,https://static.inaturalist.org/photos/588235031/medium.jpg,"Corktown Common, Toronto, ON, CA",43.6535216667,-79.352005,2.0,Black-capped Chickadee
16732,2025-09-05,CC-BY-NC,https://inaturalist-open-data.s3.amazonaws.com/photos/562864625/medium.jpg,"Leslie St, Toronto, ON, CA",43.7695293713,-79.3652672813,13.0,Merlin
16776,2025-09-05,CC-BY-NC,https://inaturalist-open-data.s3.amazonaws.com/photos/563136137/medium.jpg,"Sunnyside, Toronto, ON, Canada",43.6374734809,-79.4552969772,4.0,Killdeer
23450,2025-12-26,CC-BY-NC,https://inaturalist-open-data.s3.amazonaws.com/photos/603533998/medium.jpg,"The Kingsway, Etobicoke, ON, Canada",43.6475805069,-79.5120098997,244.0,Dark-eyed Junco
20987,2025-11-02,CC-BY-NC,https://inaturalist-open-data.s3.amazonaws.com/photos/588425725/medium.jpg,"Bayview Village, Toronto, ON, Canada",43.777636267,-79.3704431046,61.0,White-throated Sparrow
3110,2025-02-05,CC-BY-NC,https://inaturalist-open-data.s3.amazonaws.com/photos/476168468/medium.jpeg,"The Queensway – Humber Bay, Etobicoke, ON, Canada",43.6234058506,-79.4763418997,619.0,Greater Scaup
151,2025-01-05,CC-BY,https://inaturalist-open-data.s3.amazonaws.com/photos/461985771/medium.jpg,"Mimico-Queensway, Etobicoke, ON, Canada",43.6074924316,-79.4880737726,2.0,Tufted Duck
23916,2025-06-03,CC-BY,https://inaturalist-open-data.s3.amazonaws.com/photos/614876047/medium.jpg,"South Riverdale, Toronto, ON, Canada",43.6616873862,-79.3067337927,103.0,Semipalmated Sandpiper
5444,2025-04-20,,https://static.inaturalist.org/photos/488822369/medium.jpeg,"Scarborough, ON M1M 3H4, Canada",43.70435441,-79.23634131,5.0,Red-winged Blackbird
5906,2025-04-23,CC-BY-NC,https://inaturalist-open-data.s3.amazonaws.com/photos/490309092/medium.jpg,"High Park, Toronto, ON, CA",43.6440086249,-79.4576242175,130.0,Northern Cardinal
5738,2025-04-21,,https://static.inaturalist.org/photos/489421663/medium.jpg,"Corktown Common, Toronto, ON, CA",43.6533783333,-79.3523333333,12.0,Hermit Thrush
3467,2025-03-18,,https://static.inaturalist.org/photos/477734696/medium.jpg,Woodbine Park & Beach,43.6600852545,-79.3096819519,655.0,Redhead
1692,2025-02-09,CC-BY-NC,https://inaturalist-open-data.s3.amazonaws.com/photos/469627724/medium.jpeg,"Humber Bay Shores, ON M8V 0G7, Canada",43.6228632486,-79.4734608382,84.0,Northern Cardinal
20752,2025-11-01,CC-BY-NC,https://inaturalist-open-data.s3.amazonaws.com/photos/587223291/medium.jpg,"73 Cardiff Rd, North York, ON M4P 2P4, Canada",43.713027,-79.3841394,179.0,White-breasted Nuthatch
11291,2025-05-30,CC-BY-NC,https://static.inaturalist.org/photos/513050666/medium.jpg,"South Riverdale, Toronto, ON, Canada",43.6224967554,-79.334642336,61.0,Tree Swallow
17536,2025-09-09,CC-BY-NC,https://inaturalist-open-data.s3.amazonaws.com/photos/568456213/medium.jpg,"Great Lakes Waterfront Tr, Toronto, ON, CA",43.6330866667,-79.4084866667,3.0,Mallard
12771,2025-03-21,CC-BY-NC,https://inaturalist-open-data.s3.amazonaws.com/photos/523123596/medium.jpg,"Royal Ontario Museum, Toronto, ON, CA",43.6683533333,-79.3953866667,28.0,House Sparrow
8269,2025-05-03,CC-BY-NC,https://inaturalist-open-data.s3.amazonaws.com/photos/499685578/medium.jpeg,"Toronto, ON M6S 2W3, Canada",43.6428178316,-79.4658212364,28.0,Baltimore Oriole
10335,2025-05-17,CC-BY-NC,https://inaturalist-open-data.s3.amazonaws.com/photos/508133209/medium.jpg,"Leaside-Bennington, Toronto, ON, Canada",43.68639477,-79.3663927562,39.0,Baltimore Oriole
21449,2025-11-12,CC-BY-NC,https://inaturalist-open-data.s3.amazonaws.com/photos/590883730/medium.jpg,"St. Andrew-Windfields, North York, ON, Canada",43.7629303154,-79.3600830483,4.0,Black-capped Chickadee
12108,2025-06-06,,https://static.inaturalist.org/photos/517698453/medium.jpg,"Corktown Common, Toronto, ON, CA",43.6542866667,-79.3527533333,4.0,American Goldfinch
15417,2025-08-10,CC-BY-NC,https://inaturalist-open-data.s3.amazonaws.com/photos/550728193/medium.jpg,"Humber River, Toronto, ON, CA",43.6427843331,-79.4882269465,35.0,Great Egret
19355,2025-01-20,CC-BY,https://inaturalist-open-data.s3.amazonaws.com/photos/579609951/medium.jpg,"South Riverdale, Toronto, ON, Canada",43.6260182515,-79.3302132497,61.0,Trumpeter Swan
16060,2025-08-24,CC-BY-NC,https://inaturalist-open-data.s3.amazonaws.com/photos/557288470/medium.jpg,"HFVP+MC, Toronto, ON M8V 4B6, Canada",43.5930905077,-79.5118529722,199.0,Great Blue Heron
15945,2025-08-23,CC-BY-NC,https://inaturalist-open-data.s3.amazonaws.com/photos/556513657/medium.jpg,"Clairville, Etobicoke, ON, Canada",43.7377975798,-79.6306113362,15.0,Great Egret
14273,2025-07-18,CC-BY-NC,https://inaturalist-open-data.s3.amazonaws.com/photos/539314903/medium.jpg,"Kings College Cir, Toronto, ON, CA",43.66278,-79.3967366667,13.0,American Robin
23710,2025-09-25,,https://static.inaturalist.org/photos/606542926/medium.jpg,"Woodland Day Use Area (Rouge National Urban Park), 19 Reesor Rd, Scarborough, ON M1X 0A5, Canada",43.8479432,-79.1992091,186.0,Northern Parula
22315,2025-12-02,,https://static.inaturalist.org/photos/596804193/medium.jpg,"Corktown Common, Toronto, ON, CA",43.6546333333,-79.3527666667,4.0,White-throated Sparrow
13444,2025-07-01,CC-BY-NC,https://inaturalist-open-data.s3.amazonaws.com/photos/529980598/medium.jpg,"Centre Island, Toronto, ON, Canada",43.6155277061,-79.3882873062,61.0,American Woodcock
22438,2025-04-24,CC-BY,https://inaturalist-open-data.s3.amazonaws.com/photos/598126844/medium.jpg,"South Riverdale, Toronto, ON, Canada",43.626322373,-79.3243973716,666.0,Short-eared Owl
5221,2025-04-16,CC-BY,https://inaturalist-open-data.s3.amazonaws.com/photos/488018961/medium.png,"Taylor-Massey, ON, Canada",43.6982190361,-79.2929747742,44.0,Eastern Phoebe
9500,2025-05-03,CC-BY-NC,https://inaturalist-open-data.s3.amazonaws.com/photos/503750585/medium.jpg,"Bayview Village, North York, ON, Canada",43.7803688611,-79.3893192156,274.0,Chipping Sparrow
10023,2025-05-13,CC-BY-NC,https://inaturalist-open-data.s3.amazonaws.com/photos/506556438/medium.jpg,"Colonel  Samuel Smith Park, Toronto, ON, Canada",43.5906511232,-79.5131823425,683.0,Canada Goose
13096,2025-06-25,CC-BY-NC,https://inaturalist-open-data.s3.amazonaws.com/photos/526738897/medium.jpg,"The Beaches, Toronto, ON, Canada",43.6783986095,-79.2934648368,2.0,Red-eyed Vireo
15128,2025-08-04,CC-BY-NC,https://inaturalist-open-data.s3.amazonaws.com/photos/548279904/medium.jpg,"Toronto, ON M6R 2Z3, Canada",43.6419070116,-79.4648838043,113.0,Northern Cardinal
21512,2025-11-14,CC-BY-NC,https://inaturalist-open-data.s3.amazonaws.com/photos/591272310/medium.jpg,"Bayview Ave, Toronto, ON, CA",43.7172272216,-79.3782446565,168.0,Northern Cardinal
1470,2025-02-01,CC-BY-NC,https://inaturalist-open-data.s3.amazonaws.com/photos/468709949/medium.jpg,"Bayview Village, Toronto, ON, Canada",43.777636267,-79.3704431046,61.0,Downy Woodpecker
21859,2025-11-13,CC-BY-NC,https://inaturalist-open-data.s3.amazonaws.com/photos/593138328/medium.jpg,"Rouge Marsh, Toronto, ON, Canada",43.7940367747,-79.1202801833,15.0,Common Goldeneye
5212,2025-04-18,CC-BY-NC,https://inaturalist-open-data.s3.amazonaws.com/photos/487981851/medium.jpeg,"South Riverdale, Toronto, ON, Canada",43.6281158406,-79.3256571274,205.0,Mute Swan
17938,2025-08-18,CC-BY,https://inaturalist-open-data.s3.amazonaws.com/photos/570888702/medium.jpg,"Port Lands, Toronto, ON, Canada",43.6446895009,-79.3464091958,15.0,Red-winged Blackbird
20900,2025-10-13,CC0,https://inaturalist-open-data.s3.amazonaws.com/photos/588000844/medium.jpg,"Ontario, CA",43.7321867072,-79.222534063,130.0,White-throated Sparrow
14913,2025-06-13,CC-BY-NC,https://inaturalist-open-data.s3.amazonaws.com/photos/546429733/medium.jpg,"Machells Ave, Toronto, ON, CA",43.6403794952,-79.4257103285,345.0,Red-winged Blackbird
12311,2025-06-10,,https://static.inaturalist.org/photos/519093852/medium.jpg,"Parkside Dr at Garden Ave, Toronto, ON M6R 2Y8, Canada",43.6405907383,-79.4554139301,24.0,Northern Flicker
9602,2025-05-13,CC0,https://inaturalist-open-data.s3.amazonaws.com/photos/504485889/medium.jpeg,"Park Drive Reservation Trail, Toronto, ON, Canada",43.6799277778,-79.3777888889,1.0,Mallard
1563,2025-02-08,,https://static.inaturalist.org/photos/468929206/medium.jpg,"Evergreen Brick Works, Toronto, ON, CA",43.6838,-79.3662633333,5.0,Northern Cardinal
13613,2025-07-05,CC-BY-NC,https://inaturalist-open-data.s3.amazonaws.com/photos/531861021/medium.jpg,"Colonel Samuel Smith Park, 3145 Lake Shore Blvd W, Etobicoke, ON M8V 4B6, Canada",43.591398,-79.5133857,198.0,Cliff Swallow
14120,2025-07-16,CC-BY-NC,https://inaturalist-open-data.s3.amazonaws.com/photos/537584207/medium.jpg,"Taylor Creak Park, ON, Canada",43.6979230359,-79.2957857724,8.0,Solitary Sandpiper
15679,2025-08-16,CC-BY-NC,https://inaturalist-open-data.s3.amazonaws.com/photos/553430752/medium.jpg,"Rouge, Scarborough, ON, Canada",43.8214123968,-79.1646779068,36.0,Solitary Sandpiper
4340,2025-04-06,CC-BY-NC,https://inaturalist-open-data.s3.amazonaws.com/photos/483646913/medium.jpg,"The Bluffs, Toronto, ON, CA",43.6919809577,-79.2590709173,242.0,Red-breasted Merganser
3688,2025-03-22,CC-BY-NC,https://inaturalist-open-data.s3.amazonaws.com/photos/478804453/medium.jpg,"Humber River, Toronto, ON, CA",43.6565466667,-79.5006333333,12.0,Common Goldeneye
19503,2025-10-13,CC-BY-NC,https://inaturalist-open-data.s3.amazonaws.com/photos/580115459/medium.jpg,"Bayview Village, North York, ON, Canada",43.7803290754,-79.3725082777,915.0,Cedar Waxwing
20245,2025-10-23,CC-BY-NC,https://inaturalist-open-data.s3.amazonaws.com/photos/583776780/medium.jpg,"Bayview Village, Toronto, ON, Canada",43.777636267,-79.3704431046,61.0,Cedar Waxwing
10221,2025-05-15,CC-BY-NC,https://inaturalist-open-data.s3.amazonaws.com/photos/507685377/medium.jpg,"Colonel  Samuel Smith Park, Toronto, ON, Canada",43.5906511232,-79.5131823425,683.0,Tree Swallow
5593,2025-04-20,,https://static.inaturalist.org/photos/489059351/medium.jpg,"South Riverdale, Toronto, ON, Canada",43.6491965708,-79.3237503191,31.0,Song Sparrow
9880,2025-05-16,,,"Rosetta McClain Gardens, Toronto, ON, CA",43.696763121,-79.2549450704,16.0,Cerulean Warbler
17948,2025-09-23,CC-BY-NC,,"North York, ON M2H 2G2, Canada",43.80664233,-79.36226323,5.0,Great Horned Owl
17170,2025-09-08,CC-BY-NC,https://inaturalist-open-data.s3.amazonaws.com/photos/566119102/medium.jpg,"Colonel  Samuel Smith Park, Toronto, ON, Canada",43.5906511232,-79.5131823425,683.0,Mallard
14223,2025-07-18,CC-BY-NC,https://inaturalist-open-data.s3.amazonaws.com/photos/538729070/medium.jpg,"Curran Hall, Scarborough, ON, Canada",43.771050911,-79.1992599058,589.0,Eastern Kingbird
10488,2025-05-15,CC-BY-NC,https://inaturalist-open-data.s3.amazonaws.com/photos/509039563/medium.jpg,"Colonel  Samuel Smith Park, Toronto, ON, Canada",43.5906511232,-79.5131823425,683.0,Grey Catbird
2309,2025-02-25,CC-BY-NC,https://inaturalist-open-data.s3.amazonaws.com/photos/472605306/medium.jpg,"Scarborough, ON, Canada",43.7088969605,-79.231747209,520.0,Trumpeter Swan
13921,2025-06-29,CC-BY-NC,https://inaturalist-open-data.s3.amazonaws.com/photos/535250319/medium.jpg,"Colonel  Samuel Smith Park, Toronto, ON, Canada",43.5906511232,-79.5131823425,683.0,Mute Swan
17968,2025-09-23,CC-BY-NC,https://inaturalist-open-data.s3.amazonaws.com/photos/571150379/medium.jpg,"E.T. Seton Park, North York, ON, Canada",43.7155735168,-79.3446412487,4.0,Red-tailed Hawk
8510,2025-04-26,CC-BY-NC,https://inaturalist-open-data.s3.amazonaws.com/photos/500533365/medium.jpeg,"Colonel  Samuel Smith Park, Toronto, ON, Canada",43.5906511232,-79.5131823425,683.0,Common Grackle
8678,2025-04-26,CC-BY-NC,https://inaturalist-open-data.s3.amazonaws.com/photos/500786183/medium.jpeg,"Colonel  Samuel Smith Park, Toronto, ON, Canada",43.5906511232,-79.5131823425,683.0,Northern Cardinal
3658,2025-03-21,CC-BY-NC,https://inaturalist-open-data.s3.amazonaws.com/photos/478591559/medium.jpg,"Sunnybrook Park, Toronto, ON, CA",43.7202877913,-79.3543871758,96.0,Brown-headed Cowbird
9749,2025-05-15,CC-BY-NC,https://inaturalist-open-data.s3.amazonaws.com/photos/505309847/medium.jpg,"Toronto, ON M4T 1B4, Canada",43.6848931313,-79.3867869303,75.0,Northern Cardinal
19972,2025-10-19,CC-BY-NC,https://inaturalist-open-data.s3.amazonaws.com/photos/582619065/medium.jpg,"Toronto Zoo, Toronto, ON, CA",43.8205333333,-79.18225,5.0,Ring-billed Gull
9515,2025-05-12,CC-BY-NC,https://inaturalist-open-data.s3.amazonaws.com/photos/503883787/medium.jpeg,"South Riverdale, Toronto, ON, Canada",43.6595557273,-79.3059019762,4.0,Common Grackle
4200,2025-03-11,CC-BY-NC,https://inaturalist-open-data.s3.amazonaws.com/photos/482775219/medium.jpg,"Inner Harbour, Toronto, ON, CA",43.6395083333,-79.3796833333,34.0,Red-breasted Merganser
23947,2025-11-15,CC-BY-NC,https://inaturalist-open-data.s3.amazonaws.com/photos/617047477/medium.jpg,"New Toronto, Etobicoke, ON, Canada",43.592798468,-79.5111233483,27.0,Green-winged Teal
6976,2025-04-23,CC-BY-NC,https://inaturalist-open-data.s3.amazonaws.com/photos/494054104/medium.jpeg,"Toronto, ON M5J 2W2, Canada",43.6128496095,-79.388845861,17.0,Killdeer
16528,2025-09-01,CC-BY-NC,https://inaturalist-open-data.s3.amazonaws.com/photos/561218837/medium.jpg,"Bayview Village, Toronto, ON, Canada",43.777636267,-79.3704431046,61.0,Red-breasted Nuthatch
14291,2025-07-18,CC-BY-NC,https://inaturalist-open-data.s3.amazonaws.com/photos/539391582/medium.jpg,"Bayview Village, North York, ON, Canada",43.7696520707,-79.3655880798,4.0,American Goldfinch
16532,2025-08-31,CC-BY-NC,https://inaturalist-open-data.s3.amazonaws.com/photos/561237738/medium.jpg,"High Park-Swansea, Toronto, ON, 加拿大",43.6459415887,-79.4696653073,116.0,大蓝鹭
5552,2025-04-20,,https://static.inaturalist.org/photos/489058831/medium.jpg,"South Riverdale, Toronto, ON, Canada",43.6491965708,-79.3237503191,31.0,Yellow-bellied Sapsucker
8811,2025-04-27,CC-BY-NC,https://inaturalist-open-data.s3.amazonaws.com/photos/501241381/medium.jpeg,"Colonel  Samuel Smith Park, Toronto, ON, Canada",43.5906511232,-79.5131823425,683.0,Mallard
6854,2025-04-20,CC-BY-NC,https://inaturalist-open-data.s3.amazonaws.com/photos/493222754/medium.jpg,"Downsview, North York, ON, Canada",43.7397841489,-79.477531417,8.0,Tree Swallow
14300,2025-07-20,CC-BY-NC,https://inaturalist-open-data.s3.amazonaws.com/photos/539590649/medium.jpg,"Woodbine Beach, Toronto, ON, Canada",43.6613409284,-79.3057702891,8.0,Hudsonian Whimbrel
6999,2025-04-27,,,"Sylvan Park - Gates Gully, Toronto, ON, CA",43.7297446667,-79.2203437829,72.0,Downy Woodpecker
10156,2025-05-02,CC-BY-NC,https://inaturalist-open-data.s3.amazonaws.com/photos/507260732/medium.jpg,"Bayview Village, Toronto, ON, Canada",43.777636267,-79.3704431046,61.0,Black-and-white Warbler
7777,2025-04-28,CC-BY-NC,https://inaturalist-open-data.s3.amazonaws.com/photos/498053817/medium.jpeg,"Colonel  Samuel Smith Park, Toronto, ON, Canada",43.5906511232,-79.5131823425,683.0,Brown-headed Cowbird
10606,2025-05-24,CC-BY-NC,https://inaturalist-open-data.s3.amazonaws.com/photos/509792624/medium.jpg,"Cardiff Rd, Toronto, ON, CA",43.7131116667,-79.3840466667,24.0,Blue Jay
15868,2025-08-18,CC-BY-NC,https://inaturalist-open-data.s3.amazonaws.com/photos/555542181/medium.jpg,"Bayview Village, North York, ON, Canada",43.7794889525,-79.3711317091,556.0,American Goldfinch
17628,2025-09-19,CC-BY-NC,https://inaturalist-open-data.s3.amazonaws.com/photos/569117364/medium.jpg,"Ashbridge's Bay Park, Toronto, ON, Canada",43.6556853241,-79.3093181186,4.0,Yellow-rumped Warbler
23193,2025-12-24,CC-BY-NC,https://inaturalist-open-data.s3.amazonaws.com/photos/602707484/medium.jpg,"Bayview Village, North York, ON, Canada",43.7797675208,-79.3725238109,529.0,American Goldfinch
13451,2025-06-28,CC-BY-NC,https://inaturalist-open-data.s3.amazonaws.com/photos/530053740/medium.jpg,"Lakeshore Ave, Toronto, ON, CA",43.61347,-79.3880383333,4.0,Common Tern
5910,2025-04-21,CC-BY-NC,https://inaturalist-open-data.s3.amazonaws.com/photos/490323602/medium.jpg,"Junction Rd, Toronto, ON, CA",43.6678366667,-79.462145,3.0,Killdeer
23675,2025-01-02,CC-BY-NC,https://inaturalist-open-data.s3.amazonaws.com/photos/605943228/medium.jpg,"Bayview Village, Toronto, ON, Canada",43.777636267,-79.3704431046,142.0,Mallard
11373,2025-05-25,CC-BY-NC,https://inaturalist-open-data.s3.amazonaws.com/photos/513532513/medium.jpg,"Toronto, ON M4L 3Z8, Canada",43.6664826621,-79.3111751229,4.0,House Finch
13746,2025-07-05,CC-BY-NC,https://inaturalist-open-data.s3.amazonaws.com/photos/533331731/medium.jpg,"Bayview Village, North York, ON, Canada",43.7803452579,-79.3704122275,599.0,Red-winged Blackbird
19962,2025-10-15,CC-BY-NC,https://inaturalist-open-data.s3.amazonaws.com/photos/582503041/medium.jpg,"Queen St W, Toronto, ON, CA",43.6531716667,-79.3812866667,21.0,House Sparrow
2840,2025-03-07,,https://static.inaturalist.org/photos/475407921/medium.jpeg,"Toronto, ON, Canada",43.6413748654,-79.3229591992,122.0,Long-tailed Duck
18698,2025-10-01,CC-BY-NC,https://inaturalist-open-data.s3.amazonaws.com/photos/575494239/medium.jpg,"Rosetta McClain Gardens, 5 Glen Everest Rd, Scarborough, ON M1N 1J2, Canada",43.6968253,-79.2557466,193.0,White-throated Sparrow
14828,2025-07-31,CC-BY-NC,https://inaturalist-open-data.s3.amazonaws.com/photos/545396474/medium.jpg,"Douglas Ave, Toronto, ON, CA",43.7254716667,-79.4071283333,19.0,Mourning Dove
1459,2025-02-06,CC-BY-NC,https://inaturalist-open-data.s3.amazonaws.com/photos/468600954/medium.jpeg,"South Riverdale, Toronto, ON, Canada",43.643871672,-79.3269905479,61.0,Tundra Swan
7377,2025-04-27,CC-BY-NC,https://inaturalist-open-data.s3.amazonaws.com/photos/496168725/medium.jpg,"Bayview Village, North York, ON, Canada",43.7804876402,-79.3697664354,556.0,Green Heron
11694,2025-06-03,CC-BY-NC,https://inaturalist-open-data.s3.amazonaws.com/photos/515562811/medium.jpg,"Rouge, Scarborough, ON, Canada",43.8224512829,-79.1666893042,317.0,Northern Yellow Warbler
5633,2025-04-18,CC-BY-NC,https://inaturalist-open-data.s3.amazonaws.com/photos/489104674/medium.jpeg,"Colonel  Samuel Smith Park, Toronto, ON, Canada",43.5906511232,-79.5131823425,683.0,Mute Swan
42,2025-01-03,CC-BY-NC,https://inaturalist-open-data.s3.amazonaws.com/photos/461425577/medium.jpg,"Manning Ave, Toronto, ON, CA",43.6488283333,-79.4101716667,21.0,House Sparrow
8543,2025-04-26,CC-BY-NC,https://inaturalist-open-data.s3.amazonaws.com/photos/500547082/medium.jpeg,"Colonel  Samuel Smith Park, Toronto, ON, Canada",43.5906511232,-79.5131823425,683.0,Red-breasted Merganser
20169,2025-10-22,CC-BY-NC,https://inaturalist-open-data.s3.amazonaws.com/photos/583392003/medium.jpg,"Rouge, Scarborough, ON, Canada",43.7931091854,-79.1213595883,412.0,American Crow
17441,2025-09-16,CC-BY-NC,https://inaturalist-open-data.s3.amazonaws.com/photos/567910816/medium.jpg,"High Park-Swansea, Toronto, ON, Canada",43.652509978,-79.4603429031,17.0,Northern Parula
11114,2025-05-05,CC-BY-NC,https://inaturalist-open-data.s3.amazonaws.com/photos/511897002/medium.jpg,"High Park Tr, Toronto, ON, CA",43.64407,-79.4683133333,4.0,Mallard
10022,2025-05-13,CC-BY-NC,https://inaturalist-open-data.s3.amazonaws.com/photos/506556360/medium.jpg,"Colonel  Samuel Smith Park, Toronto, ON, Canada",43.5906511232,-79.5131823425,683.0,Red-winged Blackbird
2182,2025-02-23,CC-BY-NC,https://inaturalist-open-data.s3.amazonaws.com/photos/472133122/medium.jpg,"Great Lakes Waterfront Tr, Toronto, ON, CA",43.6304117798,-79.472450094,109.0,Greater Scaup
11245,2025-05-26,CC-BY-NC,https://inaturalist-open-data.s3.amazonaws.com/photos/512707509/medium.jpg,"Colonel  Samuel Smith Park, Toronto, ON, Canada",43.5906511232,-79.5131823425,683.0,Black-crowned Night Heron
23418,2025-12-28,CC-BY-NC,https://inaturalist-open-data.s3.amazonaws.com/photos/603442895/medium.jpg,"Bayview Village, Toronto, ON, Canada",43.777636267,-79.3704431046,61.0,Northern Cardinal
16727,2025-09-05,CC-BY-NC-SA,https://inaturalist-open-data.s3.amazonaws.com/photos/562721054/medium.jpg,"Ontario, CA",43.6746881629,-79.3120112443,5.0,Magnolia Warbler
13410,2025-06-30,,https://static.inaturalist.org/photos/529738501/medium.jpg,219 Donlea,43.7149757681,-79.3625867398,233.0,Northern Cardinal
23944,2025-11-11,CC-BY-NC,https://inaturalist-open-data.s3.amazonaws.com/photos/615743535/medium.jpg,"Caledonia-Fairbank, York, ON M6E, Canada",43.6849403074,-79.4556323522,89.0,American Goldfinch
22839,2025-12-17,,https://static.inaturalist.org/photos/600676066/medium.jpg,"Lakeridge Dr, Toronto, ON, CA",43.7748165482,-79.1364984378,5.0,Dark-eyed Junco
4850,2025-04-13,CC-BY-NC,https://inaturalist-open-data.s3.amazonaws.com/photos/486160884/medium.jpeg,"73 Cardiff Rd, North York, ON M4P 2P4, Canada",43.713027,-79.3841394,179.0,Northern Cardinal
7762,2025-05-01,CC-BY-NC,,"North York, ON M2K 1Z7, Canada",43.77816919,-79.36935417,7.0,Red-winged Blackbird
11710,2025-06-03,CC-BY-NC,https://inaturalist-open-data.s3.amazonaws.com/photos/515568534/medium.jpg,"Rouge, Scarborough, ON, Canada",43.8224512829,-79.1666893042,317.0,Red-winged Blackbird
16349,2025-08-29,CC-BY-NC,https://inaturalist-open-data.s3.amazonaws.com/photos/559597459/medium.jpg,"Leaside-Bennington, Toronto, ON, Canada",43.7199812809,-79.3546693633,8.0,Northern Cardinal
9962,2025-05-17,CC-BY-NC,https://inaturalist-open-data.s3.amazonaws.com/photos/506286275/medium.jpg,"Ashbridge's Bay Park, Toronto, ON, Canada",43.6611784621,-79.3118119822,8.0,Indigo Bunting
21560,2025-11-13,CC-BY-NC,https://inaturalist-open-data.s3.amazonaws.com/photos/591314047/medium.jpg,"Bayview Village, North York, ON, Canada",43.7809793951,-79.385096426,394.0,Fox Sparrow
11191,2025-05-29,CC-BY-NC,https://inaturalist-open-data.s3.amazonaws.com/photos/512426847/medium.jpg,"Woodbine Beach Dune Habitat, Toronto, ON, Canada",43.66150559,-79.306717665,4.0,Common Tern
12033,2025-06-06,CC-BY-NC,https://inaturalist-open-data.s3.amazonaws.com/photos/516860600/medium.jpg,"Downsview, Toronto, ON, Canada",43.743060288,-79.4820398432,266.0,Double-crested Cormorant
18453,2025-09-29,CC-BY,https://inaturalist-open-data.s3.amazonaws.com/photos/573791136/medium.jpg,"Scarborough, ON M1L 1N5, Canada",43.69831453,-79.28659268,14.0,Mallard
15608,2025-08-13,CC0,https://inaturalist-open-data.s3.amazonaws.com/photos/552803391/medium.jpg,"Ontario, CA",43.6607452879,-79.3176831057,480.0,Mallard
17352,2025-09-15,,https://static.inaturalist.org/photos/567358911/medium.jpg,"Toronto, ON M4T 1L9, Canada",43.6880995089,-79.3932332844,485.0,Nashville Warbler
21300,2025-11-10,CC-BY-NC,https://inaturalist-open-data.s3.amazonaws.com/photos/590407413/medium.jpg,"Hawk Hill - High Park, Toronto, ON, Canada",43.6463000354,-79.4656896358,10.0,Golden Eagle
12452,2025-06-12,CC-BY-NC,https://inaturalist-open-data.s3.amazonaws.com/photos/520125426/medium.jpg,"Colonel  Samuel Smith Park, Toronto, ON, Canada",43.5906511232,-79.5131823425,683.0,Cliff Swallow
1920,2025-02-16,CC-BY-NC,https://inaturalist-open-data.s3.amazonaws.com/photos/470700857/medium.jpg,"High Park-Swansea, Toronto, ON, Canada",43.6410016081,-79.4582040457,31.0,Dark-eyed Junco
12523,2025-06-14,CC-BY-NC,https://inaturalist-open-data.s3.amazonaws.com/photos/520856981/medium.jpg,"Glendon Forest, Toronto, ON, CA",43.7258153148,-79.365855988,36.0,Downy Woodpecker
18765,2025-10-04,CC-BY-NC,https://inaturalist-open-data.s3.amazonaws.com/photos/576020079/medium.jpg,"Toronto, ON, CA",43.6458246991,-79.3478064073,3.0,Great Blue Heron
301,2025-01-08,CC-BY-NC,https://inaturalist-open-data.s3.amazonaws.com/photos/462586052/medium.jpg,"Bridle Path-Sunnybrook-York Mills, Toronto, ON, Canada",43.7302735317,-79.3571613691,418.0,American Goldfinch
17226,2025-09-13,CC-BY-NC,https://inaturalist-open-data.s3.amazonaws.com/photos/566864533/medium.jpg,"Bayview Village, Toronto, ON, Canada",43.777636267,-79.3704431046,61.0,Mallard
7108,2025-04-20,,https://static.inaturalist.org/photos/494592181/medium.jpg,"Crothers Woods, Crothers Woods Trail, East York, ON M4H 1P6, Canada",43.6970372,-79.3590117,204.0,Downy Woodpecker
4100,2025-04-02,,https://static.inaturalist.org/photos/482166427/medium.jpeg,"Toronto, ON, Canada",43.6589072824,-79.3128669275,15.0,Northern Shoveler
3153,2025-03-11,CC-BY-NC,https://inaturalist-open-data.s3.amazonaws.com/photos/476350615/medium.jpeg,"South Riverdale, Toronto, ON, Canada",43.6284979155,-79.3264414208,977.0,Green-winged Teal
12829,2025-06-19,CC-BY-NC,https://inaturalist-open-data.s3.amazonaws.com/photos/523609168/medium.jpg,"Bayview Village, North York, ON, Canada",43.7783817287,-79.3692514587,185.0,Great Blue Heron
17886,2025-09-21,CC-BY-NC,https://inaturalist-open-data.s3.amazonaws.com/photos/570382443/medium.jpg,"Colonel  Samuel Smith Park, Toronto, ON, Canada",43.5906511232,-79.5131823425,683.0,Red-eyed Vireo
23287,2025-09-24,CC-BY,https://inaturalist-open-data.s3.amazonaws.com/photos/602848951/medium.jpg,"South Riverdale, Toronto, ON, Canada",43.6556087777,-79.3103214087,95.0,Blackpoll Warbler
13057,2025-06-24,,https://static.inaturalist.org/photos/526308729/medium.jpg,"Humber Arboretum, Toronto, ON, CA",43.726097149,-79.6089490748,5.0,American Goldfinch
23152,2025-12-25,CC-BY-NC,https://inaturalist-open-data.s3.amazonaws.com/photos/602506131/medium.jpg,"73 Cardiff Rd, North York, ON M4P 2P4, Canada",43.713027,-79.3841394,179.0,House Finch
18294,2025-09-27,,https://inaturalist-open-data.s3.amazonaws.com/photos/572897564/medium.jpg,"Scarborough City Centre, Scarborough, ON, Canada",43.776875,-79.2518527778,18.0,Black-throated Green Warbler
19235,2025-08-14,CC-BY-NC,https://inaturalist-open-data.s3.amazonaws.com/photos/579017037/medium.jpg,"Stonegate-Queensway, Toronto, ON, Canada",43.6473614206,-79.4960549555,429.0,Great Horned Owl
12783,2025-06-18,CC-BY-NC,https://inaturalist-open-data.s3.amazonaws.com/photos/523174744/medium.jpg,"Lower Reesor Pond, Toronto, ON M1B 5W5, Canada",43.8280937,-79.1899396,175.0,Red-winged Blackbird
10534,2025-05-23,CC-BY-NC,https://inaturalist-open-data.s3.amazonaws.com/photos/509382407/medium.jpg,"Simcoe St, Toronto, ON, CA",43.6560502566,-79.3897960025,11.0,Blackburnian Warbler
1428,2025-02-04,CC-BY-NC,https://inaturalist-open-data.s3.amazonaws.com/photos/468263867/medium.jpg,"Toronto, ON, Canada",43.5900397792,-79.5184919237,74.0,Tufted Duck
21380,2025-11-11,CC-BY-NC,https://inaturalist-open-data.s3.amazonaws.com/photos/590752074/medium.jpg,"Bayview Village, Toronto, ON, Canada",43.777636267,-79.3704431046,61.0,White-throated Sparrow
21987,2025-11-23,CC-BY-NC,https://inaturalist-open-data.s3.amazonaws.com/photos/594160880/medium.jpg,"Bayview Village, North York, ON, Canada",43.7799918829,-79.3834993455,619.0,Dark-eyed Junco
15012,2025-07-30,CC-BY,https://inaturalist-open-data.s3.amazonaws.com/photos/547294510/medium.jpg,"Toronto, ON, Canada",43.6673542706,-79.2921052088,324.0,Common Tern
10725,2025-05-24,CC-BY-NC,https://inaturalist-open-data.s3.amazonaws.com/photos/510215907/medium.jpg,"Forest Hill Rd, Toronto, ON, CA",43.6908866667,-79.4052116667,8.0,Cooper's Hawk
424,2025-01-11,CC-BY-NC,https://inaturalist-open-data.s3.amazonaws.com/photos/463207461/medium.jpg,"Bayview Village, North York, ON, Canada",43.7821817658,-79.3730976612,248.0,European Starling
2899,2025-03-10,CC-BY-NC,https://inaturalist-open-data.s3.amazonaws.com/photos/475614477/medium.jpeg,"Scarborough, ON M1C 1A4, Canada",43.7795032632,-79.1893136501,59.0,Mallard
21083,2025-11-07,CC-BY-NC,https://inaturalist-open-data.s3.amazonaws.com/photos/589205948/medium.jpg,"73 Cardiff Rd, North York, ON M4P 2P4, Canada",43.713027,-79.3841394,179.0,White-throated Sparrow
23931,2025-09-28,CC-BY-NC,https://inaturalist-open-data.s3.amazonaws.com/photos/615112143/medium.jpg,"Parkside Dr at Indian Valley Cres South Side, Toronto, ON M6R 2Z9, Canada",43.6518898538,-79.4607270509,199.0,Great Blue Heron
5670,2025-04-20,CC-BY,https://inaturalist-open-data.s3.amazonaws.com/photos/489134938/medium.jpg,"New Toronto, Etobicoke, ON, Canada",43.590296365,-79.5166121775,8.0,Lesser Scaup
19314,2025-10-12,CC-BY-NC,https://inaturalist-open-data.s3.amazonaws.com/photos/579514631/medium.jpg,Toronto,43.7484664917,-79.5667572021,4.0,Cooper's Hawk
13860,2025-07-10,,https://static.inaturalist.org/photos/534628179/medium.jpg,"Humber Polytechnic, Toronto, ON, CA",43.7257133333,-79.6096033333,16.0,Ruby-throated Hummingbird
6587,2025-04-25,CC-BY-NC,https://inaturalist-open-data.s3.amazonaws.com/photos/492045536/medium.jpeg,"Scarborough, ON M1C 2Y9, Canada",43.7942697663,-79.1184865683,40.0,House Sparrow
9791,2025-05-15,CC-BY-NC,https://inaturalist-open-data.s3.amazonaws.com/photos/505433303/medium.jpg,"Downsview, North York, ON, Canada",43.7426640448,-79.4770897431,23.0,Song Sparrow
384,2025-01-09,CC-BY-NC,https://inaturalist-open-data.s3.amazonaws.com/photos/462842362/medium.jpeg,"Ontario, CA",43.5962440378,-79.4043502614,683.0,Bald Eagle
11289,2025-05-30,CC-BY-NC,https://inaturalist-open-data.s3.amazonaws.com/photos/513039904/medium.jpg,"Ontario, CA",43.7275892648,-79.239191687,4.0,House Sparrow
9344,2025-05-10,CC-BY-NC,https://inaturalist-open-data.s3.amazonaws.com/photos/503051429/medium.jpg,"South Riverdale, Toronto, ON, Canada",43.6462508854,-79.3209304339,195.0,Cliff Swallow
9489,2025-05-11,CC-BY-NC,https://inaturalist-open-data.s3.amazonaws.com/photos/503672118/medium.jpeg,"Evergreen Brick Works, 550 Bayview Ave, Toronto, ON M4W 3X8, Canada",43.6843314,-79.3647127,165.0,Northern Yellow Warbler
11445,2025-05-29,CC-BY-NC,https://inaturalist-open-data.s3.amazonaws.com/photos/514225852/medium.jpg,"Isabella St, Toronto, ON, CA",43.6683083333,-79.3821416667,22.0,Barred Owl
11885,2025-05-28,CC-BY-NC,https://inaturalist-open-data.s3.amazonaws.com/photos/516121406/medium.jpg,"Colonel  Samuel Smith Park, Toronto, ON, Canada",43.5906511232,-79.5131823425,683.0,Mallard
11721,2025-06-04,,https://static.inaturalist.org/photos/515601234/medium.jpg,"Etobicoke, ON M8V 3E9, Canada",43.59868341,-79.5080177,6.0,American Robin
15658,2025-02-26,CC-BY,https://inaturalist-open-data.s3.amazonaws.com/photos/553382351/medium.jpg,"Toronto, ON, Canada",43.6659424521,-79.2949826641,51.0,Greater Scaup
4423,2025-04-07,CC-BY-NC,https://inaturalist-open-data.s3.amazonaws.com/photos/484113981/medium.jpg,"Bayview Village, North York, ON, Canada",43.781157954,-79.3858581139,184.0,Downy Woodpecker
3616,2025-03-21,CC-BY-NC,https://inaturalist-open-data.s3.amazonaws.com/photos/478375001/medium.jpg,"Bayview Village, North York, ON, Canada",43.7800802547,-79.3696968253,318.0,Mallard
18319,2025-09-27,CC-BY-NC,https://inaturalist-open-data.s3.amazonaws.com/photos/573003245/medium.jpg,"Leslie St, Toronto, ON, CA",43.6455783333,-79.3203416667,5.0,Mallard
14754,2025-07-15,CC-BY-NC,https://inaturalist-open-data.s3.amazonaws.com/photos/544750155/medium.jpg,"Edenbridge-Humber Valley, Etobicoke, ON, Canada",43.6713282271,-79.5137418005,182.0,Canada Goose
20,2025-01-01,CC-BY-NC,https://inaturalist-open-data.s3.amazonaws.com/photos/461162101/medium.jpg,"Bayview Village, North York, ON, Canada",43.7728881061,-79.3656676589,59.0,Song Sparrow
15500,2025-07-09,CC-BY-NC,https://inaturalist-open-data.s3.amazonaws.com/photos/551840619/medium.jpg,"High Park-Swansea, Toronto, ON, Canada",43.6480875,-79.470809,30.0,Nycticorax nycticorax
7329,2025-04-28,CC-BY-NC,https://inaturalist-open-data.s3.amazonaws.com/photos/496023426/medium.jpeg,"The Beaches, Toronto, ON, Canada",43.6633464036,-79.3122339507,4.0,Green Heron
14778,2025-07-30,CC-BY-NC,https://inaturalist-open-data.s3.amazonaws.com/photos/545147940/medium.jpg,"The Queensway, Toronto, ON, CA",43.6154416667,-79.542145,4.0,American Robin
1115,2025-01-28,CC-BY-NC,https://inaturalist-open-data.s3.amazonaws.com/photos/466626316/medium.jpeg,"Humber Bay Shores, Etobicoke, ON, Canada",43.6213000806,-79.4740144734,306.0,Bald Eagle
17147,2025-09-12,CC-BY-NC,https://inaturalist-open-data.s3.amazonaws.com/photos/566083554/medium.jpg,"305 Erskine Ave, Toronto, ON M4P 1Z7, Canada",43.7141847,-79.3850113,133.0,Northern Flicker
20744,2025-09-14,,https://static.inaturalist.org/photos/587183533/medium.jpg,"Colonel Danforth Park, 73 Colonel Danforth Trail, Toronto, ON M1C 1P8, Canada",43.7782674,-79.1653474,139.0,Red-tailed Hawk
12594,2025-06-15,CC-BY-NC,https://inaturalist-open-data.s3.amazonaws.com/photos/521435964/medium.jpg,"Tommy Thompson Park, Toronto, ON, CA",43.6307692416,-79.323517619,156.0,Tree Swallow
21071,2025-11-07,CC-BY-NC,https://inaturalist-open-data.s3.amazonaws.com/photos/589107793/medium.jpg,"Downsview, North York, ON, Canada",43.7414518531,-79.4799111357,2.0,Eastern Bluebird
21315,2025-11-08,CC-BY-NC,https://inaturalist-open-data.s3.amazonaws.com/photos/590453059/medium.jpg,"Bayview Village, North York, ON, Canada",43.7776571342,-79.3696873869,397.0,Red-bellied Woodpecker
19352,2025-01-13,CC-BY,https://inaturalist-open-data.s3.amazonaws.com/photos/579607418/medium.jpg,"Toronto, ON, Canada",43.6588846197,-79.3134234972,101.0,Common Raven
16233,2025-08-27,CC-BY-NC,https://inaturalist-open-data.s3.amazonaws.com/photos/558862836/medium.jpg,"Rosetta McClain Gardens, 5 Glen Everest Rd, Scarborough, ON M1N 1J2, Canada",43.6968253,-79.2557466,193.0,Red-eyed Vireo
13700,2025-07-06,CC-BY-NC,https://inaturalist-open-data.s3.amazonaws.com/photos/532612148/medium.jpg,"North York, ON M3K 2C5, Canada",43.7439594438,-79.4841427356,187.0,Brown-headed Cowbird
10373,2025-05-19,CC-BY-NC,https://inaturalist-open-data.s3.amazonaws.com/photos/508310444/medium.jpg,"Bayview Village, Toronto, ON, Canada",43.777636267,-79.3704431046,291.0,Rose-breasted Grosbeak
6182,2025-04-24,CC-BY-NC,https://inaturalist-open-data.s3.amazonaws.com/photos/491529311/medium.jpg,"Bayview Village, Toronto, ON, Canada",43.777636267,-79.3704431046,61.0,Mallard
20523,2025-10-11,CC-BY-NC,https://inaturalist-open-data.s3.amazonaws.com/photos/586028501/medium.jpg,"Evergreen Brick Works, 550 Bayview Ave, Toronto, ON M4W 3X8, Canada",43.6843314,-79.3647127,453.0,Song Sparrow
5464,2025-04-20,CC-BY-NC,https://inaturalist-open-data.s3.amazonaws.com/photos/488878889/medium.jpg,"Deer Pen Rd, Toronto, ON, CA",43.6430765298,-79.4593120818,54.0,American Robin
17295,2025-09-14,CC-BY-NC,https://inaturalist-open-data.s3.amazonaws.com/photos/567127398/medium.jpg,"Toronto, ON, CA",43.6207466667,-79.368745,4.0,American Robin
6629,2025-04-26,CC-BY-NC,,"Toronto, CA-ON, CA",43.6500403341,-79.323179014,4.0,Rusty Blackbird
16797,2025-09-05,CC-BY-NC,https://inaturalist-open-data.s3.amazonaws.com/photos/563197825/medium.jpg,"Bremner Blvd, Toronto, ON, CA",43.6424033333,-79.38465,4.0,Common Grackle
22763,2025-12-14,CC-BY-NC,https://inaturalist-open-data.s3.amazonaws.com/photos/599955956/medium.jpg,"Bayview Woods-Steeles, North York, ON, Canada",43.7917747627,-79.3761447246,191.0,Common Raven
240,2025-01-03,CC-BY-NC,https://inaturalist-open-data.s3.amazonaws.com/photos/462271166/medium.jpeg,"Colonel  Samuel Smith Park, Toronto, ON, Canada",43.5906511232,-79.5131823425,683.0,Greater Scaup
1386,2025-02-03,CC-BY-NC,https://inaturalist-open-data.s3.amazonaws.com/photos/467903573/medium.jpeg,"Toronto, ON, Canada",43.6359417191,-79.4585977444,218.0,Common Goldeneye
17467,2025-09-06,CC-BY-NC,https://inaturalist-open-data.s3.amazonaws.com/photos/568024775/medium.jpg,"Great Lakes Waterfront Tr, Toronto, ON, CA",43.6189366667,-79.4814,13.0,Northern Cardinal
3470,2025-03-18,,https://static.inaturalist.org/photos/477734705/medium.jpg,Woodbine Park & Beach,43.6600852545,-79.3096819519,655.0,House Sparrow
15132,2025-08-04,CC-BY-NC,https://inaturalist-open-data.s3.amazonaws.com/photos/548365977/medium.jpg,"High Park-Swansea, Toronto, ON, Canada",43.6417155775,-79.4655137882,61.0,Purple Martin
12580,2025-06-15,CC-BY-NC,https://inaturalist-open-data.s3.amazonaws.com/photos/521357630/medium.jpg,"Woodbine Beach Dune Habitat , Toronto, ON, Canada",43.6597430439,-79.3068259858,4.0,Eastern Kingbird
6715,2025-04-26,,https://static.inaturalist.org/photos/492609746/medium.jpg,"High Park, Toronto, ON, CA",43.6432716667,-79.4671033333,5.0,Red-winged Blackbird
6933,2025-04-27,CC-BY-NC,https://inaturalist-open-data.s3.amazonaws.com/photos/493904455/medium.jpeg,"Toronto, ON M4W 1V4, Canada",43.6803492252,-79.3690425251,19.0,Mallard
14661,2025-07-28,CC-BY-NC,https://inaturalist-open-data.s3.amazonaws.com/photos/543966995/medium.jpg,"Whistle Post St, Toronto, ON, CA",43.6872516024,-79.2951104663,6.0,American Robin
21278,2025-11-10,CC-BY-NC,https://inaturalist-open-data.s3.amazonaws.com/photos/590173799/medium.jpg,"Ashbridge's Bay Park, Toronto, ON, Canada",43.6566390384,-79.3069806514,8.0,Fox Sparrow
23812,2025-05-31,CC-BY-NC,https://inaturalist-open-data.s3.amazonaws.com/photos/610762383/medium.jpg,"Swansea, Toronto, ON, Canada",43.6353253648,-79.4649254127,8.0,Laughing Gull
11265,2025-05-30,CC-BY-NC,https://inaturalist-open-data.s3.amazonaws.com/photos/512927621/medium.jpg,"Bayview Village, Toronto, ON, Canada",43.777636267,-79.3704431046,61.0,Blue Jay
9238,2025-05-09,CC-BY-NC,https://inaturalist-open-data.s3.amazonaws.com/photos/502543054/medium.jpg,"Bayview Village, North York, ON, Canada",43.7776749999,-79.370190977,145.0,Double-crested Cormorant
13563,2025-07-04,CC-BY-NC,https://inaturalist-open-data.s3.amazonaws.com/photos/531387958/medium.jpg,"Blockhouse Bay, Toronto, ON, CA",43.622805,-79.3782716667,21.0,Double-crested Cormorant
12383,2025-06-11,CC-BY-NC,https://inaturalist-open-data.s3.amazonaws.com/photos/519585456/medium.jpg,"Bayview Village, North York, ON, Canada",43.7781940149,-79.3694882387,194.0,Song Sparrow
11741,2025-06-03,CC-BY-NC,https://inaturalist-open-data.s3.amazonaws.com/photos/515671216/medium.jpg,"Cedar Trail and the Beare Wetlands Loop, Bottom of, Zoo Rd, Toronto, ON M1B 5W2, Canada",43.8224231,-79.1664536,185.0,Cedar Waxwing
7272,2025-04-28,CC-BY-NC,https://inaturalist-open-data.s3.amazonaws.com/photos/495901476/medium.jpg,"Yorkland Blvd, Toronto, ON, CA",43.773232447,-79.3354814687,7.0,House Sparrow
5582,2025-04-20,,https://static.inaturalist.org/photos/489059239/medium.jpg,"South Riverdale, Toronto, ON, Canada",43.6491965708,-79.3237503191,31.0,Yellow-rumped Warbler
9542,2025-05-12,CC-BY-NC,https://inaturalist-open-data.s3.amazonaws.com/photos/504102917/medium.jpg,"Bayview Village, Toronto, ON, Canada",43.777636267,-79.3704431046,61.0,Brown-headed Cowbird
10212,2025-05-18,CC-BY-NC,https://inaturalist-open-data.s3.amazonaws.com/photos/507652535/medium.jpg,"Colonel  Samuel Smith Park, Toronto, ON, Canada",43.5906511232,-79.5131823425,683.0,Red-winged Blackbird
13197,2025-06-26,CC-BY-NC,https://inaturalist-open-data.s3.amazonaws.com/photos/527375585/medium.jpg,"Bayview Village, North York, ON, Canada",43.775159391,-79.3676784359,17.0,Mallard
4953,2025-04-06,CC-BY-NC,https://inaturalist-open-data.s3.amazonaws.com/photos/486576001/medium.jpg,"Don Valley Brick Works, Toronto, ON, CA",43.6865531206,-79.3672203495,11.0,Mallard
14284,2025-07-19,CC-BY-NC,https://inaturalist-open-data.s3.amazonaws.com/photos/539356964/medium.jpg,"Great Lakes Waterfront Tr, Toronto, ON, CA",43.6331116667,-79.4084383333,4.0,Mallard
21067,2025-11-07,CC-BY-NC,https://inaturalist-open-data.s3.amazonaws.com/photos/589059219/medium.jpg,"Don Valley Brick Works, Toronto, ON, CA",43.6866520811,-79.3665364199,4.0,Northern Cardinal
8066,2025-05-02,CC-BY-NC,https://inaturalist-open-data.s3.amazonaws.com/photos/499097177/medium.jpeg,"Colonel  Samuel Smith Park, Toronto, ON, Canada",43.5906511232,-79.5131823425,683.0,Song Sparrow
2771,2025-01-10,CC-BY-NC,https://inaturalist-open-data.s3.amazonaws.com/photos/475017638/medium.jpeg,"The Queensway – Humber Bay, Etobicoke, ON, Canada",43.6228757013,-79.4775406804,136.0,Trumpeter Swan
11111,2025-05-27,CC-BY-NC,https://inaturalist-open-data.s3.amazonaws.com/photos/511891536/medium.jpg,"Centennial Scarborough, Scarborough, ON, Canada",43.7730313934,-79.1363913858,244.0,Spotted Sandpiper
9767,2025-05-03,CC-BY-NC,https://inaturalist-open-data.s3.amazonaws.com/photos/505427711/medium.jpg,"Downsview, North York, ON, Canada",43.7454296422,-79.4818098268,15.0,American Goldfinch
15191,2025-08-07,CC-BY-NC,https://inaturalist-open-data.s3.amazonaws.com/photos/549182033/medium.jpg,"Bayview Village, Toronto, ON, Canada",43.777636267,-79.3704431046,61.0,House Sparrow
20021,2025-10-17,CC-BY-NC,https://inaturalist-open-data.s3.amazonaws.com/photos/582714047/medium.jpg,"Bayview Village, Toronto, ON, Canada",43.777636267,-79.3704431046,61.0,Hermit Thrush
21311,2025-11-08,CC-BY-NC,https://inaturalist-open-data.s3.amazonaws.com/photos/590447570/medium.jpg,"Bayview Village, Toronto, ON, Canada",43.777636267,-79.3704431046,61.0,Downy Woodpecker
14174,2025-07-18,,https://static.inaturalist.org/photos/538484181/medium.jpg,"Quebec Ave, Toronto, ON, CA",43.655145,-79.4681633333,13.0,Red-tailed Hawk
3447,2025-03-18,CC-BY-NC,https://inaturalist-open-data.s3.amazonaws.com/photos/477717117/medium.jpeg,"West Humber-Clairville, Etobicoke, ON, Canada",43.7260626377,-79.6037941456,155.0,Bald Eagle
6767,2025-04-26,CC-BY-NC,https://inaturalist-open-data.s3.amazonaws.com/photos/492769521/medium.jpeg,Toronto,43.8279571533,-79.268913269,122.0,Common Grackle
14818,2025-07-03,CC-BY-NC,https://inaturalist-open-data.s3.amazonaws.com/photos/545221489/medium.jpg,"Ontario, CA",43.6602446735,-79.5336641898,31.0,American Robin
21195,2025-10-28,CC-BY-NC,https://inaturalist-open-data.s3.amazonaws.com/photos/589833702/medium.jpg,"Humber Bay Shores, Etobicoke, ON, Canada",43.6176548309,-79.4847384956,491.0,Northern Cardinal
20831,2025-11-02,CC-BY-NC,https://inaturalist-open-data.s3.amazonaws.com/photos/587565422/medium.jpg,"Milliken Park Trail, Toronto, ON, CA",43.8295216667,-79.2724133333,5.0,Northern Cardinal
17255,2025-09-14,CC-BY-NC,https://inaturalist-open-data.s3.amazonaws.com/photos/567040042/medium.jpg,"Beech Ave, Toronto, ON, CA",43.6791484902,-79.2903189792,11.0,Ovenbird
6063,2025-04-24,,https://static.inaturalist.org/photos/490819348/medium.jpg,"Ontario, CA",43.7752424774,-79.5400536312,4.0,Mallard
11777,2025-06-03,CC-BY-NC,https://inaturalist-open-data.s3.amazonaws.com/photos/515812664/medium.jpg,"Lower Reesor Pond, Toronto, ON M1B 5W5, Canada",43.8280937,-79.1899396,175.0,American Robin
21652,2025-11-12,CC-BY-NC,https://inaturalist-open-data.s3.amazonaws.com/photos/591954875/medium.jpg,"Bayview Village, Toronto, ON, Canada",43.777636267,-79.3704431046,61.0,Black-capped Chickadee
11624,2025-05-02,CC-BY-NC,https://inaturalist-open-data.s3.amazonaws.com/photos/515323489/medium.jpg,"Toronto, ON, CA",43.6486883333,-79.3222583333,8.0,White-throated Sparrow
21611,2025-11-10,CC-BY-NC,https://inaturalist-open-data.s3.amazonaws.com/photos/591645840/medium.jpg,"Rouge Beach, Toronto, ON, Canada",43.7942337654,-79.1176433929,15.0,Trumpeter Swan
2049,2025-02-19,CC-BY-NC,https://inaturalist-open-data.s3.amazonaws.com/photos/471431826/medium.jpg,"Banbury-Don Mills, North York, ON, Canada",43.7302505954,-79.3557553234,976.0,Red-breasted Nuthatch
5822,2025-04-22,CC-BY-NC,https://inaturalist-open-data.s3.amazonaws.com/photos/489931846/medium.jpg,"Bayview Village, North York, ON, Canada",43.7792749674,-79.3700017559,342.0,Wood Duck
17116,2025-09-12,CC-BY-NC,https://inaturalist-open-data.s3.amazonaws.com/photos/565888859/medium.jpg,"Ashbridge's Bay Park, Toronto, ON, Canada",43.6579468811,-79.3079288455,4.0,Swainson's Thrush
4599,2025-04-01,CC-BY,https://inaturalist-open-data.s3.amazonaws.com/photos/485206271/medium.png,"Toronto, ON, Canada",43.6667240212,-79.2926273925,197.0,Bufflehead
21153,2025-11-08,CC-BY-NC,https://inaturalist-open-data.s3.amazonaws.com/photos/589567254/medium.jpg,"High Park Loop, Toronto, ON M6R 2Z6, Kanada",43.6473050074,-79.4610619918,150.0,Winterammer
15356,2025-05-31,CC-BY-NC,https://inaturalist-open-data.s3.amazonaws.com/photos/550028136/medium.jpg,"Centre Island, Toronto, ON, Canada",43.6158112571,-79.390868213,4.0,Cedar Waxwing
23067,2025-12-23,CC-BY-NC,https://inaturalist-open-data.s3.amazonaws.com/photos/602113773/medium.jpg,"Toronto, ON, CA",43.7090833333,-79.2268533333,3.0,Hooded Merganser
9688,2025-05-14,CC-BY-NC,https://inaturalist-open-data.s3.amazonaws.com/photos/504965538/medium.jpg,"Don Valley Parkway N, Toronto, ON, CA",43.7353866667,-79.33168,6.0,Red-winged Blackbird
739,2025-01-17,,https://static.inaturalist.org/photos/464328508/medium.jpg,"High Park, Toronto, ON, CA",43.6479383333,-79.4704366667,21.0,綠頭鴨
6544,2025-04-25,CC-BY-NC,https://inaturalist-open-data.s3.amazonaws.com/photos/491972623/medium.jpeg,"Colonel  Samuel Smith Park, Toronto, ON, Canada",43.5906511232,-79.5131823425,683.0,Red-necked Grebe
10879,2025-05-10,CC-BY-NC,https://inaturalist-open-data.s3.amazonaws.com/photos/510700772/medium.jpg,"Colonel  Samuel Smith Park, Toronto, ON, Canada",43.5906511232,-79.5131823425,683.0,Eastern Phoebe
7918,2025-04-29,CC-BY-NC,https://inaturalist-open-data.s3.amazonaws.com/photos/498594596/medium.jpeg,"Rouge Marsh, Toronto, ON, Canada",43.7908222371,-79.1214511642,8.0,Northern Yellow Warbler
13278,2025-04-27,CC-BY-NC,https://inaturalist-open-data.s3.amazonaws.com/photos/528379416/medium.jpg,"Toronto, CA-ON, CA",43.6680833333,-79.4192716667,13.0,Rose-breasted Grosbeak
13870,2025-07-05,CC-BY-NC,https://inaturalist-open-data.s3.amazonaws.com/photos/534831510/medium.jpg,"Rouge Marsh, Toronto, ON, Canada",43.7939516875,-79.1197555127,75.0,Marsh Wren
20696,2025-10-31,CC-BY-NC,https://inaturalist-open-data.s3.amazonaws.com/photos/586703415/medium.jpg,"Walmsley Blvd, Toronto, ON, CA",43.69263,-79.3997116667,12.0,Dark-eyed Junco
23414,2025-12-28,CC-BY-NC,https://inaturalist-open-data.s3.amazonaws.com/photos/603440294/medium.jpg,"Bayview Village, Toronto, ON, Canada",43.777636267,-79.3704431046,61.0,Dark-eyed Junco
23638,2025-10-18,,https://static.inaturalist.org/photos/604949091/medium.jpg,"South Riverdale, Toronto, ON, 加拿大",43.6220287714,-79.3287128065,31.0,歌带鹀
23218,2025-05-16,CC-BY,https://inaturalist-open-data.s3.amazonaws.com/photos/602831923/medium.jpg,"High Park-Swansea, Toronto, ON, Canada",43.6428531828,-79.468135722,126.0,Common Loon
19924,2025-10-19,CC-BY-NC,https://inaturalist-open-data.s3.amazonaws.com/photos/582183966/medium.jpg,"Yonge St, Toronto, ON, CA",43.6535266702,-79.3796264048,42.0,House Sparrow
1981,2025-02-17,CC-BY-NC,https://inaturalist-open-data.s3.amazonaws.com/photos/471006868/medium.jpg,"Bayview Village, North York, ON, Canada",43.7781623417,-79.3700281932,444.0,Downy Woodpecker
7047,2025-04-27,,https://static.inaturalist.org/photos/494418845/medium.jpg,"Flemingdon Park, Toronto, ON, CA",43.715,-79.3423383333,4.0,Myrtle Warbler
17907,2025-02-10,CC-BY-NC,https://inaturalist-open-data.s3.amazonaws.com/photos/570582446/medium.jpg,"New Toronto, Etobicoke, ON, Canada",43.5910167229,-79.5131874485,31.0,Long-eared Owl
10520,2025-05-23,CC-BY-NC,https://inaturalist-open-data.s3.amazonaws.com/photos/509297836/medium.jpg,"High Park-Swansea, Toronto, ON, Canada",43.6526710999,-79.4625029766,123.0,House Sparrow
19914,2025-10-19,,https://static.inaturalist.org/photos/582092608/medium.jpg,"Ontario, CA",43.6728285465,-79.2913907448,21.0,Peregrine Falcon
2016,2025-01-27,,https://static.inaturalist.org/photos/471109326/medium.jpeg,"Toronto, ON, Canada",43.6174349005,-79.4773641229,17.0,American Black Duck
16261,2025-08-27,,https://static.inaturalist.org/photos/559165881/medium.jpg,"Lower River St, Toronto, ON, CA",43.656025,-79.3549416667,10.0,Mourning Dove
15204,2025-08-06,CC-BY-NC,https://inaturalist-open-data.s3.amazonaws.com/photos/549203112/medium.jpg,"Eglinton Ave W, Toronto, ON, CA",43.7014076036,-79.4216915162,62.0,American Robin
15978,2025-08-21,CC-BY-NC,https://inaturalist-open-data.s3.amazonaws.com/photos/556904328/medium.jpg,"Bayview Village, North York, ON, Canada",43.7822404793,-79.3750296255,730.0,Song Sparrow
11938,2025-06-06,CC-BY-NC,https://inaturalist-open-data.s3.amazonaws.com/photos/516529233/medium.jpg,"Ossington Ave, Toronto, ON, CA",43.66665,-79.4278416667,5.0,Red-tailed Hawk
2091,2025-02-19,CC-BY-NC,https://inaturalist-open-data.s3.amazonaws.com/photos/471676810/medium.jpg,"Bayview Village, Toronto, ON, Canada",43.777636267,-79.3704431046,61.0,Downy Woodpecker
5771,2025-04-21,CC-BY-NC,https://inaturalist-open-data.s3.amazonaws.com/photos/489537101/medium.jpeg,"Home Smith Park, 4101 Dundas St W, Toronto, ON M8X 1X1, Canada",43.6619099,-79.5068818,188.0,Double-crested Cormorant
8019,2025-05-02,CC-BY-NC,https://inaturalist-open-data.s3.amazonaws.com/photos/498970262/medium.jpg,"Bayview Village, Toronto, ON, Canada",43.777636267,-79.3704431046,61.0,Downy Woodpecker
13493,2025-07-02,,https://static.inaturalist.org/photos/530564876/medium.jpg,"King St E, Toronto, ON, CA",43.6569166667,-79.3554533333,8.0,Hairy Woodpecker
17412,2025-09-10,,https://static.inaturalist.org/photos/567619804/medium.jpg,"High Park, Toronto, ON M6R 2Z3, Canada",43.6465479,-79.4636903,583.0,Cedar Waxwing
15112,2025-08-05,,https://static.inaturalist.org/photos/548003683/medium.jpg,"Humber Arboretum, Toronto, ON, CA",43.7255966667,-79.6090783333,4.0,Chipping Sparrow
6806,2025-04-26,CC-BY-NC,https://inaturalist-open-data.s3.amazonaws.com/photos/493031949/medium.jpg,"High Park Tr, Toronto, ON, CA",43.6424913537,-79.4577049558,3.0,Wood Duck
5691,2025-04-21,CC-BY-NC,https://inaturalist-open-data.s3.amazonaws.com/photos/489251952/medium.jpg,"North York General Hospital, Toronto, ON, CA",43.7683716667,-79.363,2.0,Canada Goose
7088,2025-04-26,CC-BY-NC,https://inaturalist-open-data.s3.amazonaws.com/photos/494509441/medium.jpeg,"Bridle Path-Sunnybrook-York Mills, Toronto, ON, Canada",43.7266063031,-79.3562028238,100.0,White-breasted Nuthatch
19079,2025-10-08,CC0,https://inaturalist-open-data.s3.amazonaws.com/photos/578082973/medium.jpg,"Ontario, CA",43.6818598748,-79.2126853345,493.0,Ruby-crowned Kinglet
5378,2025-04-19,CC-BY-NC,https://inaturalist-open-data.s3.amazonaws.com/photos/488514263/medium.jpeg,"South Riverdale, Toronto, ON, Canada",43.6301097614,-79.325840224,61.0,Canada Goose
5084,2025-04-16,CC-BY-NC,https://inaturalist-open-data.s3.amazonaws.com/photos/487226744/medium.jpg,"Bayview Village, North York, ON, Canada",43.782983892,-79.3748409652,512.0,Northern Cardinal
16153,2025-08-19,CC-BY-NC,https://inaturalist-open-data.s3.amazonaws.com/photos/558228029/medium.jpg,"Laird Dr, Toronto, ON, CA",43.715805,-79.36535,3.0,Mourning Dove
5735,2025-04-21,CC-BY-NC,https://inaturalist-open-data.s3.amazonaws.com/photos/489412771/medium.jpg,"Ashbridge's Bay Park, Toronto, ON, Canada",43.6562905651,-79.3102246468,15.0,Tree Swallow
7091,2025-04-26,CC-BY-NC,https://inaturalist-open-data.s3.amazonaws.com/photos/494519122/medium.jpeg,"Bridle Path-Sunnybrook-York Mills, Toronto, ON, Canada",43.7255228154,-79.3610855331,100.0,Black-capped Chickadee
9216,2025-05-09,,https://static.inaturalist.org/photos/502999877/medium.jpg,"Norman Jewison Park, Toronto, ON, CA",43.667175,-79.384475,22.0,Feral Pigeon
14757,2025-07-29,CC-BY-NC,https://inaturalist-open-data.s3.amazonaws.com/photos/544927384/medium.jpg,"JGVM+F5, Toronto, ON M6S 2W3, Canada",43.6401774117,-79.5581671326,401.0,Mallard
17728,2025-09-19,CC-BY-NC,https://inaturalist-open-data.s3.amazonaws.com/photos/569750602/medium.jpg,"Colonel  Samuel Smith Park, Toronto, ON, Canada",43.5906511232,-79.5131823425,683.0,Magnolia Warbler
5138,2025-04-17,,https://static.inaturalist.org/photos/487650938/medium.jpeg,"Toronto, ON M6S 2V4, Canada",43.6464716481,-79.4692745805,48.0,American Tree Sparrow
14945,2025-07-29,CC-BY-NC,https://inaturalist-open-data.s3.amazonaws.com/photos/546814498/medium.jpg,"Steeles Ave E, Toronto, ON, CA",43.829405,-79.271705,4.0,Trumpeter Swan
16196,2025-08-27,CC0,https://inaturalist-open-data.s3.amazonaws.com/photos/558676626/medium.jpg,"Toronto, ON, Canada",43.6317827487,-79.3220317307,31.0,American Herring Gull
12644,2025-06-16,CC-BY-NC,https://inaturalist-open-data.s3.amazonaws.com/photos/522161533/medium.jpg,"The Beaches, Toronto, ON, Canada",43.6763376497,-79.2936081799,4.0,Common Grackle
15096,2025-08-01,CC-BY-NC,https://inaturalist-open-data.s3.amazonaws.com/photos/547772563/medium.jpg,"Pelmo Park-Humberlea, North York, ON, Canada",43.732222,-79.540947,8.0,Song Sparrow
12181,2025-05-30,CC-BY-NC,https://inaturalist-open-data.s3.amazonaws.com/photos/518103639/medium.jpg,"Colonel  Samuel Smith Park, Toronto, ON, Canada",43.5906511232,-79.5131823425,683.0,Double-crested Cormorant
18957,2025-10-05,,https://static.inaturalist.org/photos/577531764/medium.jpg,"Flemingdon Park, Toronto, ON, CA",43.7153783333,-79.3416666667,9.0,White-breasted Nuthatch
15648,2025-01-27,CC-BY,https://inaturalist-open-data.s3.amazonaws.com/photos/553374104/medium.jpg,"Toronto, ON, Canada",43.7921417078,-79.1188176821,246.0,Canada Goose
733,2025-01-12,CC-BY-NC,https://inaturalist-open-data.s3.amazonaws.com/photos/464278024/medium.jpeg,"Rouge Beach, Toronto, ON, Canada",43.7942596928,-79.117351032,15.0,Greater Scaup
19806,2025-10-17,CC-BY-NC,https://inaturalist-open-data.s3.amazonaws.com/photos/581394815/medium.jpg,Toronto,43.6506195068,-79.3987045288,10.0,Feral Pigeon
20047,2025-02-25,CC-BY,https://inaturalist-open-data.s3.amazonaws.com/photos/582905293/medium.jpg,"Toronto, ON, Canada",43.6569750497,-79.3080592605,68.0,Gadwall
19614,2025-10-15,CC-BY-NC,https://inaturalist-open-data.s3.amazonaws.com/photos/580604917/medium.jpg,"Woodbine Beach Dune Habitat, Toronto, ON, Canada",43.6596928015,-79.3069497088,8.0,Red-tailed Hawk
2163,2025-02-23,,https://static.inaturalist.org/photos/472116440/medium.jpg,"South Riverdale, Toronto, ON, Canada",43.6256467807,-79.3312673665,122.0,Greater Scaup
5409,2025-04-19,CC-BY-NC,https://inaturalist-open-data.s3.amazonaws.com/photos/488718361/medium.jpg,"Downsview Park, Toronto, ON, CA",43.742942997,-79.4815969375,118.0,Northern Flicker
11985,2025-06-02,CC-BY-NC,https://inaturalist-open-data.s3.amazonaws.com/photos/516757289/medium.jpg,"Golfdale-Cedarbrae-Woburn, Scarborough, ON, Canada",43.7543531384,-79.2291298013,15.0,Cooper's Hawk
8501,2025-04-26,CC-BY-NC,https://inaturalist-open-data.s3.amazonaws.com/photos/500532602/medium.jpeg,"Colonel  Samuel Smith Park, Toronto, ON, Canada",43.5906511232,-79.5131823425,683.0,Red-winged Blackbird
5922,2025-04-23,,https://static.inaturalist.org/photos/490332576/medium.jpeg,"South Riverdale, Toronto, ON, Canada",43.646238294,-79.321086692,31.0,Barn Swallow
21072,2025-10-22,,https://static.inaturalist.org/photos/589109004/medium.jpg,"High Park Tr, Toronto, ON, CA",43.6445407503,-79.4683555939,68.0,White-breasted Nuthatch
19802,2025-10-17,CC-BY-NC,https://inaturalist-open-data.s3.amazonaws.com/photos/581377174/medium.jpg,"Douglas Ave, Toronto, ON, CA",43.7255383333,-79.4071416667,13.0,Cooper's Hawk
3295,2025-03-15,CC-BY-NC,https://inaturalist-open-data.s3.amazonaws.com/photos/476884052/medium.jpg,"Lake Ontario, Toronto, ON, CA",43.6263574908,-79.3302929275,69.0,American Coot
21877,2025-11-21,CC0,https://inaturalist-open-data.s3.amazonaws.com/photos/593380349/medium.jpg,"Humber College - North Campus, Toronto, ON, CA",43.7260033333,-79.6088033333,4.0,Common Raven
12932,2025-06-19,CC-BY-NC,https://inaturalist-open-data.s3.amazonaws.com/photos/524788534/medium.jpg,"Colonel  Samuel Smith Park, Toronto, ON, Canada",43.5906511232,-79.5131823425,683.0,Double-crested Cormorant
22887,2025-12-18,CC-BY-NC,https://inaturalist-open-data.s3.amazonaws.com/photos/600852640/medium.jpg,"Bayview Village, North York, ON, Canada",43.7785915029,-79.3772766104,561.0,Downy Woodpecker
23612,2025-12-31,,https://static.inaturalist.org/photos/604325808/medium.jpg,"Lake Ontario, Toronto, ON, CA",43.621047194,-79.3275773091,125.0,Ruddy Duck
12100,2025-06-07,CC-BY-NC,https://inaturalist-open-data.s3.amazonaws.com/photos/517437520/medium.jpg,"Ontario, CA",43.6962459079,-79.3283168028,1.0,Red-winged Blackbird
14351,2025-07-21,CC-BY-NC,https://inaturalist-open-data.s3.amazonaws.com/photos/540229868/medium.jpg,"Woodbine Beach Dune Habitat, Toronto, ON, Canada",43.6597327812,-79.3083595098,8.0,Savannah Sparrow
23432,2025-12-23,CC-BY-NC,https://inaturalist-open-data.s3.amazonaws.com/photos/603458117/medium.jpg,"The Kingsway, Etobicoke, ON, Canada",43.6474981197,-79.5117165645,993.0,Dark-eyed Junco
3635,2025-03-16,CC-BY-NC,https://inaturalist-open-data.s3.amazonaws.com/photos/478420384/medium.jpeg,"The Kingsway, Etobicoke, ON, Canada",43.647482593,-79.5117380222,931.0,Cooper's Hawk
12082,2025-06-07,CC-BY-NC,https://inaturalist-open-data.s3.amazonaws.com/photos/517372458/medium.jpg,"Leaside-Bennington, Toronto, ON, Canada",43.6866743014,-79.3665988371,66.0,Purple Martin
5719,2025-04-20,CC-BY-NC,https://inaturalist-open-data.s3.amazonaws.com/photos/489392273/medium.jpg,"Bayview Village, North York, ON, Canada",43.7798059929,-79.3691656255,364.0,Wood Duck
1686,2025-02-09,CC-BY-NC,https://inaturalist-open-data.s3.amazonaws.com/photos/469626382/medium.jpeg,"Humber Bay Shores, ON M8V 0E7, Canada",43.6234668535,-79.4766791537,32.0,White-throated Sparrow
10965,2025-05-26,CC-BY-NC,https://inaturalist-open-data.s3.amazonaws.com/photos/511138906/medium.jpg,"Humber Bay Shores, ON M8V 0G7, Canada",43.62524022,-79.47076075,4.0,Northern Cardinal
8673,2025-04-26,CC-BY-NC,https://inaturalist-open-data.s3.amazonaws.com/photos/500782625/medium.jpeg,"Colonel  Samuel Smith Park, Toronto, ON, Canada",43.5906511232,-79.5131823425,683.0,Mute Swan
18645,2025-09-10,CC0,https://inaturalist-open-data.s3.amazonaws.com/photos/575227077/medium.jpg,"David A. Balfour Park, Toronto, ON, Canada",43.6855888936,-79.3872033548,15.0,American Goldfinch
3708,2025-03-20,CC-BY-NC,https://inaturalist-open-data.s3.amazonaws.com/photos/479042002/medium.png,"Toronto, ON, Canada",43.6649713789,-79.2960708935,15.0,Long-tailed Duck
17472,2025-09-15,CC-BY-NC,https://inaturalist-open-data.s3.amazonaws.com/photos/568055533/medium.jpg,"Colonel  Samuel Smith Park, Toronto, ON, Canada",43.5906511232,-79.5131823425,683.0,Mallard
7373,2025-04-27,CC-BY-NC,https://inaturalist-open-data.s3.amazonaws.com/photos/496152873/medium.jpg,"Bayview Village, North York, ON, Canada",43.7818162328,-79.3697545972,105.0,Double-crested Cormorant
20901,2025-10-13,CC0,https://inaturalist-open-data.s3.amazonaws.com/photos/588000846/medium.jpg,"Ontario, CA",43.7265015127,-79.3026152688,130.0,Song Sparrow
18344,2025-09-27,,https://static.inaturalist.org/photos/573025123/medium.jpg,"Olympic Park, Toronto, ON, CA",43.6424216667,-79.3847883333,3.0,Feral Pigeon
10163,2025-05-19,,https://static.inaturalist.org/photos/507330039/medium.jpg,"Toronto, CA-ON, CA",43.6644092451,-79.4287712127,4.0,Yellow-bellied Flycatcher
9674,2025-05-14,CC-BY-NC,https://inaturalist-open-data.s3.amazonaws.com/photos/504835869/medium.jpg,"Ashbridge's Bay Park, Toronto, ON, Canada",43.6615064508,-79.3055978087,8.0,Lesser Black-backed Gull
23892,2025-12-21,CC-BY-NC,https://inaturalist-open-data.s3.amazonaws.com/photos/613210962/medium.jpg,"Centro de Toronto, Toronto, Ontario, Canadá",43.643633928,-79.3644755597,62.0,Pato chillón
9452,2025-05-11,CC0,https://inaturalist-open-data.s3.amazonaws.com/photos/503549463/medium.jpeg,"Dufferin Grove, Toronto, ON, Canada",43.6569271637,-79.4321324193,15.0,Magnolia Warbler
20339,2025-10-18,CC-BY-NC,https://inaturalist-open-data.s3.amazonaws.com/photos/584768976/medium.jpg,"Bayview Village, Toronto, ON, Canada",43.777636267,-79.3704431046,61.0,American Robin
11134,2025-05-06,CC-BY-NC,https://inaturalist-open-data.s3.amazonaws.com/photos/512031083/medium.jpg,"Bayview Village, Toronto, ON, Canada",43.777636267,-79.3704431046,61.0,Black-throated Blue Warbler
22407,2025-12-07,,https://static.inaturalist.org/photos/598004860/medium.jpg,"Underhill Dr, Toronto, ON, CA",43.7501076413,-79.3261147932,20.0,Dark-eyed Junco
22449,2025-05-02,CC-BY,https://inaturalist-open-data.s3.amazonaws.com/photos/598136303/medium.jpg,"South Riverdale, Toronto, ON, Canada",43.6620419088,-79.3104994957,135.0,White-crowned Sparrow
3443,2025-03-16,CC-BY-NC,https://inaturalist-open-data.s3.amazonaws.com/photos/477700483/medium.jpg,"Tommy Thompson Park, Toronto, ON, CA",43.646676907,-79.3206912479,73.0,Red-tailed Hawk
19874,2025-10-18,,https://static.inaturalist.org/photos/581842133/medium.jpg,"Corktown Common, Toronto, ON, CA",43.6544416667,-79.35257,2.0,White-throated Sparrow
16634,2025-09-03,CC-BY-NC,https://inaturalist-open-data.s3.amazonaws.com/photos/562068475/medium.jpg,"SickKids, Toronto, ON, CA",43.6565946264,-79.3885153759,51.0,American Robin
740,2025-01-17,CC-BY-NC,https://inaturalist-open-data.s3.amazonaws.com/photos/464331802/medium.jpg,"Christie St, Toronto, ON, CA",43.6637235326,-79.4183565784,23.0,Red-tailed Hawk
10613,2025-05-24,,https://static.inaturalist.org/photos/514867078/medium.jpg,"North York, ON M3C 1V4, Canada",43.7247387128,-79.3269022554,135.0,Northern Cardinal
23609,2025-12-31,,https://static.inaturalist.org/photos/604324951/medium.jpg,"Lake Ontario, Toronto, ON, CA",43.640631782,-79.3192034254,270.0,American Herring Gull
858,2025-01-12,CC-BY-NC,https://inaturalist-open-data.s3.amazonaws.com/photos/464813232/medium.jpeg,"Colonel  Samuel Smith Park, Toronto, ON, Canada",43.5906511232,-79.5131823425,683.0,American Black Duck
15664,2025-04-10,CC-BY,https://inaturalist-open-data.s3.amazonaws.com/photos/553390332/medium.jpg,"Henry Farm, North York, ON M2J, Canada",43.7732618522,-79.3454817134,200.0,Merlin
51,2025-01-03,CC-BY-NC,https://inaturalist-open-data.s3.amazonaws.com/photos/461507665/medium.jpg,"South Riverdale, Toronto, ON, Canada",43.64753258,-79.3285623455,8.0,American Coot
14145,2025-07-10,CC-BY-NC,https://inaturalist-open-data.s3.amazonaws.com/photos/537901527/medium.jpg,"Colonel  Samuel Smith Park, Toronto, ON, Canada",43.5906511232,-79.5131823425,683.0,American Robin
17564,2025-09-03,CC-BY-NC,https://inaturalist-open-data.s3.amazonaws.com/photos/568730080/medium.jpg,"Rosetta McClain Gardens, 5 Glen Everest Rd, Scarborough, ON M1N 1J2, Canada",43.6968253,-79.2557466,193.0,Mourning Dove
14789,2025-07-30,,https://static.inaturalist.org/photos/545166643/medium.jpg,"Lake Shore Blvd W, Toronto, ON, CA",43.6005346897,-79.5101860632,4.0,House Sparrow
12705,2025-05-16,,https://static.inaturalist.org/photos/522707003/medium.jpg,"Birch Cliff, Scarborough, ON, Canada",43.6967054157,-79.2552000347,4.0,Blackburnian Warbler
18922,2025-10-06,CC-BY-NC,https://inaturalist-open-data.s3.amazonaws.com/photos/577118596/medium.jpg,"73 Cardiff Rd, North York, ON M4P 2P4, Canada",43.713027,-79.3841394,179.0,Red-bellied Woodpecker
23636,2025-12-31,CC-BY-NC,https://static.inaturalist.org/photos/604858791/medium.jpg,"Tommy Thompson Park, Toronto, Ontario",43.629599,-79.326564,1.0,American Northern Shrike
18360,2025-09-27,CC-BY-NC,https://inaturalist-open-data.s3.amazonaws.com/photos/573056024/medium.jpg,"Toronto, ON, CA",43.6596368699,-79.306917819,30.0,Rusty Blackbird
18803,2025-10-04,CC-BY-NC,https://inaturalist-open-data.s3.amazonaws.com/photos/576154666/medium.jpg,"HFVP+MC, Toronto, ON M8V 4B6, Canada",43.5929989624,-79.5117027685,23.0,Great Blue Heron
21133,2025-11-08,CC-BY-NC,https://inaturalist-open-data.s3.amazonaws.com/photos/589499647/medium.jpg,"Rouge National Urban Park, Rouge Beach and Marsh, 195 Rouge Hills Dr, Scarborough, ON M1C 2Z1, Canada",43.789969,-79.1216979,185.0,Gadwall
9101,2025-05-08,CC-BY-NC,https://inaturalist-open-data.s3.amazonaws.com/photos/501966017/medium.jpg,"Ashbridge's Bay Park, Toronto, ON, Canada",43.6556637244,-79.3106492296,15.0,Cliff Swallow
4511,2025-04-09,,https://static.inaturalist.org/photos/484588581/medium.jpg,"Corktown Common, Toronto, ON, CA",43.6542366667,-79.3528283333,8.0,Yellow-bellied Sapsucker
4240,2025-04-04,CC-BY-NC,https://inaturalist-open-data.s3.amazonaws.com/photos/482897989/medium.jpg,"Smythe Park, Toronto, ON, CA",43.673700248,-79.5013519692,62.0,Wood Duck
518,2025-01-09,CC-BY-NC,https://inaturalist-open-data.s3.amazonaws.com/photos/463508077/medium.jpeg,"Colonel  Samuel Smith Park, Toronto, ON, Canada",43.5906511232,-79.5131823425,683.0,American Black Duck
5569,2025-04-20,,https://static.inaturalist.org/photos/489059004/medium.jpg,"South Riverdale, Toronto, ON, Canada",43.6491965708,-79.3237503191,31.0,Yellow-rumped Warbler
10590,2025-05-14,CC-BY,https://inaturalist-open-data.s3.amazonaws.com/photos/509481271/medium.jpg,"St.Andrew-Windfields, North York, ON, Canada",43.7651412503,-79.3584785057,67.0,Song Sparrow
6104,2025-04-25,CC-BY-NC,https://inaturalist-open-data.s3.amazonaws.com/photos/491329600/medium.jpg,"Colonel Samuel Smith Park Dr, Toronto, ON, CA",43.5917957593,-79.5142493584,4.0,Tree Swallow
9320,2025-05-10,CC-BY-NC,https://inaturalist-open-data.s3.amazonaws.com/photos/502949644/medium.jpeg,"Toronto, ON, Canada",43.6561315521,-79.3076296836,127.0,Mute Swan
19589,2025-10-14,CC-BY-NC,https://inaturalist-open-data.s3.amazonaws.com/photos/580392481/medium.jpg,"Bayview Village, Toronto, ON, Canada",43.777636267,-79.3704431046,61.0,American Goldfinch
10025,2025-05-13,CC-BY-NC,https://inaturalist-open-data.s3.amazonaws.com/photos/506557895/medium.jpg,"Colonel  Samuel Smith Park, Toronto, ON, Canada",43.5906511232,-79.5131823425,683.0,American Goldfinch
6326,2025-04-25,CC-BY-NC,https://inaturalist-open-data.s3.amazonaws.com/photos/491755486/medium.jpg,"Bayview Village, Toronto, ON, Canada",43.777636267,-79.3704431046,61.0,White-throated Sparrow
540,2025-01-09,CC-BY-NC,https://inaturalist-open-data.s3.amazonaws.com/photos/463517088/medium.jpeg,"Colonel  Samuel Smith Park, Toronto, ON, Canada",43.5906511232,-79.5131823425,683.0,Gadwall
15904,2025-08-21,,https://static.inaturalist.org/photos/555803682/medium.jpg,"Eringate, Toronto, ON, CA",43.6478058088,-79.5943750665,173.0,Double-crested Cormorant
17243,2025-09-14,CC-BY-NC,https://inaturalist-open-data.s3.amazonaws.com/photos/566968392/medium.jpg,"Rouge, Scarborough, ON, Canada",43.7943975018,-79.1192688864,2.0,Bald Eagle
15905,2025-08-21,CC-BY-NC,https://inaturalist-open-data.s3.amazonaws.com/photos/555813441/medium.jpg,"Ontario, CA",43.6275409956,-79.3438640163,5.0,Eastern Kingbird
4913,2025-04-14,CC-BY-NC,https://inaturalist-open-data.s3.amazonaws.com/photos/486474769/medium.jpg,"Bayview Village, North York, ON, Canada",43.7803055758,-79.3893452682,94.0,Dark-eyed Junco
5685,2025-04-20,CC-BY-NC,https://inaturalist-open-data.s3.amazonaws.com/photos/489238981/medium.jpg,"Canary Crescent, North York, ON M2K, Canada",43.7815154017,-79.3883480356,219.0,Downy Woodpecker
23197,2025-12-25,CC-BY-NC,https://inaturalist-open-data.s3.amazonaws.com/photos/602709508/medium.jpg,"Bayview Village, Toronto, ON, Canada",43.777636267,-79.3704431046,191.0,Red-bellied Woodpecker
9102,2025-05-08,CC-BY-NC,https://inaturalist-open-data.s3.amazonaws.com/photos/501966113/medium.jpg,"Ashbridge's Bay Park, Toronto, ON, Canada",43.6562435038,-79.3074713247,4.0,Thayer's Gull
3012,2025-03-11,,https://static.inaturalist.org/photos/475911969/medium.jpeg,"Toronto, ON M6R, Canada",43.6490136611,-79.4706304371,24.0,Domestic Mallard
13772,2025-07-01,,https://static.inaturalist.org/photos/533671599/medium.jpg,"Toronto, ON M6S 2W3, Canada",43.642240382,-79.4663207978,72.0,Blue-gray Gnatcatcher
8250,2025-05-03,CC-BY-NC,https://inaturalist-open-data.s3.amazonaws.com/photos/499642241/medium.jpg,"Grenadier Pond, Toronto, ON, CA",43.643831042,-79.4678776319,23.0,Wood Duck
18165,2025-09-24,CC-BY-NC,https://inaturalist-open-data.s3.amazonaws.com/photos/572094467/medium.jpg,"Rosetta McClain Gardens, 5 Glen Everest Rd, Scarborough, ON M1N 1J2, Canada",43.6968253,-79.2557466,193.0,Song Sparrow
8378,2025-05-04,CC-BY-NC,https://inaturalist-open-data.s3.amazonaws.com/photos/499977780/medium.jpg,"Earl Bales Park, Toronto, ON, CA",43.75277395,-79.4330846,918.0,Northern House Wren
6454,2025-04-25,CC-BY-NC,https://inaturalist-open-data.s3.amazonaws.com/photos/491844497/medium.jpg,"Rosetta McClain Gardens, 5 Glen Everest Rd, Scarborough, ON M1N 1J2, Canada",43.6968253,-79.2557466,193.0,Dark-eyed Junco
8539,2025-04-26,CC-BY-NC,https://inaturalist-open-data.s3.amazonaws.com/photos/500546136/medium.jpeg,"Colonel  Samuel Smith Park, Toronto, ON, Canada",43.5906511232,-79.5131823425,683.0,Song Sparrow
6359,2025-04-25,,https://static.inaturalist.org/photos/491818304/medium.jpeg,"North York, ON M2R 3V6, Canada",43.7815833515,-79.4530985132,9.0,Mallard
12091,2025-06-07,CC-BY-NC,https://inaturalist-open-data.s3.amazonaws.com/photos/517416918/medium.jpg,"Bayview Village, North York, ON, Canada",43.7814728208,-79.3728082278,174.0,Song Sparrow
12074,2025-06-07,CC-BY-NC,,"Toronto, CA-ON, CA",43.6828278667,-79.3674384803,4.0,Eastern Wood-Pewee
15320,2025-05-07,CC-BY-NC,https://inaturalist-open-data.s3.amazonaws.com/photos/549997088/medium.jpg,"Thistletown-Beaumond Heights, Toronto, ON, Canada",43.7402296398,-79.5493920043,4.0,Nashville Warbler
23277,2025-05-24,CC-BY,https://inaturalist-open-data.s3.amazonaws.com/photos/602847717/medium.jpg,"South Riverdale, Toronto, ON, Canada",43.655659964,-79.3098785664,110.0,Blackpoll Warbler
13029,2025-06-23,CC0,https://inaturalist-open-data.s3.amazonaws.com/photos/525842741/medium.jpg,"Park Drive Reservation Lands, Toronto, ON, Canada",43.6799277778,-79.3777888889,1.0,Mallard
16981,2025-08-30,,https://static.inaturalist.org/photos/565116180/medium.jpg,"High Park-Swansea, Toronto, ON, Canada",43.6426894074,-79.4671363459,15.0,Song Sparrow
2223,2025-02-23,CC-BY-NC,https://inaturalist-open-data.s3.amazonaws.com/photos/472306656/medium.jpeg,"Toronto, ON, Canada",43.6308874087,-79.4075417078,290.0,Redhead
9224,2025-05-09,CC-BY-NC,https://inaturalist-open-data.s3.amazonaws.com/photos/502506876/medium.jpeg,"North Bendale, Scarborough, ON M1H, Canada",43.7693813474,-79.2437213782,40.0,American Goldfinch
7761,2025-02-09,CC-BY-NC,https://inaturalist-open-data.s3.amazonaws.com/photos/497894002/medium.jpg,Earl Bales Park,43.7516699068,-79.4291483482,837.0,Red-tailed Hawk
19200,2025-10-10,CC-BY-NC,https://inaturalist-open-data.s3.amazonaws.com/photos/578637922/medium.jpg,"Bayview Village, North York, ON, Canada",43.7814622498,-79.3719164683,375.0,Cedar Waxwing
5449,2025-04-20,CC-BY-NC,https://inaturalist-open-data.s3.amazonaws.com/photos/488858699/medium.jpg,"Bayview Village, North York, ON, Canada",43.7821846827,-79.3745189062,657.0,Red-winged Blackbird
22445,2025-04-30,CC-BY,https://inaturalist-open-data.s3.amazonaws.com/photos/598130916/medium.jpg,"South Riverdale, Toronto, ON, Canada",43.6597900103,-79.3079897813,81.0,Killdeer
4941,2025-04-14,CC-BY-NC,https://inaturalist-open-data.s3.amazonaws.com/photos/486563850/medium.jpg,"Edwards Gardens, 755 Lawrence Ave E, North York, ON M3C 1P2, Canada",43.7338039,-79.357924,193.0,American Goldfinch
20999,2025-11-05,,https://static.inaturalist.org/photos/588452118/medium.jpg,"Toronto, ON, CA",43.6702028099,-79.3682238406,514.0,House Finch
23073,2025-12-23,CC-BY-NC,https://inaturalist-open-data.s3.amazonaws.com/photos/602114586/medium.jpg,"Ashbridges Bay Park, Toronto, ON, Canada",43.6565348601,-79.3097273813,8.0,Mute Swan
6733,2025-04-26,,https://static.inaturalist.org/photos/492634822/medium.jpg,"High Park, Toronto, ON, CA",43.6510783333,-79.46298,4.0,American Goldfinch
3217,2025-03-14,CC-BY-NC,https://inaturalist-open-data.s3.amazonaws.com/photos/476540302/medium.jpg,"Humber River Recreational Tr, Toronto, ON, CA",43.6523966667,-79.4958633333,10.0,Common Goldeneye
14215,2025-07-18,CC-BY-NC,https://inaturalist-open-data.s3.amazonaws.com/photos/538714247/medium.jpg,"Taylor Creek Park, ON, Canada",43.6978572404,-79.2957600358,4.0,Mallard
5975,2025-04-23,CC-BY-NC,https://inaturalist-open-data.s3.amazonaws.com/photos/490427478/medium.jpeg,"North York, ON M2K 1E6, Canada",43.7683693367,-79.3852235377,277.0,Barred Owl
6500,2025-04-25,CC-BY-NC,https://inaturalist-open-data.s3.amazonaws.com/photos/491928555/medium.jpg,"Toronto, ON, Canada",43.694081704,-79.2564225199,474.0,Chipping Sparrow
16499,2025-08-31,,https://static.inaturalist.org/photos/561121976/medium.jpg,"High Park-Swansea, Toronto, ON, Canada",43.6439148956,-79.4586300851,31.0,Green Heron
22287,2025-11-30,CC-BY-NC,https://inaturalist-open-data.s3.amazonaws.com/photos/596387686/medium.jpg,"Bayview Village, North York, ON, Canada",43.7802397621,-79.3838426683,591.0,Northern Cardinal
6791,2025-04-26,CC-BY-NC-SA,https://inaturalist-open-data.s3.amazonaws.com/photos/492986938/medium.jpeg,"North York, ON M6L 2L2, Canada",43.7166559804,-79.473256655,284.0,Mallard
18999,2025-10-08,CC-BY-NC,https://inaturalist-open-data.s3.amazonaws.com/photos/577858528/medium.jpg,"Rosetta McClain Gardens, 5 Glen Everest Rd, Scarborough, ON M1N 1J2, Canada",43.6968253,-79.2557466,193.0,Sharp-shinned Hawk
21920,2025-11-22,,https://static.inaturalist.org/photos/593761465/medium.jpg,"High Park Tr, Toronto, ON, CA",43.6434661853,-79.4676697301,281.0,Common Merganser
22122,2025-11-27,,https://static.inaturalist.org/photos/595397152/medium.jpg,"Lake Ontario, Toronto, ON, CA",43.7088734982,-79.2279146145,107.0,American Herring Gull
16472,2025-09-01,CC-BY-NC,,"Toronto, CA-ON, CA",43.6782148301,-79.3732582033,5.0,Red-eyed Vireo
3202,2025-02-05,CC-BY-NC,https://inaturalist-open-data.s3.amazonaws.com/photos/476413559/medium.jpeg,"The Queensway – Humber Bay, Etobicoke, ON, Canada",43.6234058506,-79.4763418997,619.0,Red-breasted Merganser
17202,2025-09-10,CC-BY-NC,https://inaturalist-open-data.s3.amazonaws.com/photos/566659081/medium.jpg,"Colonel  Samuel Smith Park, Toronto, ON, Canada",43.5906511232,-79.5131823425,683.0,Mute Swan
1969,2025-02-15,,https://static.inaturalist.org/photos/470904838/medium.jpeg,"New Toronto, Etobicoke, ON, Canada",43.5915083333,-79.5134,1.0,White-winged Scoter
17615,2025-08-06,CC-BY-NC,https://inaturalist-open-data.s3.amazonaws.com/photos/569012728/medium.jpg,"Humber Bay Park East, 100 Humber Bay Park Road East, Toronto, ON M8V 3X7, Canada",43.6216874,-79.4755451,303.0,Hooded Merganser
21390,2025-11-11,CC-BY-NC,https://inaturalist-open-data.s3.amazonaws.com/photos/590756293/medium.jpg,"The Kingsway, Etobicoke, ON, Canada",43.6475291733,-79.5115878185,954.0,Dark-eyed Junco
9461,2025-04-19,,https://static.inaturalist.org/photos/503610541/medium.jpg,"Toronto, CA-ON, CA",43.7939866855,-79.1219898374,59.0,Great Blue Heron
15772,2025-08-18,CC-BY-NC,https://inaturalist-open-data.s3.amazonaws.com/photos/554382205/medium.jpg,"Ashbridge's Bay Park, Toronto, ON, Canada",43.6556888674,-79.3110254618,4.0,Chestnut-sided Warbler
19508,2025-10-13,CC-BY-NC,https://inaturalist-open-data.s3.amazonaws.com/photos/580141238/medium.jpg,"Bayview Village, North York, ON, Canada",43.7816972411,-79.3721016306,481.0,Yellow-rumped Warbler
20160,2025-10-22,CC-BY-NC,https://inaturalist-open-data.s3.amazonaws.com/photos/583391842/medium.jpg,"Rouge, Scarborough, ON, Canada",43.7931091854,-79.1213595883,412.0,Northern Shoveler
16668,2025-09-03,CC-BY-NC,https://inaturalist-open-data.s3.amazonaws.com/photos/562456320/medium.jpg,"Rosetta McClain Gardens, 5 Glen Everest Rd, Scarborough, ON M1N 1J2, Canada",43.6968253,-79.2557466,193.0,Northern Flicker
22984,2025-12-18,CC-BY-NC,https://inaturalist-open-data.s3.amazonaws.com/photos/601479983/medium.jpg,"High Park-Swansea, Toronto, ON, Canada",43.646658009,-79.4697821185,8.0,Rusty Blackbird
12496,2025-01-12,,https://static.inaturalist.org/photos/520570775/medium.jpg,"Lake Crescent Park, 55 Lake Crescent, Etobicoke, ON M8V 2P3, Canada",43.6074596,-79.4881255,38.0,Tufted Duck
17153,2025-09-08,CC-BY-NC,https://inaturalist-open-data.s3.amazonaws.com/photos/566103021/medium.jpg,"Colonel  Samuel Smith Park, Toronto, ON, Canada",43.5906511232,-79.5131823425,683.0,Great Blue Heron
2293,2025-02-25,CC-BY-NC,https://inaturalist-open-data.s3.amazonaws.com/photos/472604693/medium.jpg,"Scarborough, ON, Canada",43.7088969605,-79.231747209,520.0,Trumpeter Swan
4975,2025-04-14,CC-BY-NC,https://inaturalist-open-data.s3.amazonaws.com/photos/486579873/medium.jpg,"Bridle Path-Sunnybrook-York Mills, Toronto, ON, Canada",43.7255675317,-79.3528828392,841.0,American Goldfinch
12898,2025-06-21,CC-BY-NC,https://inaturalist-open-data.s3.amazonaws.com/photos/524543427/medium.jpg,"Lake Ontario, Toronto, ON, CA",43.5909449123,-79.5135430154,3.0,Tree Swallow
18912,2025-10-06,CC-BY-NC,https://inaturalist-open-data.s3.amazonaws.com/photos/577058873/medium.jpg,"Saulter St, Toronto, ON, CA",43.6579783333,-79.3473583333,3.0,Black-capped Chickadee
20865,2025-11-03,CC-BY-NC,https://inaturalist-open-data.s3.amazonaws.com/photos/587853729/medium.jpg,"South Riverdale, Toronto, ON, Canada",43.65339399,-79.325045166,51.0,Razorbill
20398,2025-10-25,CC-BY-NC,https://inaturalist-open-data.s3.amazonaws.com/photos/585233456/medium.jpg,"Bayview Village, North York, ON, Canada",43.7812468912,-79.3724355813,244.0,Black-capped Chickadee
563,2025-01-09,CC-BY-NC,https://inaturalist-open-data.s3.amazonaws.com/photos/463567608/medium.jpeg,"Colonel  Samuel Smith Park, Toronto, ON, Canada",43.5906511232,-79.5131823425,683.0,Red-breasted Merganser
18727,2025-10-03,CC-BY-NC,https://inaturalist-open-data.s3.amazonaws.com/photos/575600160/medium.jpg,"Bayview Village, North York, ON, Canada",43.7782455398,-79.3693646487,480.0,Red-breasted Nuthatch
8621,2025-04-26,CC-BY-NC,https://inaturalist-open-data.s3.amazonaws.com/photos/500750401/medium.jpeg,"Colonel  Samuel Smith Park, Toronto, ON, Canada",43.5906511232,-79.5131823425,683.0,Double-crested Cormorant
23186,2025-12-24,CC-BY-NC,https://inaturalist-open-data.s3.amazonaws.com/photos/602595143/medium.jpg,"Cliffcrest, Scarborough, ON, Canada",43.7060185328,-79.234140848,62.0,Mallard
16315,2025-08-29,CC-BY-NC,https://inaturalist-open-data.s3.amazonaws.com/photos/559500426/medium.jpg,"North York General Hospital, Toronto, ON, CA",43.7685380927,-79.3613704073,8.0,Solitary Sandpiper
17238,2025-09-14,CC-BY-NC,https://inaturalist-open-data.s3.amazonaws.com/photos/566947488/medium.jpg,"Clairville, Etobicoke, ON, Canada",43.7419990122,-79.6304250044,15.0,Broad-winged Hawk
4270,2025-04-05,CC-BY-NC,https://inaturalist-open-data.s3.amazonaws.com/photos/483224377/medium.jpg,"Ontario, CA",43.6562074436,-79.3254491733,4.0,Long-tailed Duck
19745,2025-10-16,,https://static.inaturalist.org/photos/581102029/medium.jpg,"Corktown Common, Toronto, ON, CA",43.65503,-79.351945,4.0,American Kestrel
1964,2025-02-15,,https://static.inaturalist.org/photos/470889250/medium.jpeg,"High Park-Swansea, Toronto, ON, Canada",43.6488277778,-79.4707416667,1.0,Domestic Mallard
20312,2025-10-25,,https://inaturalist-open-data.s3.amazonaws.com/photos/584461681/medium.jpg,"Scarborough City Centre, Scarborough, ON, Canada",43.7769666667,-79.2515944444,17.0,Golden-crowned Kinglet
5785,2025-04-22,CC-BY-NC,https://inaturalist-open-data.s3.amazonaws.com/photos/489789393/medium.jpg,"Ashbridge's Bay Park, Toronto, ON, Canada",43.6560383417,-79.3078291251,2.0,Red-winged Blackbird
18683,2025-09-25,,https://static.inaturalist.org/photos/575305155/medium.jpg,"Corktown Common, Toronto, ON, CA",43.6541633333,-79.35222,11.0,Yellow-rumped Warbler
18526,2025-09-28,,https://static.inaturalist.org/photos/574464130/medium.jpg,"Dufferin St, Toronto, ON, CA",43.6657654139,-79.4380137508,14.0,Feral Pigeon
15317,2025-05-06,CC-BY-NC,https://inaturalist-open-data.s3.amazonaws.com/photos/549995967/medium.jpg,"High Park-Swansea, Toronto, ON, Canada",43.6478887098,-79.4611596175,8.0,Cape May Warbler
3867,2025-03-26,CC-BY-NC,https://inaturalist-open-data.s3.amazonaws.com/photos/480178154/medium.jpg,"Rouge, Scarborough, ON, Canada",43.792263381,-79.1205441776,31.0,Red-winged Blackbird
16591,2025-09-02,CC-BY-NC,https://inaturalist-open-data.s3.amazonaws.com/photos/561679851/medium.jpg,"Bayview Village, Toronto, ON, Canada",43.777636267,-79.3704431046,61.0,Downy Woodpecker
4279,2025-04-05,CC-BY-NC,https://inaturalist-open-data.s3.amazonaws.com/photos/483319706/medium.jpeg,"Evergreen Brick Works, 550 Bayview Ave, Toronto, ON M4W 3X8, Canada",43.6843314,-79.3647127,165.0,Canada Goose
19902,2025-10-17,CC-BY-NC,https://inaturalist-open-data.s3.amazonaws.com/photos/581916728/medium.jpg,"Bayview Village, Toronto, ON, Canada",43.777636267,-79.3704431046,61.0,Ruby-crowned Kinglet
9067,2025-05-08,CC-BY-NC,https://inaturalist-open-data.s3.amazonaws.com/photos/501821718/medium.jpeg,"East End-Danforth, Toronto, ON, Canada",43.6850106462,-79.306651857,72.0,Nashville Warbler
8315,2025-04-28,CC-BY-NC,https://inaturalist-open-data.s3.amazonaws.com/photos/499712782/medium.jpeg,"Colonel  Samuel Smith Park, Toronto, ON, Canada",43.5906511232,-79.5131823425,683.0,Red-winged Blackbird
22499,2025-05-05,CC-BY,https://inaturalist-open-data.s3.amazonaws.com/photos/598394295/medium.jpg,"South Riverdale, Toronto, ON, Canada",43.6483579776,-79.3247520627,130.0,Field Sparrow
21287,2025-11-08,CC-BY-NC,https://inaturalist-open-data.s3.amazonaws.com/photos/590189179/medium.jpg,"Toronto, ON M4M 3M9, Canada",43.6452289872,-79.3209956959,37.0,Red-tailed Hawk
17556,2025-09-18,,https://static.inaturalist.org/photos/568731239/medium.jpg,"Toronto, ON M6S 2V5, Canada",43.6479435445,-79.4702760503,28.0,Magnolia Warbler
3424,2025-03-18,,https://static.inaturalist.org/photos/477647474/medium.jpeg,"Toronto, ON M6S 5A3, Canada",43.6409054334,-79.4575140998,30.0,Wood Duck
2400,2025-02-26,CC-BY-NC,https://inaturalist-open-data.s3.amazonaws.com/photos/473219328/medium.jpeg,"Rouge Beach, Toronto, ON M1C 2Y9, Canada",43.7933533,-79.1183363,171.0,Greater Scaup
22465,2025-05-03,CC-BY,https://inaturalist-open-data.s3.amazonaws.com/photos/598140700/medium.jpg,"Downsview, North York, ON, Canada",43.7400647565,-79.4832524339,91.0,American Herring Gull
15231,2025-08-09,CC-BY-NC,https://inaturalist-open-data.s3.amazonaws.com/photos/549786022/medium.jpg,"Guild Park And Gardens, Toronto, ON, CA",43.7476783944,-79.1902717003,21.0,American Crow
20891,2025-11-02,CC-BY,https://inaturalist-open-data.s3.amazonaws.com/photos/587977475/medium.jpg,"South Riverdale, Toronto, ON, Canada",43.6533278405,-79.3253846883,31.0,Razorbill
19694,2025-10-16,,https://static.inaturalist.org/photos/581063711/medium.jpg,"Bayview Ave, Toronto, ON, CA",43.6566883333,-79.3541116667,31.0,Dark-eyed Junco
7751,2025-04-28,CC-BY-NC,https://inaturalist-open-data.s3.amazonaws.com/photos/497887800/medium.jpg,"Rockcliffe-Smythe, York, ON, Canada",43.6793477767,-79.5068660747,81.0,Canada Goose
5921,2025-04-23,,https://static.inaturalist.org/photos/490332577/medium.jpeg,"South Riverdale, Toronto, ON, Canada",43.6512985646,-79.3212472121,149.0,American Goldfinch
2512,2025-02-24,CC-BY-NC,https://inaturalist-open-data.s3.amazonaws.com/photos/473345533/medium.jpeg,"Rouge Beach, Toronto, ON, Canada",43.7944416857,-79.1174610026,15.0,American Black Duck × Mallard
13324,2025-06-29,CC-BY-NC,https://inaturalist-open-data.s3.amazonaws.com/photos/528865438/medium.jpg,"Tommy Thompson Park, Toronto, ON, CA",43.6311055418,-79.323976652,310.0,Double-crested Cormorant
3768,2025-03-21,CC-BY-NC,https://inaturalist-open-data.s3.amazonaws.com/photos/479564017/medium.jpg,"Bayview Village, North York, ON, Canada",43.7814777428,-79.3731313446,761.0,Red-tailed Hawk
19452,2025-10-13,CC-BY-NC,https://inaturalist-open-data.s3.amazonaws.com/photos/579927384/medium.jpg,"Walmsley Blvd, Toronto, ON, CA",43.6925716667,-79.39962,15.0,Black-capped Chickadee
17925,2025-09-22,,https://static.inaturalist.org/photos/570773781/medium.jpg,"Corktown Common, Toronto, ON, CA",43.6544616667,-79.3525383333,8.0,Eastern Wood-Pewee
19942,2025-10-16,CC-BY-NC,https://inaturalist-open-data.s3.amazonaws.com/photos/582278041/medium.jpg,"Bayview Village, Toronto, ON, Canada",43.777636267,-79.3704431046,61.0,Ruby-crowned Kinglet
9363,2025-05-07,CC-BY-NC,https://inaturalist-open-data.s3.amazonaws.com/photos/503136448/medium.jpeg,"Colonel  Samuel Smith Park, Toronto, ON, Canada",43.5906511232,-79.5131823425,683.0,White-crowned Sparrow
6499,2025-04-25,CC-BY-NC,https://inaturalist-open-data.s3.amazonaws.com/photos/491928507/medium.jpg,"Toronto, ON, Canada",43.694081704,-79.2564225199,474.0,Brown Creeper
8887,2025-04-27,CC-BY-NC,https://inaturalist-open-data.s3.amazonaws.com/photos/501429765/medium.jpeg,"Colonel  Samuel Smith Park, Toronto, ON, Canada",43.5906511232,-79.5131823425,683.0,Red-necked Grebe
22171,2025-11-27,CC-BY-NC,https://inaturalist-open-data.s3.amazonaws.com/photos/595632912/medium.jpg,"Bayview Village, North York, ON, Canada",43.7800646787,-79.3731434993,641.0,Black-capped Chickadee
8584,2025-05-05,CC-BY-NC,https://inaturalist-open-data.s3.amazonaws.com/photos/500690389/medium.jpeg,"High Park-Swansea, Toronto, ON, Canada",43.6399295027,-79.455112315,15.0,American Goldfinch
11896,2025-05-17,CC-BY-NC,https://inaturalist-open-data.s3.amazonaws.com/photos/517294827/medium.jpg,"E Don River Trail, Toronto, ON, CA",43.7964866667,-79.381355,37.0,Northern Cardinal
19574,2025-10-14,CC-BY-NC,https://inaturalist-open-data.s3.amazonaws.com/photos/580382876/medium.jpg,"Bayview Village, North York, ON, Canada",43.7816705139,-79.3720452144,394.0,American Robin
1723,2025-02-12,CC-BY-NC-ND,https://inaturalist-open-data.s3.amazonaws.com/photos/469878970/medium.jpeg,"Colonel Samuel Smith Park, 3145 Lake Shore Blvd W, Etobicoke, ON M8V 4B6, Canada",43.591398,-79.5133857,198.0,Long-tailed Duck
3913,2025-03-28,CC-BY-NC,https://inaturalist-open-data.s3.amazonaws.com/photos/480655430/medium.png,"Toronto, ON, Canada",43.6257111769,-79.3567307305,500.0,Common Goldeneye
19551,2025-10-14,CC-BY-NC,https://inaturalist-open-data.s3.amazonaws.com/photos/580329391/medium.jpg,"Bayview Woods-Steeles, North York, ON, Canada",43.7923773503,-79.3793507546,166.0,Red-breasted Nuthatch
18130,2025-09-16,CC-BY-NC,https://inaturalist-open-data.s3.amazonaws.com/photos/572028158/medium.jpg,"Rouge Beach, Scarborough, ON, Canada",43.7941816132,-79.1175833688,15.0,Ring-billed Gull
12927,2025-06-19,CC-BY-NC,https://inaturalist-open-data.s3.amazonaws.com/photos/524788343/medium.jpg,"Colonel  Samuel Smith Park, Toronto, ON, Canada",43.5906511232,-79.5131823425,683.0,American Black Duck
10288,2025-05-19,,https://static.inaturalist.org/photos/507882270/medium.jpg,"Tiverton Ave, Toronto, ON, CA",43.665445,-79.3453,42.0,Northern Cardinal
4901,2025-04-14,CC-BY-NC,https://inaturalist-open-data.s3.amazonaws.com/photos/486468445/medium.jpg,"Bayview Village, North York, ON, Canada",43.7829282898,-79.3770938269,726.0,Song Sparrow
18456,2025-09-23,CC-BY-NC,https://inaturalist-open-data.s3.amazonaws.com/photos/573794160/medium.jpg,"Downtown Toronto, Toronto, ON, Canada",43.6438472222,-79.3888027778,14.0,Feral Pigeon
4907,2025-04-14,,https://static.inaturalist.org/photos/486473362/medium.jpg,"Corktown Common, Toronto, ON, CA",43.654225,-79.3528283333,4.0,Hermit Thrush
23182,2025-12-25,CC-BY-NC,https://inaturalist-open-data.s3.amazonaws.com/photos/602554098/medium.jpg,"High Park, Toronto, ON, CA",43.6487466667,-79.4705883333,18.0,Mallard
6871,2025-03-25,,https://static.inaturalist.org/photos/493517022/medium.jpg,"University of Toronto - St. George Campus, Toronto, ON, CA",43.6633265247,-79.3981340368,154.0,House Sparrow
12504,2025-06-13,CC-BY-NC,https://inaturalist-open-data.s3.amazonaws.com/photos/520671503/medium.jpg,"Bayview Village, North York, ON, Canada",43.7784665083,-79.3702273718,533.0,Song Sparrow
11238,2025-05-25,CC-BY-NC,https://inaturalist-open-data.s3.amazonaws.com/photos/512703634/medium.jpg,"The Kingsway, Etobicoke, ON, Canada",43.6475602268,-79.5116092762,992.0,European Starling
22086,2025-11-26,CC-BY-NC,https://inaturalist-open-data.s3.amazonaws.com/photos/595014338/medium.jpg,"Bayview Village, North York, ON, Canada",43.7821388561,-79.3729394528,486.0,Black-capped Chickadee
647,2025-01-14,CC-BY-NC,https://inaturalist-open-data.s3.amazonaws.com/photos/463961205/medium.jpeg,"Toronto, ON, Canada",43.6673797705,-79.2919342965,55.0,Bufflehead
13172,2025-06-26,CC-BY-NC,https://inaturalist-open-data.s3.amazonaws.com/photos/527325066/medium.jpg,"Ontario, CA",43.7998389053,-79.5468651347,236.0,Mallard
18701,2025-10-01,CC-BY-NC,https://inaturalist-open-data.s3.amazonaws.com/photos/575494345/medium.jpg,"Rosetta McClain Gardens, 5 Glen Everest Rd, Scarborough, ON M1N 1J2, Canada",43.6968253,-79.2557466,193.0,Ruby-crowned Kinglet
488,2025-01-12,CC-BY-NC,https://inaturalist-open-data.s3.amazonaws.com/photos/463376519/medium.jpg,"Pioneer Village, Toronto, ON, CA",43.776775,-79.5097416667,4.0,Northern Mockingbird
4447,2025-04-08,CC-BY-NC,https://inaturalist-open-data.s3.amazonaws.com/photos/484184544/medium.jpg,"Bay St, Toronto, ON, CA",43.6547576823,-79.3820690923,28.0,Feral Pigeon
19497,2025-10-13,CC-BY-NC,https://inaturalist-open-data.s3.amazonaws.com/photos/580115306/medium.jpg,"Bayview Woods-Steeles, North York, ON, Canada",43.7921847587,-79.3799220239,405.0,Red-bellied Woodpecker
6526,2025-04-25,CC-BY-NC,https://inaturalist-open-data.s3.amazonaws.com/photos/491929186/medium.jpg,"Toronto, ON, Canada",43.694081704,-79.2564225199,474.0,Ring-billed Gull
15910,2025-08-21,CC-BY-NC,https://inaturalist-open-data.s3.amazonaws.com/photos/555841398/medium.jpg,"Commissioners St, Toronto, ON, CA",43.6491012608,-79.3463605223,645.0,Red-winged Blackbird
1564,2025-02-08,,https://static.inaturalist.org/photos/468930128/medium.jpg,"Corktown Common, Toronto, ON, CA",43.6541966667,-79.3528366667,7.0,American Tree Sparrow
14277,2025-07-19,CC-BY-NC,https://inaturalist-open-data.s3.amazonaws.com/photos/539323755/medium.jpg,"High Park, Toronto, ON, CA",43.6462533333,-79.4692166667,7.0,Black-crowned Night Heron
2146,2025-02-23,,https://static.inaturalist.org/photos/472110993/medium.jpg,"Toronto, ON, Canada",43.621717827,-79.3268403366,31.0,American Black Duck
20725,2025-10-11,CC-BY-NC,https://inaturalist-open-data.s3.amazonaws.com/photos/587099855/medium.jpg,"Lambton Baby Point, Toronto, ON, Canada",43.6545401429,-79.4988972035,755.0,Great Egret
11465,2025-05-30,CC0,https://inaturalist-open-data.s3.amazonaws.com/photos/514328389/medium.jpg,"Crescent Road, Rosedale, Toronto, ON, Canada",43.6777888889,-79.3848583333,1.0,American Robin
20650,2025-04-16,CC-BY-NC,https://inaturalist-open-data.s3.amazonaws.com/photos/586493181/medium.jpg,"High Park - North Half, Toronto, ON, Canada",43.6490889589,-79.4642275187,440.0,American Robin
14732,2025-07-29,,https://static.inaturalist.org/photos/544619295/medium.jpg,"High Park, Toronto, ON, CA",43.6434873753,-79.4593678416,4.0,Red-headed Woodpecker
10345,2025-05-17,,https://static.inaturalist.org/photos/508238795/medium.jpg,"South Riverdale, Toronto, ON, Canada",43.6567645892,-79.3052819885,31.0,Northern Cardinal
23669,2025-07-18,,https://static.inaturalist.org/photos/605414603/medium.jpg,"Lower Reesor Pond, Toronto, ON M1B 5W5, Canada",43.8280937,-79.1899396,175.0,Mallard
5006,2025-01-16,CC-BY-NC,https://inaturalist-open-data.s3.amazonaws.com/photos/486875596/medium.jpg,"Carl Hall Rd, Toronto, ON, CA",43.7436333333,-79.471245,26.0,Northern Cardinal
14160,2025-07-11,CC-BY-NC,https://inaturalist-open-data.s3.amazonaws.com/photos/538199158/medium.jpg,"Lower Reesor Pond, Toronto, ON M1B 5W5, Canada",43.8280937,-79.1899396,175.0,Mallard
9095,2025-05-07,CC-BY-NC,https://inaturalist-open-data.s3.amazonaws.com/photos/501945710/medium.jpeg,"High Park-Swansea, Toronto, ON, Canada",43.6420357681,-79.4626352933,4.0,Red-winged Blackbird
5044,2025-04-15,CC-BY,https://inaturalist-open-data.s3.amazonaws.com/photos/487069458/medium.png,"South Riverdale, Toronto, ON, Canada",43.657018384,-79.3052210262,154.0,Northern Rough-winged Swallow
23663,2025-12-17,CC-BY-NC,https://inaturalist-open-data.s3.amazonaws.com/photos/605275169/medium.jpg,"South Riverdale, Toronto, ON, Canada",43.6209795447,-79.3292685772,43.0,Rough-legged Hawk
16086,2025-08-25,CC-BY-NC,https://inaturalist-open-data.s3.amazonaws.com/photos/557620042/medium.jpg,"The Beaches, Toronto, ON, Canada",43.6784851038,-79.2934190754,4.0,American Redstart
21782,2025-11-18,CC-BY-NC,https://inaturalist-open-data.s3.amazonaws.com/photos/592764749/medium.jpg,"Colonel  Samuel Smith Park, Toronto, ON, Canada",43.5906511232,-79.5131823425,683.0,Bufflehead
16978,2025-09-10,CC-BY-NC,https://inaturalist-open-data.s3.amazonaws.com/photos/565092705/medium.jpg,"Etobicoke, ON M9W 6V3, Canada",43.726382,-79.6056302,56.0,Mallard
11369,2025-05-10,CC-BY,https://inaturalist-open-data.s3.amazonaws.com/photos/513497901/medium.jpg,"Downsview, North York, ON, Canada",43.739427869,-79.4890473466,65.0,Ovenbird
18582,2025-09-11,CC-BY,https://inaturalist-open-data.s3.amazonaws.com/photos/574905804/medium.jpg,"The Beaches, Toronto, ON, Canada",43.6787005922,-79.2939334616,47.0,Bay-breasted Warbler
15466,2025-07-08,CC-BY-NC,https://inaturalist-open-data.s3.amazonaws.com/photos/551358682/medium.jpg,"Centre Island, Toronto, ON, Canada",43.618655,-79.3741033056,16.0,Agelaius phoeniceus
18245,2025-09-24,CC-BY-NC,https://inaturalist-open-data.s3.amazonaws.com/photos/572514464/medium.jpg,"York University, Toronto, ON, CA",43.7749466667,-79.5098333333,7.0,Brown Creeper
8895,2025-05-06,CC-BY-NC,https://inaturalist-open-data.s3.amazonaws.com/photos/501448603/medium.jpg,"Bayview Village, Toronto, ON, Canada",43.777636267,-79.3704431046,61.0,Black-and-white Warbler
6453,2025-04-25,CC-BY-NC,https://inaturalist-open-data.s3.amazonaws.com/photos/491844117/medium.jpg,"Rosetta McClain Gardens, 5 Glen Everest Rd, Scarborough, ON M1N 1J2, Canada",43.6968253,-79.2557466,193.0,Northern Cardinal
6671,2025-04-26,CC-BY-NC,https://inaturalist-open-data.s3.amazonaws.com/photos/492448932/medium.jpeg,"73 Cardiff Rd, North York, ON M4P 2P4, Canada",43.713027,-79.3841394,179.0,American Robin
3668,2025-03-21,CC-BY-NC,https://inaturalist-open-data.s3.amazonaws.com/photos/478707862/medium.jpeg,"Henry Farm, North York, ON M2J, Canada",43.7712571246,-79.3630605063,15.0,European Starling
18712,2025-10-03,CC-BY-NC,https://inaturalist-open-data.s3.amazonaws.com/photos/575598398/medium.jpg,"Bayview Village, North York, ON, Canada",43.7856754888,-79.3771956513,450.0,Mallard
13912,2025-06-29,CC-BY-NC,https://inaturalist-open-data.s3.amazonaws.com/photos/535245101/medium.jpg,"Colonel  Samuel Smith Park, Toronto, ON, Canada",43.5906511232,-79.5131823425,683.0,Ring-billed Gull
3152,2025-03-11,CC-BY-NC,https://inaturalist-open-data.s3.amazonaws.com/photos/476350601/medium.jpeg,"Toronto, ON, Canada",43.6473504179,-79.3276645081,31.0,Northern Shoveler
2156,2025-02-23,,https://static.inaturalist.org/photos/472111126/medium.jpg,"Toronto, ON, Canada",43.6392728606,-79.3211730845,122.0,American Herring Gull
22886,2025-12-18,CC-BY-NC,https://inaturalist-open-data.s3.amazonaws.com/photos/600852639/medium.jpg,"Bayview Village, North York, ON, Canada",43.7785915029,-79.3772766104,561.0,White-breasted Nuthatch
10790,2025-05-25,,https://static.inaturalist.org/photos/510525441/medium.jpg,"Corktown Common, Toronto, ON, CA",43.6546216667,-79.35295,9.0,Cape May Warbler
24000,2025-05-25,CC-BY-NC,https://inaturalist-open-data.s3.amazonaws.com/photos/627639747/medium.jpg,"Don Valley Brick Works Tr, Toronto, ON, CA",43.6854166667,-79.3659583333,4.0,Baltimore Oriole
12146,2025-06-08,CC-BY-NC,https://inaturalist-open-data.s3.amazonaws.com/photos/517927639/medium.jpg,"Lake Shore Blvd E, Toronto, ON, CA",43.6633169124,-79.3127877214,93.0,Great Egret
4204,2025-03-29,CC-BY-NC,https://inaturalist-open-data.s3.amazonaws.com/photos/482796095/medium.jpeg,"Rouge Marsh, Toronto, ON, Canada",43.7923214063,-79.121127028,75.0,American Herring Gull
13571,2025-07-04,,https://static.inaturalist.org/photos/531429041/medium.jpg,"University of Toronto - St Michael’s College, Toronto, ON, CA",43.6659383928,-79.388475684,38.0,Red-winged Blackbird
9886,2025-05-16,CC-BY-NC,https://inaturalist-open-data.s3.amazonaws.com/photos/505852848/medium.jpg,"Coronation Park, Toronto, ON, CA",43.6329903376,-79.4070799899,6.0,American Robin
6726,2025-04-26,,https://static.inaturalist.org/photos/492619332/medium.jpg,"High Park, Toronto, ON, CA",43.6464916667,-79.46933,4.0,Northern Shoveler
16579,2025-09-02,CC-BY-NC,https://inaturalist-open-data.s3.amazonaws.com/photos/561584782/medium.jpg,"Ashbridge's Bay Park, Toronto, ON, Canada",43.6583131714,-79.3066844704,2.0,Northern Flicker
17471,2025-09-15,CC-BY-NC,https://inaturalist-open-data.s3.amazonaws.com/photos/568054078/medium.jpg,"Colonel  Samuel Smith Park, Toronto, ON, Canada",43.5906511232,-79.5131823425,683.0,Cooper's Hawk
17074,2025-09-10,CC-BY-NC,https://inaturalist-open-data.s3.amazonaws.com/photos/565653231/medium.jpg,"Bayview Village, Toronto, ON, Canada",43.777636267,-79.3704431046,61.0,Mallard
4528,2025-04-09,CC-BY-NC,https://inaturalist-open-data.s3.amazonaws.com/photos/484613450/medium.jpeg,"Toronto, ON M6S 2X3, Canada",43.6414659116,-79.4633284584,826.0,Domestic Mallard
264,2025-01-03,CC-BY-NC,https://inaturalist-open-data.s3.amazonaws.com/photos/462279516/medium.jpeg,"Colonel  Samuel Smith Park, Toronto, ON, Canada",43.5906511232,-79.5131823425,683.0,Gadwall
3442,2025-03-11,,https://static.inaturalist.org/photos/477700225/medium.jpeg,"South Riverdale, Toronto, ON, Canada",43.623742806,-79.3262571841,192.0,Iceland Gull
1807,2025-02-15,CC-BY-NC,https://inaturalist-open-data.s3.amazonaws.com/photos/470290988/medium.jpg,"Bayview Village, North York, ON, Canada",43.7872029839,-79.3818851149,15.0,European Starling
6075,2025-04-24,CC-BY-NC,https://inaturalist-open-data.s3.amazonaws.com/photos/490844521/medium.jpg,"Bayview Village, North York, ON, Canada",43.7783425652,-79.3693690649,492.0,Hairy Woodpecker
21124,2025-11-08,CC-BY-NC,https://inaturalist-open-data.s3.amazonaws.com/photos/589499599/medium.jpg,"Rouge National Urban Park, Rouge Beach and Marsh, 195 Rouge Hills Dr, Scarborough, ON M1C 2Z1, Canada",43.789969,-79.1216979,185.0,American Goldfinch
18869,2025-10-05,CC-BY-NC,https://inaturalist-open-data.s3.amazonaws.com/photos/576668914/medium.jpg,"Toronto Botanical Garden, 777 Lawrence Ave E, Toronto, ON M3C 1P2, Canada",43.7341428,-79.3581963,253.0,American Goldfinch
7815,2025-05-01,CC0,https://inaturalist-open-data.s3.amazonaws.com/photos/498143477/medium.jpeg,"University of Toronto, St. George Campus, Toronto, ON, Canada",43.6665158665,-79.3893866803,4.0,Mourning Dove
1853,2025-01-24,CC-BY-NC,https://inaturalist-open-data.s3.amazonaws.com/photos/470421334/medium.jpeg,"Toronto, ON M4W 3X8, Canada",43.6885504488,-79.3666532636,28.0,American Tree Sparrow
11430,2025-05-30,CC-BY-NC,https://inaturalist-open-data.s3.amazonaws.com/photos/514139477/medium.jpg,"Hanlan's Point, Toronto, ON, Canada",43.6210680918,-79.3924815058,809.0,Great Crested Flycatcher
17415,2025-09-15,CC-BY-NC,https://inaturalist-open-data.s3.amazonaws.com/photos/567700148/medium.jpg,"High Park Tr, Toronto, ON, CA",43.6419723245,-79.4572402869,132.0,Great Blue Heron
13641,2025-07-03,CC-BY-NC,https://inaturalist-open-data.s3.amazonaws.com/photos/532022022/medium.jpg,"Rouge, Scarborough, ON, Canada",43.8225041695,-79.1665450959,509.0,Gadwall
17850,2025-09-21,CC-BY-NC,https://inaturalist-open-data.s3.amazonaws.com/photos/570199883/medium.jpg,"Etobicoke, ON M8V 3W8, Canada",43.5929372847,-79.5108099282,97.0,Yellow-rumped Warbler
1418,2025-02-04,CC-BY-NC,https://inaturalist-open-data.s3.amazonaws.com/photos/468164019/medium.jpg,"Cardiff Rd, Toronto, ON, CA",43.7130111182,-79.384037732,39.0,Black-capped Chickadee
20518,2025-10-24,CC-BY-NC,https://inaturalist-open-data.s3.amazonaws.com/photos/585974753/medium.jpg,"Bayview Village, Toronto, ON, Canada",43.777636267,-79.3704431046,61.0,Ruby-crowned Kinglet
15833,2025-08-19,,https://static.inaturalist.org/photos/554909209/medium.jpg,"South Riverdale, Toronto, ON, Kanada",43.6460426978,-79.3246735824,2.0,Goldzeisig
21698,2025-11-13,CC-BY-NC,https://inaturalist-open-data.s3.amazonaws.com/photos/592114921/medium.jpg,"Queens Quay West at Dan Leckie Way East Side, Toronto, ON M5V 3M8, Canada",43.635741266,-79.3938864022,11.0,Long-tailed Duck
20826,2025-11-02,CC-BY-NC,https://inaturalist-open-data.s3.amazonaws.com/photos/587560784/medium.jpg,"Bayview Village, Toronto, ON, Canada",43.777636267,-79.3704431046,61.0,American Robin
12810,2025-06-03,CC0,https://inaturalist-open-data.s3.amazonaws.com/photos/523515724/medium.jpg,"Ontario, CA",43.6878577893,-79.2823774441,101.0,Blue Jay
8518,2025-04-26,CC-BY-NC,https://inaturalist-open-data.s3.amazonaws.com/photos/500538400/medium.jpeg,"Colonel  Samuel Smith Park, Toronto, ON, Canada",43.5906511232,-79.5131823425,683.0,Long-tailed Duck
23262,2025-05-20,CC-BY,https://inaturalist-open-data.s3.amazonaws.com/photos/602844522/medium.jpg,"South Riverdale, Toronto, ON, Canada",43.646392378,-79.3215614361,100.0,Northern Yellow Warbler
16034,2025-08-24,CC-BY-NC,https://inaturalist-open-data.s3.amazonaws.com/photos/557228960/medium.jpg,"Downtown Toronto, Toronto, ON, Canada",43.6419342544,-79.3858050107,11.0,House Sparrow
16343,2025-08-29,CC-BY-NC,https://inaturalist-open-data.s3.amazonaws.com/photos/559588695/medium.jpg,"Ashbridges Bay Park, Toronto, ON, CA",43.6569133333,-79.307045,4.0,Great Blue Heron
19856,2025-10-18,CC-BY-NC,https://inaturalist-open-data.s3.amazonaws.com/photos/581717682/medium.jpg,"Humber River Recreational Tr, Toronto, ON, CA",43.6523483079,-79.4998425385,8.0,Double-crested Cormorant
19241,2025-08-29,,https://static.inaturalist.org/photos/579066862/medium.jpg,"Colonel Danforth Park, 73 Colonel Danforth Trail, Toronto, ON M1C 1P8, Canada",43.7782674,-79.1653474,139.0,Great Blue Heron
13546,2025-07-03,CC-BY-NC,https://inaturalist-open-data.s3.amazonaws.com/photos/531257206/medium.jpg,"Rouge, Scarborough, ON, Canada",43.8217889728,-79.1643128274,315.0,Mourning Dove
21744,2025-08-25,CC-BY-NC,https://inaturalist-open-data.s3.amazonaws.com/photos/592452115/medium.jpg,"Downtown Toronto, Toronto, ON, Canada",43.6538911299,-79.3852761568,2.0,Feral Pigeon
23810,2025-12-08,CC-BY-NC,https://inaturalist-open-data.s3.amazonaws.com/photos/610220516/medium.jpg,"Toronto, ON, Canada",43.6651468845,-79.297596336,15.0,Mallard
3607,2025-03-21,CC-BY-NC,https://inaturalist-open-data.s3.amazonaws.com/photos/478339552/medium.jpeg,Toronto,43.641254425,-79.3858795166,4.0,Bernache du Canada
19124,2025-10-09,,https://static.inaturalist.org/photos/578262163/medium.jpg,"Corktown Common, Toronto, ON, CA",43.6542133333,-79.3529966667,8.0,White-throated Sparrow
20804,2025-10-27,CC-BY-NC,https://inaturalist-open-data.s3.amazonaws.com/photos/587514047/medium.jpg,"Leaside-Bennington, Toronto, ON, Canada",43.7187375671,-79.3570266319,8.0,Red-breasted Nuthatch
9459,2025-05-09,,https://static.inaturalist.org/photos/503589011/medium.jpg,"Ontario, CA",43.7785997107,-79.3058085844,4.0,Black-capped Chickadee
19312,2025-10-10,CC-BY-NC,https://inaturalist-open-data.s3.amazonaws.com/photos/579513829/medium.jpg,"Bayview Village, Toronto, ON, Canada",43.777636267,-79.3704431046,61.0,Hermit Thrush
8199,2025-05-01,CC-BY-NC,https://inaturalist-open-data.s3.amazonaws.com/photos/499490707/medium.jpg,"L'Amoreaux North Park Tr, Toronto, ON, CA",43.8115835935,-79.30706908,3.0,Mallard
12149,2025-06-08,CC-BY-NC,https://inaturalist-open-data.s3.amazonaws.com/photos/517930268/medium.jpg,"Lake Shore Blvd E, Toronto, ON, CA",43.6633704711,-79.3136624496,20.0,Mourning Dove
842,2025-01-18,CC-BY-NC,https://inaturalist-open-data.s3.amazonaws.com/photos/464726627/medium.jpeg,"Upper Beaches, Toronto, ON, Canada",43.6794836267,-79.3167983838,1.0,Common Raven
20971,2025-11-04,,https://static.inaturalist.org/photos/588241749/medium.jpg,"Corktown Common, Toronto, ON, CA",43.6543216667,-79.3523716667,6.0,Black-capped Chickadee
21409,2025-11-12,CC-BY-NC,https://inaturalist-open-data.s3.amazonaws.com/photos/590785010/medium.jpg,"Ontario, CA",43.7642756066,-79.577517313,986.0,Blue Jay
19240,2025-08-29,,https://static.inaturalist.org/photos/579062090/medium.jpg,"Colonel Danforth Park, 73 Colonel Danforth Trail, Toronto, ON M1C 1P8, Canada",43.7782674,-79.1653474,139.0,Double-crested Cormorant
1597,2025-02-08,CC-BY-NC,https://inaturalist-open-data.s3.amazonaws.com/photos/468959479/medium.jpg,"South Riverdale, Toronto, ON, Canada",43.6471293506,-79.3271895243,15.0,Northern Mockingbird
14459,2025-07-24,CC-BY-NC,https://inaturalist-open-data.s3.amazonaws.com/photos/541889229/medium.jpg,"High Park-Swansea, Toronto, ON, Canada",43.6438500133,-79.4590724709,4.0,Red-headed Woodpecker
15092,2025-08-04,CC-BY-NC,https://inaturalist-open-data.s3.amazonaws.com/photos/547774695/medium.jpg,"Bayview Village, Toronto, ON, Canada",43.777636267,-79.3704431046,61.0,Blue Jay
21482,2025-11-13,,https://static.inaturalist.org/photos/591106388/medium.jpg,"Corktown Common, Toronto, ON, CA",43.65403,-79.3516833333,6.0,Dark-eyed Junco
4286,2025-04-05,CC-BY-NC,https://inaturalist-open-data.s3.amazonaws.com/photos/483319842/medium.jpeg,"Evergreen Brick Works, 550 Bayview Ave, Toronto, ON M4W 3X8, Canada",43.6843314,-79.3647127,165.0,Golden-crowned Kinglet
8589,2025-05-05,CC-BY-NC,https://inaturalist-open-data.s3.amazonaws.com/photos/500692935/medium.jpeg,"High Park-Swansea, Toronto, ON, Canada",43.6439897913,-79.4691979137,61.0,Northern Shoveler
5964,2025-04-23,CC-BY-NC,https://inaturalist-open-data.s3.amazonaws.com/photos/490409249/medium.jpeg,"Leaside-Bennington, Toronto, ON, Canada",43.7199483084,-79.354670313,8.0,White-throated Sparrow
18080,2025-09-24,CC-BY-NC,https://inaturalist-open-data.s3.amazonaws.com/photos/571907528/medium.jpg,"Toronto, ON, CA",43.7923770561,-79.1231891231,851.0,Black-crowned Night Heron
2090,2025-02-20,CC-BY-NC,https://inaturalist-open-data.s3.amazonaws.com/photos/471676495/medium.jpg,"Bayview Village, North York, ON, Canada",43.7799103045,-79.3739415264,553.0,Black-capped Chickadee
14480,2025-07-21,CC-BY,https://inaturalist-open-data.s3.amazonaws.com/photos/542002050/medium.jpg,"Scarborough, ON M1P 3P5, Canada",43.7629911911,-79.2681954056,384.0,Downy Woodpecker
6974,2025-04-27,,https://static.inaturalist.org/photos/494049243/medium.jpeg,"Centennial Park Picnic area 8, Park, Toronto, ON M9C 3S2, Canada",43.6478198164,-79.5937736705,44.0,Lesser Yellowlegs
21974,2025-11-22,CC-BY-NC-SA,https://inaturalist-open-data.s3.amazonaws.com/photos/594143492/medium.jpg,Bluffers Park Beach,43.7168535188,-79.2240439047,516.0,Garrot à oeil d'or
21686,2025-11-15,CC-BY-NC,https://inaturalist-open-data.s3.amazonaws.com/photos/592042821/medium.jpg,"Bayview Village, North York, ON, Canada",43.7818564673,-79.3860036997,244.0,Downy Woodpecker
15568,2025-05-15,CC-BY-NC,https://inaturalist-open-data.s3.amazonaws.com/photos/552517342/medium.jpg,"Toronto, ON, CA",43.638695,-79.4813616667,14.0,Trumpeter Swan
11143,2025-05-28,CC-BY-NC,https://inaturalist-open-data.s3.amazonaws.com/photos/512064356/medium.jpg,"Queens Quay W, Toronto, ON, CA",43.6396246171,-79.3757721876,4.0,Feral Pigeon
20462,2025-10-28,CC-BY-NC,https://inaturalist-open-data.s3.amazonaws.com/photos/585665552/medium.jpg,"Campus Walk, Toronto, ON, CA",43.7730716667,-79.5079883333,40.0,American Robin
22754,2025-12-14,CC-BY-NC,https://inaturalist-open-data.s3.amazonaws.com/photos/599912237/medium.jpg,"Hillcrest Village, North York, ON, Canada",43.8023833057,-79.3582107137,4.0,American Tree Sparrow
6623,2025-04-20,CC-BY-NC,https://inaturalist-open-data.s3.amazonaws.com/photos/506088280/medium.jpg,"Toronto, CA-ON, CA",43.6448974609,-79.4569091797,6.0,Northern Cardinal
124,2025-01-05,CC-BY-NC,https://inaturalist-open-data.s3.amazonaws.com/photos/461928880/medium.jpg,"Cardiff Rd, Toronto, ON, CA",43.7130178819,-79.3840283745,39.0,Northern Cardinal
4022,2025-04-01,CC-BY-NC,https://inaturalist-open-data.s3.amazonaws.com/photos/481849037/medium.jpg,"Ashbridge's Bay Park, Toronto, ON, Canada",43.6564344012,-79.3106709497,4.0,Horned Grebe
17164,2025-09-12,CC-BY-NC,https://inaturalist-open-data.s3.amazonaws.com/photos/566109118/medium.jpg,"Downsview Park, Toronto, ON, CA",43.7412443985,-79.4816315156,6.0,Black-and-white Warbler
4626,2025-03-31,CC-BY-NC,https://inaturalist-open-data.s3.amazonaws.com/photos/485253478/medium.jpeg,"The Kingsway, Etobicoke, ON, Canada",43.6475136465,-79.5116736492,949.0,House Sparrow
1740,2025-02-12,CC-BY-NC,https://inaturalist-open-data.s3.amazonaws.com/photos/469906525/medium.jpg,"Bayview Village, Toronto, ON, Canada",43.777636267,-79.3704431046,61.0,Dark-eyed Junco
20124,2025-10-22,,https://static.inaturalist.org/photos/583270794/medium.jpg,"Parliament St, Toronto, ON, CA",43.6698180946,-79.3689519536,237.0,White-throated Sparrow
732,2025-01-12,CC-BY-NC,https://inaturalist-open-data.s3.amazonaws.com/photos/464277999/medium.jpeg,"Rouge Beach, Toronto, ON, Canada",43.7942596928,-79.117351032,15.0,Common Goldeneye
1729,2025-02-12,CC-BY-NC-ND,https://inaturalist-open-data.s3.amazonaws.com/photos/469879108/medium.jpeg,"Colonel Samuel Smith Park, 3145 Lake Shore Blvd W, Etobicoke, ON M8V 4B6, Canada",43.591398,-79.5133857,198.0,Mute Swan
374,2025-01-07,CC-BY-NC,https://inaturalist-open-data.s3.amazonaws.com/photos/462704988/medium.jpeg,"Colonel  Samuel Smith Park, Toronto, ON, Canada",43.5906511232,-79.5131823425,683.0,Common Goldeneye
872,2025-01-12,CC-BY-NC,https://inaturalist-open-data.s3.amazonaws.com/photos/464845932/medium.jpeg,"Colonel  Samuel Smith Park, Toronto, ON, Canada",43.5906511232,-79.5131823425,683.0,Ring-billed Gull
20115,2025-10-21,,https://static.inaturalist.org/photos/583110394/medium.jpg,"Corktown Common, Toronto, ON, CA",43.6537666667,-79.3518533333,8.0,Mourning Dove
18586,2025-09-20,CC-BY,https://inaturalist-open-data.s3.amazonaws.com/photos/574912096/medium.jpg,"Glen Manor Dr, Toronto, ON, CA",43.6788088229,-79.2931888438,58.0,Swainson's Thrush
14455,2025-07-16,CC-BY-NC,https://inaturalist-open-data.s3.amazonaws.com/photos/541825478/medium.jpg,"Tommy Thompson Park, Toronto, ON, Canada",43.6490123224,-79.324406907,122.0,Trumpeter Swan
16710,2025-08-31,CC-BY,https://inaturalist-open-data.s3.amazonaws.com/photos/562449291/medium.jpg,"New Toronto, Etobicoke, ON, Canada",43.5930451372,-79.5134856376,599.0,Red-necked Grebe
23026,2025-10-24,CC-BY-NC,https://inaturalist-open-data.s3.amazonaws.com/photos/601820396/medium.jpg,"South Riverdale, Toronto, ON, Canada",43.6455931074,-79.3205597151,26.0,Hooded Merganser
12325,2025-06-11,CC-BY-NC,https://inaturalist-open-data.s3.amazonaws.com/photos/519278731/medium.jpg,"Sherwood Park Tr, Toronto, ON, CA",43.717036248,-79.3870673353,4.0,American Robin
23979,2025-08-14,CC-BY-NC,https://inaturalist-open-data.s3.amazonaws.com/photos/623884646/medium.jpg,"Highland Creek, Scarborough, ON, Canada",43.7841055556,-79.185775,4.0,Canada Goose
3509,2025-03-19,,https://static.inaturalist.org/photos/477913877/medium.jpeg,"Etobicoke, ON M8X 1Z4, Canada",43.6487239964,-79.5208407193,6.0,Mourning Dove
2236,2025-02-24,,https://static.inaturalist.org/photos/472351430/medium.jpeg,"Toronto, ON, Canada",43.6177328643,-79.3381750255,61.0,American Herring Gull
5907,2025-04-23,CC-BY-NC,https://inaturalist-open-data.s3.amazonaws.com/photos/490310916/medium.jpg,"High Park, Toronto, ON, CA",43.6440117939,-79.4575477176,91.0,Red-bellied Woodpecker
7152,2025-04-27,,https://static.inaturalist.org/photos/494699041/medium.jpg,"Flemingdon Park, Toronto, ON, CA",43.7150333333,-79.3423533333,8.0,Great Blue Heron
20329,2025-10-25,CC-BY-NC,https://inaturalist-open-data.s3.amazonaws.com/photos/584600501/medium.jpg,"Colonel Samuel Smith Park, 3145 Lake Shore Blvd W, Etobicoke, ON M8V 4B6, Canada",43.591398,-79.5133857,198.0,American Goldfinch
589,2025-01-07,CC-BY-NC,https://inaturalist-open-data.s3.amazonaws.com/photos/463674816/medium.jpeg,"Colonel  Samuel Smith Park, Toronto, ON, Canada",43.5906511232,-79.5131823425,683.0,American Robin
6551,2025-04-25,CC-BY-NC,https://inaturalist-open-data.s3.amazonaws.com/photos/491980450/medium.jpeg,"Colonel  Samuel Smith Park, Toronto, ON, Canada",43.5906511232,-79.5131823425,683.0,Tree Swallow
13034,2025-06-23,CC-BY-NC,https://inaturalist-open-data.s3.amazonaws.com/photos/525930419/medium.jpg,"4001 Leslie St, North York, ON M2K 1E1, Canada",43.7689252,-79.3631408,194.0,Song Sparrow
17183,2025-09-13,CC-BY-NC,https://inaturalist-open-data.s3.amazonaws.com/photos/566426174/medium.jpg,"Lee Ave, Toronto, ON, CA",43.670355,-79.2979583333,18.0,Wood Thrush
6404,2025-04-25,CC-BY-NC,https://inaturalist-open-data.s3.amazonaws.com/photos/491835382/medium.jpg,"Bayview Village, North York, ON, Canada",43.7799538058,-79.3688540808,409.0,American Robin
9478,2025-05-11,,https://static.inaturalist.org/photos/503628427/medium.jpeg,"Cliffside, Scarborough, ON, Canada",43.7115771958,-79.2393592779,4.0,Black-and-white Warbler
17952,2025-09-23,CC-BY-NC,https://inaturalist-open-data.s3.amazonaws.com/photos/571000401/medium.jpg,"Ashbridge’s Bay Park, Toronto, ON, Canada",43.6614717057,-79.3143529277,8.0,Gadwall
15503,2025-08-10,CC-BY-NC,https://inaturalist-open-data.s3.amazonaws.com/photos/551865759/medium.jpg,"Toronto, ON M4L 2E2, Canada",43.6753188015,-79.3104593083,13.0,Northern Cardinal
8775,2025-05-06,,https://static.inaturalist.org/photos/501220406/medium.jpg,"Corktown Common, Toronto, ON, CA",43.654175,-79.3520133333,7.0,Northern Parula
4663,2025-04-05,,https://static.inaturalist.org/photos/485457904/medium.jpg,"South Riverdale, Toronto, ON, Canada",43.6281783954,-79.3268269845,296.0,Cooper's Hawk
2348,2025-02-25,,https://static.inaturalist.org/photos/472751357/medium.jpg,"York University Heights, North York, ON, Canada",43.7750338786,-79.5012675862,58.0,Canada Goose
3272,2025-03-13,CC-BY-NC,https://inaturalist-open-data.s3.amazonaws.com/photos/476772144/medium.jpeg,"Social Sciences Building, Toronto, ON M1C 1A4, Canada",43.7813628312,-79.1852765903,67.0,Mallard
19335,2025-10-12,CC-BY-NC,https://inaturalist-open-data.s3.amazonaws.com/photos/579533095/medium.jpg,"Bayview Village, Toronto, ON, Canada",43.777636267,-79.3704431046,61.0,Hairy Woodpecker
21158,2025-11-08,CC-BY-NC,https://inaturalist-open-data.s3.amazonaws.com/photos/589584280/medium.jpg,"Market St, Toronto, ON, CA",43.6482383333,-79.371895,16.0,House Sparrow
14361,2025-07-20,CC-BY,https://static.inaturalist.org/photos/540305642/medium.jpg,"Leaside-Bennington, Toronto, ON, Canada",43.7139439473,-79.3675638633,96.0,Ruby-throated Hummingbird
14749,2025-07-15,CC-BY-NC,https://inaturalist-open-data.s3.amazonaws.com/photos/544746400/medium.jpg,"Lambton, York, ON, Canada",43.6697761461,-79.5117676947,182.0,Double-crested Cormorant
19465,2025-05-26,CC-BY-NC,https://inaturalist-open-data.s3.amazonaws.com/photos/579973154/medium.jpg,"South Riverdale, Toronto, ON, Canada",43.6611825721,-79.3070027091,15.0,Canada Goose
17381,2025-09-15,CC-BY-NC,https://inaturalist-open-data.s3.amazonaws.com/photos/567385778/medium.jpg,"South Riverdale, Toronto, ON, Canada",43.6238672696,-79.3261265652,61.0,Gadwall
11738,2025-06-03,CC-BY-NC,https://inaturalist-open-data.s3.amazonaws.com/photos/515671093/medium.jpg,"Cedar Trail and the Beare Wetlands Loop, Bottom of, Zoo Rd, Toronto, ON M1B 5W2, Canada",43.8224231,-79.1664536,185.0,American Goldfinch
21241,2025-11-08,,https://static.inaturalist.org/photos/589973035/medium.jpg,"Toronto Zoo, Toronto, ON, CA",43.8212971347,-79.1782510118,66.0,Ring-billed Gull
5258,2025-04-17,CC-BY-NC,https://inaturalist-open-data.s3.amazonaws.com/photos/488113925/medium.jpeg,"Leaside-Bennington, Toronto, ON, Canada",43.7200283452,-79.3545864555,15.0,Northern Cardinal
21741,2025-11-17,CC-BY-NC,https://inaturalist-open-data.s3.amazonaws.com/photos/592403348/medium.jpg,"Hawk Hill - High Park, Toronto, ON, Canada",43.6463000354,-79.4656896358,10.0,Pine Grosbeak
12960,2025-06-22,CC-BY-NC,https://inaturalist-open-data.s3.amazonaws.com/photos/525092222/medium.jpg,"Toronto Zoo, Toronto, ON, CA",43.8222283333,-79.1806633333,3.0,Black-capped Chickadee
21979,2025-11-23,CC-BY-NC,https://inaturalist-open-data.s3.amazonaws.com/photos/594160012/medium.jpg,"High Park-Swansea, Toronto, ON, Canada",43.6432361982,-79.4664486862,8.0,Hermit Thrush
18196,2025-09-24,CC-BY-NC,https://inaturalist-open-data.s3.amazonaws.com/photos/572327941/medium.jpg,"Bayview Village, North York, ON, Canada",43.7812460383,-79.3874305847,291.0,White-throated Sparrow
20718,2025-11-01,CC-BY-NC,https://inaturalist-open-data.s3.amazonaws.com/photos/587061112/medium.jpg,"Edenbridge-Humber Valley, Etobicoke, ON, Canada",43.668039432,-79.513244478,173.0,Dark-eyed Junco
9935,2025-05-11,CC-BY-NC,https://inaturalist-open-data.s3.amazonaws.com/photos/506037014/medium.jpg,"Colonel  Samuel Smith Park, Toronto, ON, Canada",43.5906511232,-79.5131823425,683.0,Red-necked Grebe
3221,2025-03-14,CC-BY-NC,https://inaturalist-open-data.s3.amazonaws.com/photos/476546620/medium.jpeg,"Toronto, ON, Canada",43.6566961904,-79.3083652713,15.0,Red-breasted Merganser
9864,2025-05-16,,https://static.inaturalist.org/photos/505741140/medium.jpg,"Corktown Common, Toronto, ON, CA",43.6542033333,-79.352705,12.0,Cooper's Hawk
14260,2025-07-19,CC-BY-NC,https://inaturalist-open-data.s3.amazonaws.com/photos/543617921/medium.jpg,"Art Gallery of Ontario, Toronto, ON, CA",43.6537758012,-79.3922374769,31.0,Feral Pigeon
23494,2025-12-29,CC-BY-NC,https://inaturalist-open-data.s3.amazonaws.com/photos/603968250/medium.jpg,"Bayview Village, North York, ON, Canada",43.7798200648,-79.3727318599,513.0,Red-breasted Nuthatch
6238,2025-04-25,CC-BY-NC,https://inaturalist-open-data.s3.amazonaws.com/photos/491644911/medium.jpg,"Toronto Music Garden, Toronto, ON, CA",43.6371028398,-79.3941493205,4.0,White-throated Sparrow
10838,2025-05-25,CC-BY,https://inaturalist-open-data.s3.amazonaws.com/photos/510601312/medium.jpg,"Scarborough, ON M1P 3P5, Canada",43.7633717,-79.268345,58.0,Cape May Warbler
11766,2025-06-03,CC-BY-NC,,"Toronto, ON, CA",43.7378740587,-79.495816708,31.0,Northern Parula
18229,2025-09-26,CC-BY-NC,https://inaturalist-open-data.s3.amazonaws.com/photos/572442119/medium.jpg,"Ashbridge's Bay Park, Toronto, ON, Canada",43.6604884655,-79.3100576623,15.0,Northern Parula
18275,2025-09-27,CC-BY-NC,https://inaturalist-open-data.s3.amazonaws.com/photos/572837437/medium.jpg,"South Riverdale, Toronto, ON, Canada",43.6571206568,-79.3056428456,15.0,Yellow-billed Cuckoo
9882,2025-05-13,CC-BY-NC,https://inaturalist-open-data.s3.amazonaws.com/photos/505795721/medium.jpg,"Casa Loma, Toronto, ON, Canada",43.6822805761,-79.406506356,103.0,Northern Cardinal
18022,2025-09-24,CC-BY-NC,https://inaturalist-open-data.s3.amazonaws.com/photos/571540405/medium.jpg,"Ashbridge's Bay Park, Toronto, ON, Canada",43.6611882407,-79.3109586085,4.0,Mourning Dove
5949,2025-04-22,CC-BY-NC,https://inaturalist-open-data.s3.amazonaws.com/photos/490374787/medium.jpeg,"Centennial Park, Etobicoke, ON, Canada",43.6464676108,-79.5933723084,61.0,Palm Warbler
15900,2025-08-19,CC-BY-NC,https://inaturalist-open-data.s3.amazonaws.com/photos/555750403/medium.jpg,"Islington Ave, Toronto, ON, CA",43.6449966667,-79.5242916667,16.0,Feral Pigeon
21452,2025-11-11,CC-BY-NC,https://inaturalist-open-data.s3.amazonaws.com/photos/590901819/medium.jpg,"The Kingsway, Etobicoke, ON, Canada",43.6474670662,-79.5116092762,993.0,Dark-eyed Junco
23140,2025-11-27,CC-BY-NC,https://inaturalist-open-data.s3.amazonaws.com/photos/602475574/medium.jpg,"Stonegate Rd, Toronto, ON, CA",43.63775,-79.4843533333,14.0,Hairy Woodpecker
14121,2025-07-16,CC-BY-NC,https://inaturalist-open-data.s3.amazonaws.com/photos/537630817/medium.jpg,"Jack Layton, Toronto, ON, CA",43.6402283333,-79.3755033333,32.0,Red-winged Blackbird
23480,2025-05-29,CC-BY-NC,https://inaturalist-open-data.s3.amazonaws.com/photos/603821352/medium.jpg,"The Queensway – Humber Bay, Etobicoke, ON, Canada",43.6205609063,-79.4776581648,31.0,Great Blue Heron
8151,2025-04-30,CC-BY-NC,https://inaturalist-open-data.s3.amazonaws.com/photos/499399877/medium.jpg,"Bayview Village, North York, ON, Canada",43.7813178772,-79.3882675693,219.0,House Sparrow
17676,2025-09-19,CC-BY-NC,https://inaturalist-open-data.s3.amazonaws.com/photos/569464854/medium.jpg,"Cemetery, Toronto, ON, CA",43.7773666667,-79.1804583333,10.0,Northern Flicker
22856,2025-12-18,,https://static.inaturalist.org/photos/600824999/medium.jpg,"Corktown Common, Toronto, ON, CA",43.6545533333,-79.3525616667,2.0,Black-capped Chickadee
18180,2025-09-25,,https://static.inaturalist.org/photos/572128354/medium.jpg,"Corktown Common, Toronto, ON, CA",43.6538,-79.3519283333,14.0,Cape May Warbler
12692,2025-06-17,CC-BY-NC,https://inaturalist-open-data.s3.amazonaws.com/photos/522536132/medium.jpg,"Woodbine Beach Habitat, Toronto, ON, Canada",43.6591065001,-79.3080327387,1.0,Baltimore Oriole
8267,2025-04-26,CC-BY-NC,https://inaturalist-open-data.s3.amazonaws.com/photos/499684459/medium.jpg,"University Ave, Toronto, ON, CA",43.6532616667,-79.3877033333,40.0,Feral Pigeon
5423,2025-04-18,CC-BY,https://inaturalist-open-data.s3.amazonaws.com/photos/488799855/medium.jpg,"West side of Grenadier Pond, Toronto, ON",43.641932,-79.468886,50.0,Mallard
4348,2025-04-06,CC-BY-NC,https://inaturalist-open-data.s3.amazonaws.com/photos/483705302/medium.jpg,"South Riverdale, Toronto, ON, Canada",43.6578977423,-79.3078733272,98.0,Red-breasted Nuthatch
16533,2025-08-31,CC-BY-NC,https://inaturalist-open-data.s3.amazonaws.com/photos/561237732/medium.jpg,"High Park-Swansea, Toronto, ON, 加拿大",43.6465661507,-79.4696572609,23.0,红眼莺雀
21256,2025-11-03,CC-BY-NC,https://inaturalist-open-data.s3.amazonaws.com/photos/590131924/medium.jpg,"Rouge Marsh, Toronto, ON, Canada",43.7930075512,-79.1212124116,30.0,Northern Shoveler
15137,2025-08-06,CC0,https://inaturalist-open-data.s3.amazonaws.com/photos/548434333/medium.jpg,"Humber Arboretum, Toronto, ON, CA",43.72605,-79.6087416667,8.0,Canada Goose
12942,2025-06-19,CC-BY-NC,https://inaturalist-open-data.s3.amazonaws.com/photos/524802309/medium.jpg,"Colonel  Samuel Smith Park, Toronto, ON, Canada",43.5906511232,-79.5131823425,683.0,Tree Swallow
11417,2025-06-01,CC-BY-NC,https://inaturalist-open-data.s3.amazonaws.com/photos/514036719/medium.jpg,"East York, ON M4B 2M7, Canada",43.69933927,-79.3105076,3.0,Common Grackle
3584,2025-03-18,,https://static.inaturalist.org/photos/478226329/medium.jpeg,"Rouge, Scarborough, ON, Canada",43.8252976477,-79.1654181309,15.0,Turkey Vulture
12671,2025-06-15,,https://static.inaturalist.org/photos/522391772/medium.jpg,"South Riverdale, Toronto, ON, Canada",43.6460228386,-79.3209243197,1.0,Barn Swallow
19672,2025-10-08,CC-BY-NC,https://inaturalist-open-data.s3.amazonaws.com/photos/581015554/medium.jpg,"Rosetta McClain Gardens, 5 Glen Everest Rd, Scarborough, ON M1N 1J2, Canada",43.6968253,-79.2557466,193.0,Bald Eagle
8827,2025-05-07,CC-BY-NC,https://inaturalist-open-data.s3.amazonaws.com/photos/501391305/medium.jpg,"Centreville Amusement Park, Toronto, ON, CA",43.6163133333,-79.3771833333,11.0,American Robin
21553,2025-11-13,CC-BY-NC,https://inaturalist-open-data.s3.amazonaws.com/photos/591313935/medium.jpg,"Bayview Village, North York, ON, Canada",43.7787864508,-79.3756553458,388.0,Black-capped Chickadee
23246,2025-05-18,CC-BY,https://inaturalist-open-data.s3.amazonaws.com/photos/602840556/medium.jpg,"Centre Island, Toronto, ON, Canada",43.6204514005,-79.3907844525,652.0,Indigo Bunting
7624,2025-04-27,CC-BY-NC,https://inaturalist-open-data.s3.amazonaws.com/photos/497253204/medium.jpg,"New Toronto, Etobicoke, ON, Canada",43.5919657356,-79.5116225001,188.0,Yellow-rumped Warbler
1966,2025-02-15,,https://static.inaturalist.org/photos/470889279/medium.jpeg,"Swansea, Toronto, ON, Canada",43.6356027778,-79.4658166667,1.0,Bufflehead
17963,2025-09-23,CC-BY-NC,https://inaturalist-open-data.s3.amazonaws.com/photos/571147639/medium.jpg,"Flemingdon Park, North York, ON, Canada",43.7127660037,-79.3350173571,2.0,Canada Goose
19738,2025-10-07,CC-BY-NC,https://inaturalist-open-data.s3.amazonaws.com/photos/581096566/medium.jpg,"Rouge River, Scarborough, ON, Canada",43.7943743421,-79.1175682911,10.0,Trumpeter Swan
16397,2025-08-30,CC-BY-NC,https://inaturalist-open-data.s3.amazonaws.com/photos/559817278/medium.jpg,"Lake Shore Blvd E, Toronto, ON, CA",43.6568558515,-79.3332154065,23.0,European Starling
19793,2025-10-16,CC-BY-NC,https://inaturalist-open-data.s3.amazonaws.com/photos/581290758/medium.jpg,"South Riverdale, Toronto, ON, Canada",43.6516566667,-79.3221366667,15.0,Hermit Thrush
11036,2025-05-27,,https://static.inaturalist.org/photos/511554956/medium.jpg,"High Park, Toronto, ON, CA",43.6481166667,-79.46077,5.0,Great Horned Owl
9538,2025-05-12,CC-BY-NC,https://inaturalist-open-data.s3.amazonaws.com/photos/504073577/medium.jpg,Toronto,43.6648750305,-79.3416213989,22.0,House Sparrow
14585,2025-07-01,CC-BY-NC,https://inaturalist-open-data.s3.amazonaws.com/photos/542953600/medium.jpg,"South Riverdale, Toronto, ON, Canada",43.6456068331,-79.3205322046,19.0,Ring-billed Gull
18724,2025-10-03,CC-BY-NC,https://inaturalist-open-data.s3.amazonaws.com/photos/575600057/medium.jpg,"Bayview Village, North York, ON, Canada",43.7782455398,-79.3693646487,480.0,Downy Woodpecker
16553,2025-09-02,,https://static.inaturalist.org/photos/561459345/medium.jpg,"Toronto, ON M6R 2Z6, Canada",43.6516014735,-79.4619316809,8.0,Great Horned Owl
6133,2025-04-23,CC-BY-SA,https://inaturalist-open-data.s3.amazonaws.com/photos/491452143/medium.jpeg,"Toronto, CA-ON, CA",43.5903278195,-79.5172586292,118.0,Bufflehead
14728,2025-07-29,CC-BY-NC,https://inaturalist-open-data.s3.amazonaws.com/photos/544585738/medium.jpg,"South Riverdale, Toronto, ON, Canada",43.6627675437,-79.3336673632,8.0,Red-tailed Hawk
21746,2025-08-25,CC-BY-NC,https://inaturalist-open-data.s3.amazonaws.com/photos/592452274/medium.jpg,"Downtown Toronto, Toronto, ON, Canada",43.652677419,-79.384910608,4.0,Ring-billed Gull
10014,2025-05-17,CC-BY-NC,https://inaturalist-open-data.s3.amazonaws.com/photos/506535781/medium.jpg,"Toronto, ON, Canada",43.5932884101,-79.5103160664,168.0,Common Merganser
493,2025-01-12,CC-BY-NC,https://inaturalist-open-data.s3.amazonaws.com/photos/463390168/medium.jpg,"Cardiff Rd, Toronto, ON, CA",43.7130280274,-79.3840470894,39.0,White-breasted Nuthatch
14019,2025-07-12,CC-BY-NC,https://inaturalist-open-data.s3.amazonaws.com/photos/536507046/medium.jpg,"Bayview Village, North York, ON, Canada",43.7784610338,-79.3688264887,437.0,Song Sparrow
3398,2025-03-18,CC-BY-NC,https://inaturalist-open-data.s3.amazonaws.com/photos/477623181/medium.jpeg,"Ashbridge’s Bay Park , Toronto, ON, Canada",43.6588451068,-79.3067567341,2.0,Mourning Dove
19792,2025-10-16,CC-BY-NC,https://inaturalist-open-data.s3.amazonaws.com/photos/581278790/medium.jpg,"Rouge, Scarborough, ON, Canada",43.8170166667,-79.1612016667,15.0,Ruby-crowned Kinglet
1488,2025-02-07,,https://static.inaturalist.org/photos/468724837/medium.jpeg,"Scarborough, ON M1S 5J9, Canada",43.8088281714,-79.2696853727,716.0,Feral Pigeon
20157,2025-10-22,CC-BY-NC,https://inaturalist-open-data.s3.amazonaws.com/photos/583391790/medium.jpg,"Rouge, Scarborough, ON, Canada",43.7931091854,-79.1213595883,412.0,Wood Duck
20316,2025-10-25,,https://static.inaturalist.org/photos/584521577/medium.jpg,"Corktown Common, Toronto, ON, CA",43.6542366667,-79.3525916667,46.0,Brown Creeper
2945,2025-03-10,,https://static.inaturalist.org/photos/475641383/medium.jpg,"University of Guelph-Humber, Toronto, ON, CA",43.7276100944,-79.6062458877,5.0,Canada Goose
18684,2025-09-25,,https://static.inaturalist.org/photos/575306824/medium.jpg,"Corktown Common, Toronto, ON, CA",43.6541783333,-79.35225,9.0,Northern Parula
23417,2025-12-28,CC-BY-NC,https://inaturalist-open-data.s3.amazonaws.com/photos/603442483/medium.jpg,"Bayview Village, Toronto, ON, Canada",43.777636267,-79.3704431046,61.0,Dark-eyed Junco
22052,2025-11-25,CC-BY-NC,https://inaturalist-open-data.s3.amazonaws.com/photos/594738163/medium.jpg,"Bayview Village, North York, ON, Canada",43.7823143092,-79.3728820636,493.0,Dark-eyed Junco
2361,2025-02-26,CC-BY-NC,https://inaturalist-open-data.s3.amazonaws.com/photos/472798695/medium.jpeg,"Sunnyside Beach, Sunnyside, ON, Canada",43.636766,-79.4520176,311.0,Redhead
16725,2025-09-04,,https://static.inaturalist.org/photos/562662487/medium.jpg,"High Park-Swansea, Toronto, ON, Canada",43.6410631751,-79.4630936955,8.0,Wood Duck
1434,2025-02-05,,https://static.inaturalist.org/photos/468305347/medium.jpg,"Corktown Common, Toronto, ON, CA",43.65487,-79.35322,46.0,White-throated Sparrow
15023,2025-08-04,CC-BY-NC,https://inaturalist-open-data.s3.amazonaws.com/photos/547415972/medium.jpg,"Ontario, CA",43.7671759744,-79.5853692479,22.0,Northern Cardinal
7354,2025-04-27,CC-BY-NC,https://inaturalist-open-data.s3.amazonaws.com/photos/496061403/medium.jpg,"Canary Crescent, North York, ON M2K, Canada",43.7805239,-79.3883534,219.0,European Starling
10792,2025-05-25,,https://static.inaturalist.org/photos/510526029/medium.jpg,"Corktown Common, Toronto, ON, CA",43.6546216667,-79.3529583333,11.0,Bay-breasted Warbler
15450,2025-08-11,,https://static.inaturalist.org/photos/551152323/medium.jpg,"Durham Ave, Toronto, ON, CA",43.6934634653,-79.4326772216,10.0,Northern Cardinal
2145,2025-02-23,,https://static.inaturalist.org/photos/472110992/medium.jpg,"Toronto, ON, Canada",43.621717827,-79.3268403366,31.0,Mallard
23764,2025-10-01,CC-BY,https://inaturalist-open-data.s3.amazonaws.com/photos/608240722/medium.jpg,"South Riverdale, Toronto, ON, Canada",43.6557328731,-79.3100294307,15.0,Lincoln's Sparrow
14447,2025-07-24,CC-BY-NC,https://inaturalist-open-data.s3.amazonaws.com/photos/541766648/medium.jpg,"South Riverdale, Toronto, ON, Canada",43.6615492676,-79.3068851741,1.0,Red-tailed Hawk
11991,2025-05-03,CC-BY-NC,https://inaturalist-open-data.s3.amazonaws.com/photos/516794482/medium.jpg,"South Riverdale, Toronto, ON, Canada",43.6593409107,-79.30590435,1.0,Yellow-breasted Chat
21899,2025-11-22,,https://static.inaturalist.org/photos/593685403/medium.jpg,"King St E, Toronto, ON, CA",43.6570083333,-79.355545,6.0,Cooper's Hawk
22726,2025-12-13,CC-BY-NC,https://inaturalist-open-data.s3.amazonaws.com/photos/599622903/medium.jpg,"73 Cardiff Rd, North York, ON M4P 2P4, Canada",43.713027,-79.3841394,179.0,Dark-eyed Junco
10128,2025-05-18,CC-BY-NC,https://inaturalist-open-data.s3.amazonaws.com/photos/507109423/medium.jpg,"Ontario, CA",43.6657152134,-79.6182265558,665.0,Northern Cardinal
10152,2025-05-18,CC-BY-NC,https://inaturalist-open-data.s3.amazonaws.com/photos/507257879/medium.jpg,"Bayview Village, Toronto, ON, Canada",43.777636267,-79.3704431046,61.0,Grey Catbird
10863,2025-05-10,CC-BY-NC,https://inaturalist-open-data.s3.amazonaws.com/photos/510675798/medium.jpg,"Colonel  Samuel Smith Park, Toronto, ON, Canada",43.5906511232,-79.5131823425,683.0,Double-crested Cormorant
14424,2025-07-22,CC-BY,https://inaturalist-open-data.s3.amazonaws.com/photos/541437197/medium.jpg,"Toronto, ON, CA",43.6782083333,-79.32257,10.0,Turkey Vulture
15831,2025-08-19,,https://static.inaturalist.org/photos/554908819/medium.jpg,"South Riverdale, Toronto, ON, Kanada",43.6289786224,-79.3268808192,4.0,Königstyrann
18240,2025-09-26,CC-BY-NC,https://inaturalist-open-data.s3.amazonaws.com/photos/572474740/medium.jpg,"Woodbine Beach Dune Ecosystem , Toronto, ON, Canada",43.6591030288,-79.3086707508,1.0,Brown Creeper
19753,2025-10-16,CC-BY-NC,https://inaturalist-open-data.s3.amazonaws.com/photos/581115122/medium.jpg,"Bayview Village, Toronto, ON, Canada",43.777636267,-79.3704431046,61.0,Song Sparrow
13264,2025-06-28,CC-BY,https://inaturalist-open-data.s3.amazonaws.com/photos/528301340/medium.jpg,"Swansea, Toronto, ON, Canada",43.63302509,-79.46934005,20.0,Red-winged Blackbird
6408,2025-04-25,CC-BY-NC,https://inaturalist-open-data.s3.amazonaws.com/photos/491841774/medium.jpg,"Bayview Village, Toronto, ON, Canada",43.777636267,-79.3704431046,61.0,Red-winged Blackbird
21329,2025-10-25,CC-BY-NC,https://inaturalist-open-data.s3.amazonaws.com/photos/590564594/medium.jpg,"Great Lakes Waterfront Tr, Toronto, ON, CA",43.5925388296,-79.513273197,19.0,Fox Sparrow
19040,2025-10-03,CC0,https://inaturalist-open-data.s3.amazonaws.com/photos/578082397/medium.jpg,"Ontario, CA",43.6398745289,-79.3665900609,319.0,Mute Swan
8841,2025-04-27,CC-BY-NC,https://inaturalist-open-data.s3.amazonaws.com/photos/501403780/medium.jpeg,"Colonel  Samuel Smith Park, Toronto, ON, Canada",43.5906511232,-79.5131823425,683.0,Ring-billed Gull
12260,2025-06-10,CC-BY-NC,https://inaturalist-open-data.s3.amazonaws.com/photos/518896459/medium.jpg,"North York General Hospital, Toronto, ON, CA",43.7678585577,-79.3626199897,102.0,Cedar Waxwing
15890,2025-08-21,CC-BY-NC,https://inaturalist-open-data.s3.amazonaws.com/photos/555722453/medium.jpg,"The Beaches, Toronto, ON, Canada",43.6788527104,-79.2934549114,1.0,Chestnut-sided Warbler
2809,2025-03-09,,https://static.inaturalist.org/photos/475349473/medium.jpg,"High Park-Swansea, Toronto, ON, Canada",43.6477678987,-79.463070631,15.0,Hairy Woodpecker
12840,2025-06-14,,https://static.inaturalist.org/photos/523913374/medium.jpg,"Toronto, ON M5J 2W2, Canada",43.6149226218,-79.3897118792,353.0,Grey Catbird
11357,2025-05-10,CC-BY,https://inaturalist-open-data.s3.amazonaws.com/photos/513497512/medium.jpg,"Glenfield-Jane Heights, North York, ON, Canada",43.7361904569,-79.5040176837,47.0,Black-and-white Warbler
9588,2025-05-13,CC-BY-NC,https://inaturalist-open-data.s3.amazonaws.com/photos/504400494/medium.jpg,"Ashbridge's Bay Park, Toronto, ON, Canada",43.6563233142,-79.3071433651,2.0,Lesser Black-backed Gull
11622,2025-06-03,CC-BY-NC,https://inaturalist-open-data.s3.amazonaws.com/photos/515320774/medium.jpg,"Bayview Village, North York, ON, Canada",43.7834028367,-79.3752602711,542.0,Northern Cardinal
21244,2025-11-10,CC-BY-NC,https://inaturalist-open-data.s3.amazonaws.com/photos/590069811/medium.jpg,"Carolbreen Sq, Toronto, ON, CA",43.80785,-79.2807533333,4.0,American Robin
13038,2025-06-23,CC-BY-NC,https://inaturalist-open-data.s3.amazonaws.com/photos/526093677/medium.jpg,"Humber River Recreational Tr, Toronto, ON, CA",43.6740205198,-79.5123585577,21.0,Killdeer
13478,2025-07-02,CC-BY,https://inaturalist-open-data.s3.amazonaws.com/photos/530455501/medium.jpg,"High Park-Swansea, Toronto, ON, Canada",43.6425529101,-79.4575347501,25.0,Downy Woodpecker
18413,2025-09-28,CC-BY,https://inaturalist-open-data.s3.amazonaws.com/photos/573477716/medium.jpg,"Humber Bay Park Rd E, Toronto, ON, CA",43.622637433,-79.4770493825,6.0,Northern Cardinal
7952,2025-05-02,CC-BY,https://inaturalist-open-data.s3.amazonaws.com/photos/498699339/medium.jpeg,"Scarborough, ON M1P 3P5, Canada",43.76334263,-79.26836542,7.0,White-throated Sparrow
8528,2025-05-05,CC-BY,https://inaturalist-open-data.s3.amazonaws.com/photos/500544587/medium.jpeg,"Scarborough, ON M1P 3P5, Canada",43.76339947,-79.26824732,4.0,Ruby-crowned Kinglet
1930,2025-02-17,CC-BY-NC,https://inaturalist-open-data.s3.amazonaws.com/photos/470794292/medium.jpeg,"Etobicoke, ON M8V 4B7, Canada",43.592780176,-79.5122700557,12.0,Black-capped Chickadee
8264,2025-04-14,CC-BY-NC,https://inaturalist-open-data.s3.amazonaws.com/photos/499682183/medium.jpg,"Ontario, CA",43.7425076831,-79.4429022412,174.0,Yellow-bellied Sapsucker
20070,2025-10-21,,https://static.inaturalist.org/photos/583008207/medium.jpg,"Stong Pond, North York, ON M3N 3A7, Canada",43.771395,-79.507178,12.0,American Robin
14450,2025-07-24,CC-BY-NC,https://inaturalist-open-data.s3.amazonaws.com/photos/541789282/medium.jpg,"Toronto, ON, CA",43.6600531507,-79.3078935569,28.0,Stilt Sandpiper
8372,2025-05-04,,https://static.inaturalist.org/photos/499917920/medium.jpg,"Beltline Tr, Toronto, ON, CA",43.6863387913,-79.3669753479,98.0,Downy Woodpecker
7679,2025-04-30,,https://static.inaturalist.org/photos/497671819/medium.jpg,"York University Heights, North York, ON, Canada",43.7733295488,-79.5056449453,31.0,Canada Goose
12940,2025-06-19,CC-BY-NC,https://inaturalist-open-data.s3.amazonaws.com/photos/524802150/medium.jpg,"Colonel  Samuel Smith Park, Toronto, ON, Canada",43.5906511232,-79.5131823425,683.0,Tree Swallow
16854,2025-08-29,CC-BY-NC,https://inaturalist-open-data.s3.amazonaws.com/photos/563811178/medium.jpg,"Bayview Village, Toronto, ON, Canada",43.777636267,-79.3704431046,61.0,American Robin
14426,2025-07-23,CC-BY-NC,https://inaturalist-open-data.s3.amazonaws.com/photos/541457660/medium.jpg,"Rouge, Scarborough, ON, Canada",43.8248306471,-79.1673185023,250.0,Eastern Kingbird
630,2025-01-07,CC-BY-NC,https://inaturalist-open-data.s3.amazonaws.com/photos/463859187/medium.jpeg,"Colonel  Samuel Smith Park, Toronto, ON, Canada",43.5906511232,-79.5131823425,683.0,Red-breasted Merganser
20517,2025-10-24,CC-BY-NC,https://inaturalist-open-data.s3.amazonaws.com/photos/585974384/medium.jpg,"Bayview Village, Toronto, ON, Canada",43.777636267,-79.3704431046,61.0,Cedar Waxwing
11551,2025-05-30,,https://static.inaturalist.org/photos/514925097/medium.jpg,"South Riverdale, Toronto, ON, Canada",43.6273686601,-79.3268781155,195.0,Tree Swallow
12104,2025-06-07,,https://static.inaturalist.org/photos/517688367/medium.jpg,"Toronto, ON, Canada",43.5906384067,-79.512934573,199.0,Mute Swan
8531,2025-04-26,CC-BY-NC,https://inaturalist-open-data.s3.amazonaws.com/photos/500543080/medium.jpeg,"Colonel  Samuel Smith Park, Toronto, ON, Canada",43.5906511232,-79.5131823425,683.0,Red-breasted Merganser
21021,2025-11-05,CC-BY-NC,https://inaturalist-open-data.s3.amazonaws.com/photos/588724932/medium.jpg,"Rouge, Scarborough, ON, Canada",43.7925457828,-79.1209422472,15.0,Mallard
20090,2025-10-21,,https://static.inaturalist.org/photos/583022618/medium.jpg,"Stong Pond, North York, ON M3N 3A7, Canada",43.7709415,-79.5072857,38.0,Canada Goose
11746,2025-06-03,CC-BY-NC,https://inaturalist-open-data.s3.amazonaws.com/photos/515671607/medium.jpg,"Cedar Trail and the Beare Wetlands Loop, Bottom of, Zoo Rd, Toronto, ON M1B 5W2, Canada",43.8224231,-79.1664536,185.0,Red-winged Blackbird
4968,2025-04-14,CC-BY-NC,https://inaturalist-open-data.s3.amazonaws.com/photos/486579820/medium.jpg,"Bridle Path-Sunnybrook-York Mills, Toronto, ON, Canada",43.7255675317,-79.3528828392,841.0,Song Sparrow
18087,2025-09-24,CC-BY-NC,https://inaturalist-open-data.s3.amazonaws.com/photos/571914453/medium.jpg,"Waterfront Tr, Toronto, ON, CA",43.7924665736,-79.1203909649,895.0,Northern Pintail
14178,2025-07-15,CC-BY-NC,https://inaturalist-open-data.s3.amazonaws.com/photos/538488479/medium.jpg,"Toronto, ON M4M 3M2, Canada",43.628805593,-79.3235176429,8.0,Song Sparrow
13039,2025-06-14,CC-BY-NC,https://inaturalist-open-data.s3.amazonaws.com/photos/526154060/medium.jpg,"High Park Zoo, Toronto, ON M6R 0A1, Canada",43.6427676,-79.4614324,522.0,Wood Duck
9389,2025-05-10,,https://static.inaturalist.org/photos/503277532/medium.jpg,"High Park-Swansea, Toronto, ON, Canada",43.6426688224,-79.4662749149,31.0,Baltimore Oriole
147,2025-01-05,CC-BY-NC,https://inaturalist-open-data.s3.amazonaws.com/photos/461985471/medium.jpeg,"Toronto, CA-ON, CA",43.6255637693,-79.3303324655,237.0,Greater Scaup
16192,2025-08-25,CC-BY-NC,https://inaturalist-open-data.s3.amazonaws.com/photos/558590799/medium.jpg,"Toronto, ON, CA",43.6474916667,-79.3222333333,1.0,Mute Swan
23824,2025-05-18,CC-BY-NC,https://inaturalist-open-data.s3.amazonaws.com/photos/610796586/medium.jpg,"South Riverdale, Toronto, ON, Canada",43.6481676479,-79.3240334062,61.0,Cape May Warbler
5003,2025-04-15,CC-BY-NC,https://inaturalist-open-data.s3.amazonaws.com/photos/486847308/medium.jpeg,"Scarborough, ON M1G 1N6, Canada",43.7683446407,-79.2483145371,281.0,Brown-headed Cowbird
21765,2025-11-18,CC-BY-NC,https://inaturalist-open-data.s3.amazonaws.com/photos/592706936/medium.jpg,"High Park-Swansea, Toronto, ON, Canada",43.641048859,-79.458373415,4.0,Black-capped Chickadee
13925,2025-07-10,CC-BY-NC,https://inaturalist-open-data.s3.amazonaws.com/photos/535306295/medium.jpg,"Bayview Village, North York, ON, Canada",43.7783581754,-79.3698270572,416.0,American Goldfinch
21706,2025-11-16,CC-BY-NC,https://inaturalist-open-data.s3.amazonaws.com/photos/592129019/medium.jpg,"73 Cardiff Rd, North York, ON M4P 2P4, Canada",43.713027,-79.3841394,179.0,Black-capped Chickadee
7852,2025-04-27,,https://static.inaturalist.org/photos/498253576/medium.jpg,"New Toronto, Etobicoke, ON, Canada",43.5915386723,-79.5132094177,31.0,House Sparrow
18106,2025-09-23,CC-BY-NC,https://inaturalist-open-data.s3.amazonaws.com/photos/571950100/medium.jpg,"Ontario, CA",43.7696782717,-79.0928131252,60.0,Wood Duck
16441,2025-08-31,CC-BY-NC,https://inaturalist-open-data.s3.amazonaws.com/photos/560337126/medium.jpg,"Arlington Ave, Toronto, ON, CA",43.6943283333,-79.43393,6.0,Red-breasted Nuthatch
13640,2025-07-03,CC-BY-NC,https://inaturalist-open-data.s3.amazonaws.com/photos/532022013/medium.jpg,"Rouge, Scarborough, ON, Canada",43.8225041695,-79.1665450959,509.0,Green Heron
6129,2025-04-25,CC-BY-NC,https://inaturalist-open-data.s3.amazonaws.com/photos/491440214/medium.jpg,"High Park, Toronto, ON, CA",43.6458053806,-79.4581943252,287.0,Hairy Woodpecker
5643,2025-04-20,CC-BY-NC,https://inaturalist-open-data.s3.amazonaws.com/photos/489112021/medium.jpeg,"Leaside-Bennington, Toronto, ON, Canada",43.7198467716,-79.3546410859,2.0,Mallard
8776,2025-05-06,,https://static.inaturalist.org/photos/501220714/medium.jpg,"Corktown Common, Toronto, ON, CA",43.6540416667,-79.3520133333,8.0,Nashville Warbler
14191,2025-07-11,CC0,https://inaturalist-open-data.s3.amazonaws.com/photos/538555080/medium.jpg,"Ontario, CA",43.749884681,-79.2055821384,225.0,House Sparrow
13296,2025-06-28,CC-BY-NC,https://inaturalist-open-data.s3.amazonaws.com/photos/528647914/medium.jpg,"North York, ON M2H 3H1, Canada",43.8055394527,-79.3632408231,6.0,Merlin
6272,2025-04-25,CC-BY-NC,https://inaturalist-open-data.s3.amazonaws.com/photos/491669885/medium.jpg,"Queens Quay W, Toronto, ON, CA",43.6370783333,-79.393945,5.0,Ruby-crowned Kinglet
14029,2025-06-14,CC-BY-NC,https://inaturalist-open-data.s3.amazonaws.com/photos/536551270/medium.jpg,"Sunnyside Beach, Sunnyside, ON, Canada",43.636766,-79.4520176,319.0,Ring-billed Gull
5046,2025-04-15,CC-BY,https://inaturalist-open-data.s3.amazonaws.com/photos/487068957/medium.png,"South Riverdale, Toronto, ON, Canada",43.6575386393,-79.3057491655,67.0,Dark-eyed Junco
10399,2025-05-20,CC-BY-NC,https://inaturalist-open-data.s3.amazonaws.com/photos/508415261/medium.jpg,"Tommy Thompson Park, Toronto, ON, CA",43.6288124993,-79.3254550375,358.0,Snow Goose
3001,2025-03-11,CC-BY-NC,https://inaturalist-open-data.s3.amazonaws.com/photos/475870829/medium.jpg,"Lake Ontario, Toronto, ON, CA",43.6564616667,-79.30818,12.0,Red-breasted Merganser
15260,2025-02-11,CC-BY-NC,https://inaturalist-open-data.s3.amazonaws.com/photos/549956964/medium.jpg,"Toronto, ON, Canada",43.6468294544,-79.3276241539,15.0,Canada Goose
12704,2025-05-16,,https://static.inaturalist.org/photos/522706986/medium.jpg,"Birch Cliff, Scarborough, ON, Canada",43.6970098781,-79.2549291316,4.0,Rose-breasted Grosbeak
8655,2025-04-26,CC-BY-NC,https://inaturalist-open-data.s3.amazonaws.com/photos/500778040/medium.jpeg,"Colonel  Samuel Smith Park, Toronto, ON, Canada",43.5906511232,-79.5131823425,683.0,Red-necked Grebe
15432,2025-07-04,CC-BY-NC,https://inaturalist-open-data.s3.amazonaws.com/photos/550965658/medium.jpg,"Toronto, ON M5A 0N7, Canada",43.6546880416,-79.3533324078,7.0,Red-winged Blackbird
22487,2025-12-08,CC-BY-NC,https://inaturalist-open-data.s3.amazonaws.com/photos/598291486/medium.jpg,"Cardiff Rd, Toronto, ON, CA",43.7130500092,-79.3840307139,39.0,Blue Jay
21104,2025-11-06,CC-BY-NC,https://inaturalist-open-data.s3.amazonaws.com/photos/589398398/medium.jpg,"Bayview Village, Toronto, ON, Canada",43.777636267,-79.3704431046,61.0,Dark-eyed Junco
23719,2025-09-29,CC-BY-NC,https://inaturalist-open-data.s3.amazonaws.com/photos/607166839/medium.jpg,"Bentworth Ave, Toronto, ON, CA",43.7200966667,-79.4674833333,18.0,Canada Goose
4129,2025-04-02,CC-BY-NC,https://inaturalist-open-data.s3.amazonaws.com/photos/482257458/medium.jpg,"Cardiff Rd, Toronto, ON, CA",43.7130381728,-79.3840307139,39.0,Northern Cardinal
9082,2025-05-01,CC-BY-NC,https://inaturalist-open-data.s3.amazonaws.com/photos/501908136/medium.jpg,"Toronto Metropolitan University, Toronto, ON, CA",43.6597443951,-79.3780284588,38.0,Hermit Thrush
8036,2025-05-02,CC-BY-NC,https://inaturalist-open-data.s3.amazonaws.com/photos/498987091/medium.jpg,"Bayview Village, North York, ON, Canada",43.7809200239,-79.3717233493,394.0,Black-and-white Warbler
2396,2025-02-28,CC-BY-NC,https://inaturalist-open-data.s3.amazonaws.com/photos/473155427/medium.jpeg,"73 Cardiff Rd, North York, ON M4P 2P4, Canada",43.713027,-79.3841394,179.0,American Robin
19012,2025-10-07,CC-BY-NC,https://inaturalist-open-data.s3.amazonaws.com/photos/577874723/medium.jpg,"Bayview Village, Toronto, ON, Canada",43.777636267,-79.3704431046,61.0,Cedar Waxwing
2389,2025-02-27,CC-BY-NC,https://inaturalist-open-data.s3.amazonaws.com/photos/473086447/medium.jpeg,"73 Cardiff Rd, North York, ON M4P 2P4, Canada",43.713027,-79.3841394,179.0,Northern Cardinal
14382,2025-07-22,CC-BY-NC,https://inaturalist-open-data.s3.amazonaws.com/photos/540739974/medium.jpg,"Sherwood Park, Toronto, ON, CA",43.7174033333,-79.3880833333,4.0,Red-tailed Hawk
18798,2025-09-28,CC-BY-NC,https://inaturalist-open-data.s3.amazonaws.com/photos/576151262/medium.jpg,"Downsview Park, Toronto, ON, CA",43.7402819648,-79.4777934116,9.0,Northern Flicker
11364,2025-05-10,CC-BY,https://inaturalist-open-data.s3.amazonaws.com/photos/513497711/medium.jpg,"Glenfield-Jane Heights, North York, ON, Canada",43.7349299219,-79.4973764769,35.0,Chestnut-sided Warbler
20325,2025-10-13,CC-BY-NC,https://inaturalist-open-data.s3.amazonaws.com/photos/584560984/medium.jpg,"Canary Crescent, North York, ON M2K, Canada",43.7813981,-79.3886056,154.0,American Goldfinch
4571,2025-02-01,CC-BY-NC,https://inaturalist-open-data.s3.amazonaws.com/photos/485029513/medium.jpg,"South Riverdale, Toronto, ON, Canada",43.6527641217,-79.3221885686,42.0,Red-tailed Hawk
6554,2025-04-25,CC-BY-NC,https://inaturalist-open-data.s3.amazonaws.com/photos/491985984/medium.jpeg,"Colonel  Samuel Smith Park, Toronto, ON, Canada",43.5906511232,-79.5131823425,683.0,Tree Swallow
17331,2025-09-11,CC-BY-NC,https://inaturalist-open-data.s3.amazonaws.com/photos/567331959/medium.jpg,"Colonel  Samuel Smith Park, Toronto, ON, Canada",43.5906511232,-79.5131823425,683.0,Feral Pigeon
10327,2025-05-20,CC-BY-NC,https://inaturalist-open-data.s3.amazonaws.com/photos/508091159/medium.jpg,"Leaside-Bennington, Toronto, ON, Canada",43.7199322276,-79.3546640837,8.0,Black-capped Chickadee
3118,2025-03-05,,https://static.inaturalist.org/photos/476179114/medium.jpeg,"Toronto, ON, Canada",43.6551392327,-79.3127224222,140.0,Redhead
23555,2025-12-31,CC-BY-NC,https://inaturalist-open-data.s3.amazonaws.com/photos/604283982/medium.jpg,"Bayview Village, North York, ON, Canada",43.7808944422,-79.3854305373,174.0,American Robin
17671,2025-09-18,CC-BY-NC,https://inaturalist-open-data.s3.amazonaws.com/photos/569426829/medium.jpg,"Bayview Village, North York, ON, Canada",43.7816661625,-79.3727353443,607.0,Common Yellowthroat
11256,2025-05-26,CC-BY-NC,https://inaturalist-open-data.s3.amazonaws.com/photos/512816174/medium.jpg,"TORONTO, Ontario, CANADA",43.6188288665,-79.3739351258,5.0,Canada Goose
20998,2025-11-05,,https://static.inaturalist.org/photos/588451863/medium.jpg,"Toronto, ON, CA",43.6701232087,-79.3682306831,470.0,House Finch
17413,2025-09-12,CC-BY-NC,https://inaturalist-open-data.s3.amazonaws.com/photos/567627231/medium.jpg,"Legislative Assembly of Ontario, Toronto, ON, CA",43.662245,-79.390525,6.0,drozd stěhovavý
252,2025-01-03,CC-BY-NC,https://inaturalist-open-data.s3.amazonaws.com/photos/462276720/medium.jpeg,"Colonel  Samuel Smith Park, Toronto, ON, Canada",43.5906511232,-79.5131823425,683.0,Long-tailed Duck
16325,2025-08-29,CC-BY-NC,https://inaturalist-open-data.s3.amazonaws.com/photos/559550491/medium.jpg,"St Lawrence-East Bayfront-The Islands, Toronto, ON, Canada",43.6483875535,-79.3700614771,32.0,Feral Pigeon
10724,2025-05-25,CC-BY-NC,https://inaturalist-open-data.s3.amazonaws.com/photos/510215794/medium.jpg,"Heath Cres, Toronto, ON, CA",43.6915333333,-79.3904416667,6.0,Cooper's Hawk
4743,2025-03-08,CC-BY-NC,https://inaturalist-open-data.s3.amazonaws.com/photos/485783948/medium.jpg,"High Park-Swansea, Toronto, ON, Canada",43.6447255584,-79.4586053914,22.0,Red-winged Blackbird
4272,2025-04-05,CC-BY-NC,https://inaturalist-open-data.s3.amazonaws.com/photos/483279134/medium.jpeg,"Toronto, ON M4L 3Z8, Canada",43.6641371175,-79.3108680099,4.0,Eastern Phoebe
14637,2025-07-27,CC-BY-NC,https://inaturalist-open-data.s3.amazonaws.com/photos/543729791/medium.jpg,"Eglinton Ave W, Toronto, ON, CA",43.7014058058,-79.4216963336,62.0,American Robin
12313,2025-06-10,,https://static.inaturalist.org/photos/519094795/medium.jpg,"Toronto, ON M6R 2Z9, Canada",43.6531731308,-79.4600102305,81.0,European Starling
3864,2025-03-26,CC-BY-NC,https://inaturalist-open-data.s3.amazonaws.com/photos/480178144/medium.jpeg,"Toronto, ON, Canada",43.7892274011,-79.1209089581,31.0,Canada Goose
8750,2025-05-06,CC-BY-NC,https://inaturalist-open-data.s3.amazonaws.com/photos/501133875/medium.jpeg,"South Riverdale, Toronto, ON, Canada",43.6572955625,-79.3055165863,8.0,Prairie Warbler
18154,2025-09-25,,https://static.inaturalist.org/photos/572088151/medium.jpg,"Corktown Common, Toronto, ON, CA",43.6537866667,-79.3519533333,12.0,Blackpoll Warbler
5849,2025-04-22,CC-BY-NC,https://inaturalist-open-data.s3.amazonaws.com/photos/489976193/medium.jpg,"Bayview Village, North York, ON, Canada",43.7812069749,-79.3711905153,296.0,Ruby-crowned Kinglet
12404,2025-06-12,CC-BY-NC,https://inaturalist-open-data.s3.amazonaws.com/photos/519942950/medium.jpg,"Woodbine Beach, Toronto ON, Canada",43.6605774114,-79.3055670404,8.0,Bonaparte's Gull
9020,2025-05-07,CC-BY-NC,https://inaturalist-open-data.s3.amazonaws.com/photos/501618239/medium.jpeg,"Toronto, ON M5J 2H5, Canada",43.6463127384,-79.3868325278,26.0,Common Yellowthroat
8947,2025-04-27,CC-BY-NC,https://inaturalist-open-data.s3.amazonaws.com/photos/501484942/medium.jpeg,"Colonel  Samuel Smith Park, Toronto, ON, Canada",43.5906511232,-79.5131823425,683.0,House Sparrow
22156,2025-11-26,CC-BY-NC,https://inaturalist-open-data.s3.amazonaws.com/photos/595403645/medium.jpg,"Keele St at Diana Dr, North York, ON M3M 2H3, Canada",43.7418547934,-79.4822889939,111.0,Cooper's Hawk
15177,2025-08-07,CC-BY-NC,https://inaturalist-open-data.s3.amazonaws.com/photos/549027134/medium.jpg,"Woodbine Beach Dune Ecosystem , Toronto, ON, Canada",43.6599375143,-79.3083026997,8.0,Osprey
13204,2025-06-26,CC-BY-NC,https://inaturalist-open-data.s3.amazonaws.com/photos/527442134/medium.jpg,"Etobicoke, ON M9W 5L7, Canada",43.7285169199,-79.6070177481,32.0,Cedar Waxwing
14259,2025-07-19,,,"Toronto, ON M4M 3M2, Canada",43.6298549376,-79.3241094053,4.0,Marsh Wren
5270,2025-04-17,CC-BY-NC,https://inaturalist-open-data.s3.amazonaws.com/photos/488184477/medium.jpg,"Bayview Village, North York, ON, Canada",43.7877362853,-79.3747401961,15.0,Belted Kingfisher
13343,2025-06-28,CC-BY-NC,https://inaturalist-open-data.s3.amazonaws.com/photos/529095623/medium.jpg,"Humber Bay Shores, Etobicoke, ON, Canada",43.622475647,-79.4779468328,98.0,Trumpeter Swan
7633,2025-04-28,CC-BY-NC,https://inaturalist-open-data.s3.amazonaws.com/photos/497368239/medium.jpeg,"Rouge National Urban Park, Twyn Rivers Area, Scarborough, ON, Canada",43.8136371424,-79.1536398456,15.0,Mallard
18145,2025-09-25,CC-BY-NC,https://inaturalist-open-data.s3.amazonaws.com/photos/572077087/medium.jpg,"High Park-Swansea, Toronto, ON, Canada",43.6482403219,-79.4593987604,95.0,Scarlet Tanager
22530,2025-12-05,CC-BY-NC,https://inaturalist-open-data.s3.amazonaws.com/photos/598501234/medium.jpg,"Rouge, Scarborough, ON, Canada",43.8232426474,-79.1653226985,175.0,American Goldfinch
1029,2025-01-25,CC-BY-NC,https://inaturalist-open-data.s3.amazonaws.com/photos/466083705/medium.jpeg,"The Kingsway, Etobicoke, ON, Canada",43.6475447,-79.5116307338,966.0,European Starling
6705,2025-04-26,,https://static.inaturalist.org/photos/492565767/medium.jpg,"High Park, Toronto, ON, CA",43.645875,-79.460725,4.0,Northern Cardinal
10915,2025-05-26,CC-BY-NC,https://inaturalist-open-data.s3.amazonaws.com/photos/510877370/medium.jpg,"Toronto, ON M4T 2V8, Canada",43.6951388763,-79.3812686205,190.0,Red-eyed Vireo
20878,2025-11-03,,https://static.inaturalist.org/photos/587914429/medium.jpg,"Corktown Common, Toronto, ON, CA",43.6542583333,-79.3530416667,2.0,Song Sparrow
15130,2025-07-13,CC-BY-NC,https://inaturalist-open-data.s3.amazonaws.com/photos/548278627/medium.jpg,"Ontario, CA",43.7902823495,-79.4553412881,74.0,Killdeer
1463,2025-02-07,CC-BY-NC,https://inaturalist-open-data.s3.amazonaws.com/photos/468674669/medium.jpeg,"South Riverdale, Toronto, ON, Canada",43.6477814298,-79.3286273208,15.0,Greater Scaup
5615,2025-04-20,CC-BY-NC,https://inaturalist-open-data.s3.amazonaws.com/photos/489084137/medium.jpg,"Toronto, ON, Canada",43.6196360198,-79.3263625942,31.0,Green-winged Teal
7179,2025-04-28,CC-BY,https://inaturalist-open-data.s3.amazonaws.com/photos/494813305/medium.jpeg,"Scarborough, ON M1P 3P5, Canada",43.7633613,-79.2683559,45.0,Black-capped Chickadee
10586,2025-05-14,CC-BY,https://inaturalist-open-data.s3.amazonaws.com/photos/509480964/medium.jpg,"Fenside-Parkwoods, Toronto, ON, Canada",43.7652903408,-79.3582696355,53.0,Eastern Kingbird
12052,2025-06-07,CC-BY-NC,https://inaturalist-open-data.s3.amazonaws.com/photos/517145047/medium.jpg,"Toronto, ON M4T 2V8, Canada",43.6951388763,-79.3812686205,190.0,Hairy Woodpecker
4246,2025-04-04,CC-BY-NC,https://inaturalist-open-data.s3.amazonaws.com/photos/482923155/medium.jpeg,"Leaside-Bennington, Toronto, ON, Canada",43.7202712092,-79.3544453382,8.0,American Tree Sparrow
1065,2025-01-26,CC-BY-NC,https://inaturalist-open-data.s3.amazonaws.com/photos/466243001/medium.jpg,"Bayview Village, North York, ON, Canada",43.780181673,-79.3753425896,582.0,Red-bellied Woodpecker
22610,2025-12-06,CC0,https://inaturalist-open-data.s3.amazonaws.com/photos/598829815/medium.jpg,"Ontario, CA",43.7852776924,-79.2669712266,880.0,American Wigeon
3057,2025-03-11,CC-BY-NC,https://inaturalist-open-data.s3.amazonaws.com/photos/476049816/medium.jpeg,"MM4R+GR, Toronto, ON M4L 3W6, Canada",43.6571588774,-79.3090206385,30.0,Long-tailed Duck
3902,2025-03-28,,https://static.inaturalist.org/photos/480420812/medium.jpg,"Cedarvale Ravine, Toronto ON, CA",43.690158,-79.422395,14.0,Pileated Woodpecker
20303,2025-10-25,,https://inaturalist-open-data.s3.amazonaws.com/photos/584442539/medium.jpg,"Scarborough City Centre, Scarborough, ON, Canada",43.7736138889,-79.2544555556,30.0,Ruby-crowned Kinglet
18725,2025-10-03,CC-BY-NC,https://inaturalist-open-data.s3.amazonaws.com/photos/575600082/medium.jpg,"Bayview Village, North York, ON, Canada",43.7782455398,-79.3693646487,480.0,Mallard
3770,2025-03-21,CC-BY-NC,https://inaturalist-open-data.s3.amazonaws.com/photos/479564039/medium.jpg,"Bayview Village, North York, ON, Canada",43.7814777428,-79.3731313446,761.0,Downy Woodpecker
9192,2025-05-04,CC-BY-NC,https://inaturalist-open-data.s3.amazonaws.com/photos/502402279/medium.jpeg,"Colonel  Samuel Smith Park, Toronto, ON, Canada",43.5906511232,-79.5131823425,683.0,Common Yellowthroat
18816,2025-10-04,CC-BY-NC,https://inaturalist-open-data.s3.amazonaws.com/photos/576173608/medium.jpg,"Etobicoke, ON M9W 6V3, Canada",43.725558871,-79.6080866084,38.0,Great Blue Heron
16994,2025-09-10,,https://static.inaturalist.org/photos/565199163/medium.jpg,"Corktown Common, Toronto, ON, CA",43.65438,-79.3526166667,17.0,Nashville Warbler
3704,2025-03-23,CC-BY-NC,https://inaturalist-open-data.s3.amazonaws.com/photos/478967252/medium.jpg,"Erskine Ave, Toronto, ON, CA",43.7130788904,-79.3867279701,39.0,Cooper's Hawk
7687,2025-04-30,,https://static.inaturalist.org/photos/497713622/medium.jpg,"Corktown Common, Toronto, ON, CA",43.6544216667,-79.3526,10.0,Ovenbird
16745,2025-08-31,CC-BY-NC,https://inaturalist-open-data.s3.amazonaws.com/photos/562937554/medium.jpg,"Bayview Village, North York, ON, Canada",43.7798820349,-79.3739120318,570.0,Ruby-throated Hummingbird
11032,2025-05-27,CC-BY-NC,https://inaturalist-open-data.s3.amazonaws.com/photos/511366372/medium.jpg,Toronto,43.7516784668,-79.5666275024,15.0,House Sparrow
20068,2025-10-18,CC-BY-NC,https://inaturalist-open-data.s3.amazonaws.com/photos/582997342/medium.jpg,"Bluffers Park, Scarborough, ON, Canada",43.7042219126,-79.2378492058,128.0,Red-winged Blackbird
11608,2025-06-03,CC-BY,https://inaturalist-open-data.s3.amazonaws.com/photos/515234295/medium.jpg,"Toronto, ON M4W 3X8, Canada",43.6844369,-79.3663362,55.0,Red-winged Blackbird
7392,2025-04-28,CC-BY-NC,https://inaturalist-open-data.s3.amazonaws.com/photos/496221540/medium.jpg,"Bayview Village, North York, ON, Canada",43.7815652658,-79.388346418,292.0,Chipping Sparrow
6635,2025-04-25,CC-BY,https://inaturalist-open-data.s3.amazonaws.com/photos/492294698/medium.png,"Ward's Island, Toronto, ON, Canada",43.6229264257,-79.3634675367,78.0,House Sparrow
8021,2025-05-02,CC-BY-NC,https://inaturalist-open-data.s3.amazonaws.com/photos/498971011/medium.jpg,"Bayview Village, Toronto, ON, Canada",43.777636267,-79.3704431046,61.0,Northern Cardinal
3341,2025-03-16,CC-BY-NC,https://inaturalist-open-data.s3.amazonaws.com/photos/477188796/medium.jpeg,"Humber Bay Shores, Etobicoke, ON, Canada",43.6231105647,-79.4770184532,22.0,Bufflehead
16965,2025-09-09,,https://static.inaturalist.org/photos/565035834/medium.jpg,"High Park-Swansea, Toronto, ON, Canada",43.6459563127,-79.4639412974,31.0,Hairy Woodpecker
3605,2025-03-12,CC-BY-NC,https://inaturalist-open-data.s3.amazonaws.com/photos/478336834/medium.jpeg,"Toronto, ON M5A 0S1, Canada",43.6428971698,-79.3673982471,232.0,Long-tailed Duck
3060,2025-03-12,CC-BY-NC,https://inaturalist-open-data.s3.amazonaws.com/photos/476053125/medium.jpg,"Cardiff Rd, Toronto, ON, CA",43.7130263364,-79.3840073203,39.0,Northern Cardinal
20235,2025-10-23,CC-BY-NC,https://inaturalist-open-data.s3.amazonaws.com/photos/583764085/medium.jpg,"Bayview Village, Toronto, ON, Canada",43.777636267,-79.3704431046,61.0,Hermit Thrush
9762,2025-05-15,,,UTSC Valley,43.7780924511,-79.1830231994,204.0,Red-bellied Woodpecker
7759,2025-04-28,CC-BY-NC,https://inaturalist-open-data.s3.amazonaws.com/photos/497889968/medium.jpg,"Edenbridge-Humber Valley, Etobicoke, ON, Canada",43.6714472912,-79.5130099888,270.0,Red-tailed Hawk
11848,2025-05-27,CC-BY-NC,https://inaturalist-open-data.s3.amazonaws.com/photos/515955201/medium.jpg,"Colonel  Samuel Smith Park, Toronto, ON, Canada",43.5906511232,-79.5131823425,683.0,Mute Swan
9485,2025-05-11,CC-BY-NC,https://inaturalist-open-data.s3.amazonaws.com/photos/503666392/medium.jpeg,"Evergreen Brick Works, 550 Bayview Ave, Toronto, ON M4W 3X8, Canada",43.6843314,-79.3647127,165.0,Northern Yellow Warbler
8517,2025-04-26,CC-BY-NC,https://inaturalist-open-data.s3.amazonaws.com/photos/500538278/medium.jpeg,"Colonel  Samuel Smith Park, Toronto, ON, Canada",43.5906511232,-79.5131823425,683.0,Common Grackle
19656,2025-10-15,CC-BY-NC,https://inaturalist-open-data.s3.amazonaws.com/photos/580804057/medium.jpg,"Rosehill Ave / Avoca Ave - SMART, Toronto, ON M4T 1J8, Canada",43.6879792577,-79.3887640536,80.0,Eastern Red-tailed Hawk
19585,2025-10-14,CC-BY-NC,https://inaturalist-open-data.s3.amazonaws.com/photos/580389727/medium.jpg,"Bayview Village, Toronto, ON, Canada",43.777636267,-79.3704431046,61.0,American Robin
4199,2025-03-11,CC-BY-NC,https://inaturalist-open-data.s3.amazonaws.com/photos/482775027/medium.jpg,"Queens Quay W, Toronto, ON, CA",43.638145,-79.3812783333,65.0,Feral Pigeon
7793,2025-04-28,CC-BY-NC,https://inaturalist-open-data.s3.amazonaws.com/photos/498106546/medium.jpeg,"Colonel  Samuel Smith Park, Toronto, ON, Canada",43.5906511232,-79.5131823425,683.0,Red-winged Blackbird
18280,2025-09-27,CC-BY-NC,https://inaturalist-open-data.s3.amazonaws.com/photos/572853337/medium.jpg,"Woodbine Beach Dune Ecosystem , Toronto, ON, Canada",43.6601910808,-79.3074702469,2.0,Eastern Phoebe
13114,2025-06-25,CC-BY,https://inaturalist-open-data.s3.amazonaws.com/photos/526888281/medium.jpg,"High Park-Swansea, Toronto, ON, Canada",43.65225228,-79.46406515,25.0,Chipping Sparrow
2055,2025-02-19,CC-BY-NC,https://inaturalist-open-data.s3.amazonaws.com/photos/471431881/medium.jpg,"Banbury-Don Mills, North York, ON, Canada",43.7302505954,-79.3557553234,976.0,Black-capped Chickadee
2059,2025-02-19,CC-BY-NC,https://inaturalist-open-data.s3.amazonaws.com/photos/471431950/medium.jpg,"Banbury-Don Mills, North York, ON, Canada",43.7302505954,-79.3557553234,976.0,Red-bellied Woodpecker
10323,2025-05-20,CC-BY-NC,https://inaturalist-open-data.s3.amazonaws.com/photos/508080092/medium.jpg,"Bayview Woods-Steeles, North York, ON, Canada",43.7907543796,-79.377817432,334.0,Baltimore Oriole
21270,2025-11-08,,https://static.inaturalist.org/photos/590162683/medium.jpg,"Toronto Zoo, Toronto, ON, CA",43.8248905686,-79.180810605,22.0,Canada Goose
22585,2025-09-10,CC-BY-NC,https://inaturalist-open-data.s3.amazonaws.com/photos/598826145/medium.jpg,"Toronto, Ontario, Canada",43.7826388889,-79.1871194444,3.0,Common Yellowthroat
20781,2025-10-23,CC-BY-NC,https://inaturalist-open-data.s3.amazonaws.com/photos/587357409/medium.jpg,"Rouge Marsh, Toronto, ON, Canada",43.794200329,-79.1193361151,4.0,House Sparrow
7552,2025-04-29,CC-BY-NC,https://inaturalist-open-data.s3.amazonaws.com/photos/496893029/medium.jpg,"St. Andrew’s Middle School, Toronto, ON, CA",43.751143063,-79.3893579786,6.0,Northern Flicker
511,2025-01-12,CC-BY-NC,https://inaturalist-open-data.s3.amazonaws.com/photos/463445451/medium.jpg,"Ashbridge's Bay Park, Toronto, ON, Canada",43.6562211583,-79.3102211392,4.0,Lesser Scaup
6698,2025-04-26,,https://static.inaturalist.org/photos/492549438/medium.jpg,"High Park, Toronto, ON, CA",43.6440666667,-79.4577116667,4.0,Wood Duck
23021,2025-10-24,CC-BY-NC,https://inaturalist-open-data.s3.amazonaws.com/photos/601820384/medium.jpg,"South Riverdale, Toronto, ON, Canada",43.6455832905,-79.3205288695,27.0,Ring-billed Gull
22579,2025-12-06,CC-BY-NC,https://inaturalist-open-data.s3.amazonaws.com/photos/598765198/medium.jpg,"Sunnyside Beach, Sunnyside, ON, Canada",43.636766,-79.4520176,969.0,Bufflehead
20717,2025-11-01,CC-BY-NC,https://inaturalist-open-data.s3.amazonaws.com/photos/587061096/medium.jpg,"Edenbridge-Humber Valley, Etobicoke, ON, Canada",43.668039432,-79.513244478,173.0,Tennessee Warbler
16899,2025-09-07,CC-BY-NC,https://inaturalist-open-data.s3.amazonaws.com/photos/564420914/medium.jpg,"Beltline Tr, Toronto, ON, CA",43.6873136272,-79.3679181173,48.0,Yellow-bellied Flycatcher
18482,2025-07-06,CC-BY-NC,https://inaturalist-open-data.s3.amazonaws.com/photos/573931594/medium.jpg,"Great Lakes Waterfront Tr, Toronto, ON, CA",43.7719657319,-79.1373651289,3.0,Mute Swan
2788,2025-03-08,CC-BY-NC,https://inaturalist-open-data.s3.amazonaws.com/photos/475137833/medium.jpg,"Great Lakes Waterfront Tr, Toronto, ON, CA",43.6386916667,-79.3786616667,8.0,Mallard
5309,2025-04-03,CC-BY-NC,https://inaturalist-open-data.s3.amazonaws.com/photos/488354439/medium.jpeg,"East End-Danforth, Toronto, ON, Canada",43.684947926,-79.3065473067,75.0,House Finch
8882,2025-04-27,CC-BY-NC,https://inaturalist-open-data.s3.amazonaws.com/photos/501426606/medium.jpeg,"Colonel  Samuel Smith Park, Toronto, ON, Canada",43.5906511232,-79.5131823425,683.0,Red-breasted Merganser
4064,2025-04-01,,https://static.inaturalist.org/photos/481952930/medium.jpg,"Corktown Common, Toronto, ON, CA",43.65442,-79.352525,9.0,Song Sparrow
6858,2025-04-20,CC-BY-NC,https://inaturalist-open-data.s3.amazonaws.com/photos/493223020/medium.jpg,"Downsview, North York, ON, Canada",43.7422500893,-79.4818286388,2.0,Hairy Woodpecker
15927,2025-08-22,,https://static.inaturalist.org/photos/556118156/medium.jpg,"Leaside-Bennington, Toronto, ON, Canada",43.6859366923,-79.367087782,15.0,Grey Catbird
9411,2025-05-11,CC-BY-NC,https://inaturalist-open-data.s3.amazonaws.com/photos/503303686/medium.jpg,"Bayview Village, Toronto, ON, Canada",43.777636267,-79.3704431046,61.0,Mallard
20829,2025-11-02,CC-BY-NC,https://inaturalist-open-data.s3.amazonaws.com/photos/587563616/medium.jpg,"Bayview Village, North York, ON, Canada",43.7813082234,-79.3721935105,387.0,Hairy Woodpecker
14119,2025-07-16,,https://static.inaturalist.org/photos/537568640/medium.jpg,"Humber River, Toronto, ON, CA",43.669045,-79.5117416667,3.0,Double-crested Cormorant
8049,2025-05-02,,https://static.inaturalist.org/photos/499009381/medium.jpg,"Corktown Common, Toronto, ON, CA",43.654695,-79.3524633333,8.0,Great Crested Flycatcher
18279,2025-09-27,CC-BY-NC,https://inaturalist-open-data.s3.amazonaws.com/photos/572853315/medium.jpg,"Woodbine Beach Dune Ecosystem , Toronto, ON, Canada",43.6592252824,-79.3084004167,1.0,Killdeer
16077,2025-08-25,CC-BY-NC,https://inaturalist-open-data.s3.amazonaws.com/photos/557507733/medium.jpg,"North York, ON M3C 3N4, Canada",43.73022549,-79.32618843,6.0,Double-crested Cormorant
9060,2025-05-07,CC-BY-NC,https://inaturalist-open-data.s3.amazonaws.com/photos/501799460/medium.jpg,"Bayview Village, Toronto, ON, Canada",43.777636267,-79.3704431046,61.0,Song Sparrow
19981,2025-10-20,CC-BY-NC,https://static.inaturalist.org/photos/582667979/medium.jpg,"Tommy Thompson Park, 1 Leslie St, Toronto, ON M4M 3M2, Canada",43.6281296276,-79.3274270207,162.0,Great Blue Heron
9012,2025-05-04,CC-BY-NC,https://inaturalist-open-data.s3.amazonaws.com/photos/501581876/medium.jpeg,"South Riverdale, Toronto, ON, Canada",43.6403768638,-79.3221358607,444.0,Red-winged Blackbird
14017,2025-07-13,CC-BY-NC,https://inaturalist-open-data.s3.amazonaws.com/photos/536466409/medium.jpg,"Rouge, Scarborough, ON, Canada",43.8289862073,-79.1895139307,322.0,Mallard
21768,2025-11-18,CC-BY-NC,https://inaturalist-open-data.s3.amazonaws.com/photos/592754445/medium.jpg,"73 Cardiff Rd, North York, ON M4P 2P4, Canada",43.713027,-79.3841394,179.0,White-throated Sparrow
12331,2025-06-11,CC-BY-NC,https://inaturalist-open-data.s3.amazonaws.com/photos/519737742/medium.jpg,Toronto,43.6742858887,-79.2920532227,40.0,American Robin
7845,2025-04-27,,https://static.inaturalist.org/photos/498246982/medium.jpg,"New Toronto, Etobicoke, ON, Canada",43.5921526477,-79.5110827757,31.0,Common Grackle
712,2025-01-12,CC-BY-NC,https://inaturalist-open-data.s3.amazonaws.com/photos/464244277/medium.jpeg,"Colonel  Samuel Smith Park, Toronto, ON, Canada",43.5906511232,-79.5131823425,683.0,Gadwall
713,2025-01-12,CC-BY-NC,https://inaturalist-open-data.s3.amazonaws.com/photos/464244413/medium.jpeg,"Colonel  Samuel Smith Park, Toronto, ON, Canada",43.5906511232,-79.5131823425,683.0,Mallard
8308,2025-04-28,CC-BY-NC,https://inaturalist-open-data.s3.amazonaws.com/photos/499709825/medium.jpeg,"Colonel  Samuel Smith Park, Toronto, ON, Canada",43.5906511232,-79.5131823425,683.0,Brown-headed Cowbird
865,2025-01-19,CC-BY-NC,https://inaturalist-open-data.s3.amazonaws.com/photos/464815212/medium.jpg,"Royal Ontario Museum, Toronto, ON, CA",43.6682366667,-79.3954,22.0,Feral Pigeon
12990,2025-06-01,CC-BY-NC,https://inaturalist-open-data.s3.amazonaws.com/photos/525342633/medium.jpg,"Cliffside, Scarborough, ON, Canada",43.6987644625,-79.2531966623,52.0,Red-eyed Vireo
8559,2025-05-05,CC-BY-NC,https://inaturalist-open-data.s3.amazonaws.com/photos/500591470/medium.jpg,"Ashbridge's Bay Park, Toronto, ON, Canada",43.6573479948,-79.3064874002,4.0,Blue-headed Vireo
15360,2025-08-06,CC-BY-NC,https://inaturalist-open-data.s3.amazonaws.com/photos/550036787/medium.jpg,"Brimley Forest, Scarborough, ON, Canada",43.8153255929,-79.2773750405,8.0,Eastern Meadowlark
13769,2025-07-08,CC-BY-NC,https://inaturalist-open-data.s3.amazonaws.com/photos/533660477/medium.jpg,Toronto,43.6607131958,-79.5014953613,200.0,Great Egret
21495,2025-11-13,CC-BY-NC,https://inaturalist-open-data.s3.amazonaws.com/photos/591250858/medium.jpg,"Bayview Village, Toronto, ON, Canada",43.777636267,-79.3704431046,61.0,Mallard
8770,2025-04-27,CC-BY-NC,https://inaturalist-open-data.s3.amazonaws.com/photos/501212382/medium.jpeg,"Colonel  Samuel Smith Park, Toronto, ON, Canada",43.5906511232,-79.5131823425,683.0,American Robin
9902,2025-05-09,CC-BY-NC,https://inaturalist-open-data.s3.amazonaws.com/photos/505877494/medium.jpg,"Humber Bay Park West, 2225 Lake Shore Blvd W, Etobicoke, ON M8V 3X7, Canada",43.6164742,-79.479417,491.0,Northern Yellow Warbler
17171,2025-09-11,,https://static.inaturalist.org/photos/566254806/medium.jpg,"North York, ON M3J 2V1, Canada",43.7619625765,-79.508119002,73.0,Mallard
4822,2025-04-13,,https://static.inaturalist.org/photos/486129593/medium.jpeg,"South Riverdale, Toronto, ON, Canada",43.6279652085,-79.327181652,61.0,American Coot
13928,2025-07-10,CC-BY-NC,https://inaturalist-open-data.s3.amazonaws.com/photos/535306485/medium.jpg,"Bayview Village, North York, ON, Canada",43.7783581754,-79.3698270572,416.0,Baltimore Oriole
2322,2025-02-25,CC-BY-NC,https://inaturalist-open-data.s3.amazonaws.com/photos/472606128/medium.jpg,"Scarborough, ON, Canada",43.7088969605,-79.231747209,520.0,Trumpeter Swan
7050,2025-04-27,CC-BY-NC,https://inaturalist-open-data.s3.amazonaws.com/photos/494416830/medium.jpeg,"New Toronto, Etobicoke, ON, Canada",43.5907046127,-79.5131421952,526.0,Common Grackle
13185,2025-06-25,CC-BY-NC,https://inaturalist-open-data.s3.amazonaws.com/photos/527357926/medium.jpg,"Rosetta McClain Gardens, 5 Glen Everest Rd, Scarborough, ON M1N 1J2, Canada",43.6968253,-79.2557466,193.0,American Robin
23248,2025-05-14,CC-BY,https://inaturalist-open-data.s3.amazonaws.com/photos/602842802/medium.jpg,"South Riverdale, Toronto, ON, Canada",43.6619781163,-79.3063983433,119.0,Glaucous Gull
18446,2025-09-28,CC-BY-NC,https://inaturalist-open-data.s3.amazonaws.com/photos/573729966/medium.jpg,"Bayview Village, North York, ON, Canada",43.7782744222,-79.3697939535,419.0,Northern Flicker
23715,2025-10-18,,https://static.inaturalist.org/photos/606928347/medium.jpg,"Broadview North, Toronto, ON M4K 2J1, Canada",43.6911908,-79.3599075,186.0,Yellow-rumped Warbler
8705,2025-05-05,CC-BY-NC,https://inaturalist-open-data.s3.amazonaws.com/photos/500943556/medium.jpeg,"Toronto, ON M4T 2V8, Canada",43.6954598306,-79.3838086724,190.0,Northern Parula
5216,2025-03-13,CC-BY-NC,https://inaturalist-open-data.s3.amazonaws.com/photos/487987499/medium.jpg,"Ontario, CA",43.7470006723,-79.2623680377,60.0,Mergus serrator
5342,2025-04-13,,https://static.inaturalist.org/photos/488417330/medium.jpg,"New Toronto, Etobicoke, ON, Canada",43.5926804491,-79.5110033528,15.0,Long-tailed Duck
22347,2025-10-05,,https://static.inaturalist.org/photos/597211620/medium.jpg,"Humber River Recreational Tr, Toronto, ON, CA",43.6568416667,-79.4999866667,8.0,Eastern Phoebe
16860,2025-09-07,CC-BY,https://inaturalist-open-data.s3.amazonaws.com/photos/563828357/medium.jpg,Toronto,43.6341438293,-79.4747009277,9.0,Great Blue Heron
5722,2025-04-21,CC-BY-NC,https://inaturalist-open-data.s3.amazonaws.com/photos/489395889/medium.png,"High Park-Swansea, Toronto, ON, Canada",43.6413822145,-79.4639488717,31.0,Great Egret
359,2025-01-07,CC-BY-NC,https://inaturalist-open-data.s3.amazonaws.com/photos/462634969/medium.jpeg,"Colonel  Samuel Smith Park, Toronto, ON, Canada",43.5906511232,-79.5131823425,683.0,Mallard
8243,2025-05-03,CC-BY-NC,https://inaturalist-open-data.s3.amazonaws.com/photos/499596225/medium.jpg,"Woodbine Beach Park, Toronto, ON, CA",43.6602688059,-79.3064860083,78.0,Yellow-breasted Chat
12301,2025-06-07,,https://static.inaturalist.org/photos/519068507/medium.jpg,"High Park-Swansea, Toronto, ON, Canada",43.6438142851,-79.4677862963,4.0,Mute Swan
7681,2025-04-30,,https://static.inaturalist.org/photos/497691753/medium.jpg,"Corktown Common, Toronto, ON, CA",43.6546083333,-79.352945,3.0,Baltimore Oriole
21720,2025-11-16,CC-BY-NC,https://inaturalist-open-data.s3.amazonaws.com/photos/592265381/medium.jpg,"Tommy Thompson Park, Toronto, ON, CA",43.620087599,-79.3364646932,901.0,Common Goldeneye
21358,2025-11-12,,https://static.inaturalist.org/photos/590710923/medium.jpg,"Oriole Pky, Toronto, ON, CA",43.703455,-79.4052633333,8.0,Common Raven
21313,2025-11-08,CC-BY-NC,https://inaturalist-open-data.s3.amazonaws.com/photos/590452034/medium.jpg,"Bayview Village, North York, ON, Canada",43.7817643396,-79.370598981,209.0,Mallard
9174,2025-03-22,,https://static.inaturalist.org/photos/502283615/medium.jpeg,"Scarborough, ON M1X 1P8, Canada",43.8461549626,-79.1798105836,32.0,Eastern Bluebird
7817,2025-05-01,CC-BY-NC,https://inaturalist-open-data.s3.amazonaws.com/photos/498185271/medium.jpg,"Ashbridge's Bay Park, Toronto, ON, Canada",43.656726937,-79.3077497731,4.0,Northern Rough-winged Swallow
7429,2025-04-28,,https://static.inaturalist.org/photos/496303659/medium.jpg,"Etobicoke Valley Park, Toronto, ON, CA",43.5910033333,-79.548455,8.0,Northern Cardinal
14804,2025-07-13,CC-BY-NC,https://inaturalist-open-data.s3.amazonaws.com/photos/545213054/medium.jpg,"Ontario, CA",43.7971192666,-79.5366907373,15.0,Ring-billed Gull
19084,2025-10-08,CC0,https://inaturalist-open-data.s3.amazonaws.com/photos/578083022/medium.jpg,"Ontario, CA",43.6553114953,-79.3927897146,493.0,Eastern Phoebe
14129,2025-07-16,CC-BY-NC,https://inaturalist-open-data.s3.amazonaws.com/photos/537793513/medium.jpg,"Ordnance St, Toronto, ON, CA",43.6391364121,-79.4079081771,4.0,Red-tailed Hawk
13323,2025-04-26,CC-BY-NC,https://inaturalist-open-data.s3.amazonaws.com/photos/528836465/medium.jpg,"L'Amoreaux North Park, Toronto, ON, CA",43.8122211345,-79.3073657371,58.0,American Robin
9191,2025-05-06,CC-BY-NC,https://inaturalist-open-data.s3.amazonaws.com/photos/502399859/medium.jpeg,"Colonel  Samuel Smith Park, Toronto, ON, Canada",43.5906511232,-79.5131823425,683.0,Black-throated Blue Warbler
15835,2025-08-13,CC-BY-NC,https://inaturalist-open-data.s3.amazonaws.com/photos/554995724/medium.jpg,"Avenue of the Islands, Toronto, ON, CA",43.6227216667,-79.378145,6.0,American Herring Gull
13304,2025-06-29,CC-BY-NC,https://inaturalist-open-data.s3.amazonaws.com/photos/528790922/medium.jpg,"Bayview Village, Toronto, ON, Canada",43.777636267,-79.3704431046,61.0,American Robin
12370,2025-06-11,,https://static.inaturalist.org/photos/519549484/medium.jpg,"Queens Quay W, Toronto, ON, CA",43.6371466667,-79.3950416667,29.0,Northern Cardinal
10567,2025-05-16,CC-BY-NC,https://inaturalist-open-data.s3.amazonaws.com/photos/509453244/medium.jpg,"Colonel  Samuel Smith Park, Toronto, ON, Canada",43.5906511232,-79.5131823425,683.0,Common Yellowthroat
2709,2025-03-04,CC-BY,https://inaturalist-open-data.s3.amazonaws.com/photos/474417873/medium.jpg,"South Riverdale, Toronto, ON, Canada",43.6515275666,-79.3225090329,4.0,Black-capped Chickadee
1501,2025-02-04,CC-BY-NC,https://inaturalist-open-data.s3.amazonaws.com/photos/468757399/medium.jpeg,"The Kingsway, Etobicoke, ON, Canada",43.6475426276,-79.5115390505,962.0,Mourning Dove
3978,2025-03-30,CC-BY-NC,https://inaturalist-open-data.s3.amazonaws.com/photos/481336237/medium.jpeg,"Leaside-Bennington, Toronto, ON, Canada",43.6855564051,-79.3665127665,2.0,House Sparrow
19371,2025-10-12,CC-BY-NC,https://inaturalist-open-data.s3.amazonaws.com/photos/579620526/medium.jpg,"South Riverdale, Toronto, ON, Canada",43.6556687611,-79.3106316762,7.0,White-throated Sparrow
2876,2025-03-10,CC-BY-NC,https://inaturalist-open-data.s3.amazonaws.com/photos/475560400/medium.jpg,"Sunnybrook Health Sciences Centre, Toronto, ON, CA",43.7212042749,-79.3786194994,129.0,European Starling
9471,2025-05-06,CC-BY-NC,https://inaturalist-open-data.s3.amazonaws.com/photos/503626234/medium.jpg,"Bayview Village, North York, ON, Canada",43.7820199628,-79.3738047435,441.0,Ovenbird
10352,2025-05-17,,https://static.inaturalist.org/photos/508239154/medium.jpg,"South Riverdale, Toronto, ON, Canada",43.6567645892,-79.3052819885,31.0,Cape May Warbler
19341,2025-10-12,CC-BY-NC,https://inaturalist-open-data.s3.amazonaws.com/photos/579537924/medium.jpg,"Bayview Village, Toronto, ON, Canada",43.777636267,-79.3704431046,61.0,Blue-headed Vireo
16662,2025-09-03,CC-BY-NC,https://inaturalist-open-data.s3.amazonaws.com/photos/562304466/medium.jpg,"High Park-Swansea, Toronto, ON, Canada",43.6448482692,-79.4583264345,61.0,Common Nighthawk
22644,2025-12-01,CC-BY-NC,https://inaturalist-open-data.s3.amazonaws.com/photos/598841683/medium.jpg,"Downsview Park Blvd at George Butchart Dr, North York, ON M3K 0E3, Canada",43.7373841339,-79.4811617956,34.0,Red-tailed Hawk
14405,2025-07-17,CC-BY-NC,https://inaturalist-open-data.s3.amazonaws.com/photos/541212164/medium.jpg,"Rouge, Scarborough, ON, Canada",43.7933633471,-79.1181577447,5.0,Bonaparte's Gull
1859,2025-02-10,CC-BY-NC,https://inaturalist-open-data.s3.amazonaws.com/photos/470422130/medium.jpeg,"Toronto, ON M4L 3W6, Canada",43.6592046506,-79.306505397,67.0,Red-breasted Nuthatch
16596,2025-08-30,CC-BY-NC,https://inaturalist-open-data.s3.amazonaws.com/photos/561685406/medium.jpg,"Bayview Village, Toronto, ON, Canada",43.777636267,-79.3704431046,61.0,Nashville Warbler
19115,2025-10-09,CC-BY-NC,https://inaturalist-open-data.s3.amazonaws.com/photos/578253044/medium.jpg,"The Beaches, Toronto, ON, Canada",43.6640100215,-79.312845404,31.0,Dark-eyed Junco
10653,2025-05-24,CC-BY-NC,https://inaturalist-open-data.s3.amazonaws.com/photos/509850269/medium.jpg,"Lower Reesor Pond, Toronto, ON M1B 5W5, Canada",43.8280937,-79.1899396,175.0,Barn Swallow
10605,2025-05-23,CC-BY-NC,https://inaturalist-open-data.s3.amazonaws.com/photos/509644997/medium.jpg,"Cosburn Ave, Toronto, ON, CA",43.6901410101,-79.3471973498,23.0,Blue Jay
16210,2025-08-25,CC-BY-NC,https://inaturalist-open-data.s3.amazonaws.com/photos/558768029/medium.jpg,"Humber Bay Shores, Etobicoke, ON, Canada",43.6179427987,-79.4794744447,491.0,Osprey
19521,2025-10-14,CC-BY-NC,https://inaturalist-open-data.s3.amazonaws.com/photos/580309789/medium.jpg,"The Beaches, Toronto, ON, Canada",43.6681276439,-79.298062872,8.0,Bald Eagle
10677,2025-05-24,,https://static.inaturalist.org/photos/509936791/medium.jpg,"Etobicoke, ON M8W 3P2, Canada",43.5849735208,-79.5413958281,222.0,Mute Swan
11857,2025-05-28,CC-BY-NC,https://inaturalist-open-data.s3.amazonaws.com/photos/516096371/medium.jpg,"Colonel  Samuel Smith Park, Toronto, ON, Canada",43.5906511232,-79.5131823425,683.0,Northern Cardinal
19545,2025-10-14,CC-BY-NC,https://inaturalist-open-data.s3.amazonaws.com/photos/580329292/medium.jpg,"Bayview Woods-Steeles, North York, ON, Canada",43.7923773503,-79.3793507546,166.0,White-throated Sparrow
10989,2025-05-26,CC-BY-NC,https://inaturalist-open-data.s3.amazonaws.com/photos/511183315/medium.jpg,"Alamosa Park, 111 Alamosa Dr, Toronto, ON M2J 2N9, Canada",43.7815525,-79.369435,218.0,Red-winged Blackbird
6148,2025-04-25,CC-BY-NC,https://inaturalist-open-data.s3.amazonaws.com/photos/491493037/medium.jpg,"Queens Quay W, Toronto, ON, CA",43.6372385075,-79.3929924225,4.0,Feral Pigeon
16042,2025-08-24,CC-BY-NC,https://inaturalist-open-data.s3.amazonaws.com/photos/557229859/medium.jpg,"Roundhouse Park, Toronto, ON, CA",43.6419915404,-79.3857740746,51.0,Feral Pigeon
13145,2025-06-26,CC-BY-NC,https://inaturalist-open-data.s3.amazonaws.com/photos/527161865/medium.jpg,"Woodbine Beach Dune Habitat, Toronto, ON, Canada",43.6599588089,-79.3084100069,8.0,Savannah Sparrow
21538,2025-11-13,CC-BY-NC,https://inaturalist-open-data.s3.amazonaws.com/photos/591313593/medium.jpg,"Bayview Village, North York, ON, Canada",43.7820227937,-79.3747671207,685.0,Hairy Woodpecker
1025,2025-01-25,CC-BY-NC,https://inaturalist-open-data.s3.amazonaws.com/photos/466041970/medium.jpg,"Tommy Thompson Park, Toronto, ON, CA",43.6467966667,-79.3206333333,13.0,Red-tailed Hawk
22634,2025-12-08,CC-BY-NC,https://inaturalist-open-data.s3.amazonaws.com/photos/598834419/medium.jpg,"Toronto, ON M4T 2E5, Canada",43.6849071937,-79.3854411319,48.0,Eastern Red Fox Sparrow
23806,2025-08-30,CC-BY-NC,https://inaturalist-open-data.s3.amazonaws.com/photos/609951255/medium.jpg,"High Park-Swansea, Toronto, ON, Canada",43.6420944444,-79.4572972222,7.0,Great Egret
23269,2025-05-20,CC-BY,https://inaturalist-open-data.s3.amazonaws.com/photos/602844649/medium.jpg,"Old Toronto, Toronto, ON, Canada",43.6274633077,-79.3225973978,113.0,Semipalmated Plover
22582,2025-12-10,CC-BY-NC,https://inaturalist-open-data.s3.amazonaws.com/photos/598815787/medium.jpg,"Ashbridges Bay Park, Toronto, ON, Canada",43.658648599,-79.3130185431,15.0,Great Black-backed Gull
16637,2025-09-03,,https://static.inaturalist.org/photos/562090950/medium.jpg,"Corktown Common, Toronto, ON, CA",43.6535633333,-79.35322,4.0,American Goldfinch
11909,2025-06-04,CC-BY-NC,https://inaturalist-open-data.s3.amazonaws.com/photos/516344887/medium.jpg,"Bayview Village, North York, ON, Canada",43.7818503056,-79.3766208368,871.0,Mallard
3256,2025-02-06,CC-BY-NC,https://inaturalist-open-data.s3.amazonaws.com/photos/476624690/medium.jpeg,"The Kingsway, Etobicoke, ON, Canada",43.647482593,-79.5117165645,981.0,House Sparrow
13754,2025-07-06,CC-BY-NC,https://inaturalist-open-data.s3.amazonaws.com/photos/533335365/medium.jpg,"Bayview Village, North York, ON, Canada",43.7781824145,-79.3696821366,602.0,Black-capped Chickadee
23238,2025-05-16,CC-BY,https://inaturalist-open-data.s3.amazonaws.com/photos/602838647/medium.jpg,"High Park-Swansea, Toronto, ON, Canada",43.6403332981,-79.463984881,119.0,Lesser Scaup
6570,2025-04-25,CC-BY-NC,https://inaturalist-open-data.s3.amazonaws.com/photos/491998842/medium.jpeg,"Colonel  Samuel Smith Park, Toronto, ON, Canada",43.5906511232,-79.5131823425,683.0,Tree Swallow
2985,2025-03-11,CC-BY-NC,,"Allan Gardens Conservatory, Toronto, ON, CA",43.6623962342,-79.3756002175,7.0,House Sparrow
14925,2025-08-02,CC-BY-NC,https://inaturalist-open-data.s3.amazonaws.com/photos/546475696/medium.jpg,"University of Toronto - St. George Campus, Toronto, ON, CA",43.66623,-79.3949583333,14.0,Feral Pigeon
11730,2025-06-03,CC-BY-NC,https://inaturalist-open-data.s3.amazonaws.com/photos/515670957/medium.jpg,"Rouge, Scarborough, ON, Canada",43.821806861,-79.1650421938,136.0,Hooded Merganser
15516,2025-08-10,,https://static.inaturalist.org/photos/551988398/medium.jpg,"Rouge, Scarborough, ON, Canada",43.7912361111,-79.1212722222,1.0,Spotted Sandpiper
21130,2025-11-08,CC-BY-NC,https://inaturalist-open-data.s3.amazonaws.com/photos/589499633/medium.jpg,"Rouge National Urban Park, Rouge Beach and Marsh, 195 Rouge Hills Dr, Scarborough, ON M1C 2Z1, Canada",43.789969,-79.1216979,185.0,Bufflehead
9330,2025-05-10,CC-BY,https://inaturalist-open-data.s3.amazonaws.com/photos/502975843/medium.jpg,"Wychwood Barns Park, 76 Wychwood Ave, Toronto, ON M6G 2X7, Canada",43.6782517911,-79.4199570915,203.0,Nashville Warbler
9163,2025-05-08,,https://static.inaturalist.org/photos/502140221/medium.jpeg,"Toronto, ON M6S 2X3, Canada",43.6421132454,-79.4630116224,43.0,White-breasted Nuthatch
22108,2025-11-26,CC-BY-NC,https://inaturalist-open-data.s3.amazonaws.com/photos/595284479/medium.jpg,"Martin Goodman Tr, Toronto, ON, CA",43.6432716667,-79.3657616667,7.0,Long-tailed Duck
1477,2025-02-03,CC-BY-NC,https://inaturalist-open-data.s3.amazonaws.com/photos/468713551/medium.jpg,"Bayview Village, Toronto, ON, Canada",43.777636267,-79.3704431046,61.0,White-breasted Nuthatch
13645,2025-07-03,CC-BY-NC,https://inaturalist-open-data.s3.amazonaws.com/photos/532022336/medium.jpg,"Rouge, Scarborough, ON, Canada",43.8225041695,-79.1665450959,509.0,Canada Goose
12350,2025-06-11,CC-BY-NC,https://inaturalist-open-data.s3.amazonaws.com/photos/519376656/medium.jpg,"Toronto, CA-ON, CA",43.6566871483,-79.3066184455,154.0,Mute Swan
16232,2025-08-27,CC-BY-NC,https://inaturalist-open-data.s3.amazonaws.com/photos/558862652/medium.jpg,"Rosetta McClain Gardens, 5 Glen Everest Rd, Scarborough, ON M1N 1J2, Canada",43.6968253,-79.2557466,193.0,Eastern Wood-Pewee
10094,2025-05-18,,https://static.inaturalist.org/photos/506948135/medium.jpg,"Don Valley Parkway S, Toronto, ON, CA",43.6913616667,-79.359695,4.0,Eastern Kingbird
7391,2025-04-28,CC-BY-NC,https://inaturalist-open-data.s3.amazonaws.com/photos/496221536/medium.jpg,"Bayview Village, North York, ON, Canada",43.7815652658,-79.388346418,292.0,House Sparrow
18434,2025-09-27,CC-BY-NC,https://inaturalist-open-data.s3.amazonaws.com/photos/573641604/medium.jpg,"Etobicoke, ON M8W 3P2, Canada",43.5873651405,-79.5448773354,198.0,American Herring Gull
23778,2025-10-08,CC-BY,https://inaturalist-open-data.s3.amazonaws.com/photos/608243361/medium.jpg,"Birch Cliff, Scarborough, ON, Canada",43.6964396464,-79.255818496,115.0,Bald Eagle
17877,2025-09-21,CC-BY-NC,https://inaturalist-open-data.s3.amazonaws.com/photos/570380297/medium.jpg,"Colonel  Samuel Smith Park, Toronto, ON, Canada",43.5906511232,-79.5131823425,683.0,Mallard
7265,2025-04-28,,https://static.inaturalist.org/photos/495866462/medium.jpeg,"Toronto, ON M6R 2Z3, Canada",43.645655988,-79.461277239,19.0,Red-bellied Woodpecker
18423,2025-09-28,CC-BY-NC,https://inaturalist-open-data.s3.amazonaws.com/photos/573559197/medium.jpg,"South Riverdale, Toronto, ON, Canada",43.6603825478,-79.3117844878,71.0,Yellow-bellied Sapsucker
11411,2025-06-01,,https://static.inaturalist.org/photos/513996639/medium.jpg,"Toronto, CA-ON, CA",43.6756314291,-79.3382206746,4.0,American Robin
7753,2025-04-28,CC-BY-NC,https://inaturalist-open-data.s3.amazonaws.com/photos/497888988/medium.jpg,"Edenbridge-Humber Valley, Etobicoke, ON, Canada",43.6713129881,-79.5123352729,119.0,Black-capped Chickadee
23212,2025-11-04,CC-BY,https://inaturalist-open-data.s3.amazonaws.com/photos/602791360/medium.jpg,"South Riverdale, Toronto, ON, Canada",43.6232853849,-79.3308611298,135.0,Bufflehead
9802,2025-05-11,CC-BY-NC,https://inaturalist-open-data.s3.amazonaws.com/photos/505510997/medium.jpg,"Colonel  Samuel Smith Park, Toronto, ON, Canada",43.5906511232,-79.5131823425,683.0,Song Sparrow
4036,2025-04-01,CC-BY-NC,https://inaturalist-open-data.s3.amazonaws.com/photos/481884667/medium.jpg,"Bayview Village, North York, ON, Canada",43.7787450262,-79.3701475096,743.0,Black-capped Chickadee
16881,2025-09-08,,https://static.inaturalist.org/photos/564199518/medium.jpg,"Highland Creek, Toronto, ON, CA",43.7800074273,-79.1749082206,65.0,Mallard
9029,2025-05-07,,https://static.inaturalist.org/photos/501630318/medium.jpeg,"North York, ON M2R 3E4, Canada",43.7815601134,-79.451005049,8.0,Downy Woodpecker
6475,2025-04-22,CC-BY-NC,https://inaturalist-open-data.s3.amazonaws.com/photos/491903137/medium.jpeg,"South Riverdale, Toronto, ON, Canada",43.6578568558,-79.3322436071,24.0,American Robin
12550,2025-06-07,CC-BY-NC,https://inaturalist-open-data.s3.amazonaws.com/photos/521062710/medium.jpg,"Rouge Park, Beare Wetlands, Toronto, ON, Canada",43.8234617382,-79.1660626165,15.0,Grey Catbird
8538,2025-04-26,CC-BY-NC,https://inaturalist-open-data.s3.amazonaws.com/photos/500543544/medium.jpeg,"Colonel  Samuel Smith Park, Toronto, ON, Canada",43.5906511232,-79.5131823425,683.0,Red-necked Grebe
1948,2025-02-15,,https://static.inaturalist.org/photos/470889093/medium.jpeg,"New Toronto, Etobicoke, ON, Canada",43.5915083333,-79.5134,1.0,Northern Cardinal
4959,2025-04-13,CC-BY-NC,https://inaturalist-open-data.s3.amazonaws.com/photos/486681396/medium.jpg,"Don Valley Brick Works, Toronto, ON, CA",43.6871098329,-79.3659495562,52.0,White-throated Sparrow
22515,2025-05-07,CC-BY,https://inaturalist-open-data.s3.amazonaws.com/photos/598398975/medium.jpg,"The Beaches, Toronto, ON, Canada",43.6632101044,-79.3128632323,41.0,Sora
21469,2025-11-10,CC-BY-NC,https://inaturalist-open-data.s3.amazonaws.com/photos/590984325/medium.jpg,"Lake Shore Blvd E, Toronto, ON, CA",43.6517033333,-79.3467633333,454.0,Belted Kingfisher
12929,2025-06-19,CC-BY-NC,https://inaturalist-open-data.s3.amazonaws.com/photos/524788411/medium.jpg,"Colonel  Samuel Smith Park, Toronto, ON, Canada",43.5906511232,-79.5131823425,683.0,Mallard
11362,2025-05-10,CC-BY,https://inaturalist-open-data.s3.amazonaws.com/photos/513497649/medium.jpg,"Glenfield-Jane Heights, North York, ON, Canada",43.7357630091,-79.5004266452,107.0,Northern Yellow Warbler
12957,2025-06-16,CC0,https://inaturalist-open-data.s3.amazonaws.com/photos/525057930/medium.jpg,"Ontario, CA",43.7294884334,-79.3932522639,344.0,House Sparrow
6256,2025-04-25,CC-BY-NC,https://inaturalist-open-data.s3.amazonaws.com/photos/491648407/medium.jpeg,"High Park-Swansea, Toronto, ON, Canada",43.6430123746,-79.4582409415,15.0,Wood Duck
13781,2025-07-08,CC-BY,https://inaturalist-open-data.s3.amazonaws.com/photos/533699615/medium.jpg,"Toronto, ON, Kanada",43.7052628969,-79.234274514,170.0,Kanadagans
7146,2025-04-27,CC-BY-NC,https://inaturalist-open-data.s3.amazonaws.com/photos/494681398/medium.jpg,"Ontario St, Toronto, ON, CA",43.66447,-79.3709033333,13.0,Feral Pigeon
10715,2025-05-15,CC-BY-NC,https://inaturalist-open-data.s3.amazonaws.com/photos/510178934/medium.jpg,"Rouge Park, Beare Wetlands, Toronto, ON, Canada",43.8219788598,-79.165551278,100.0,Green Heron
7482,2025-04-28,CC-BY-NC,https://inaturalist-open-data.s3.amazonaws.com/photos/496645245/medium.jpeg,"Colonel  Samuel Smith Park, Toronto, ON, Canada",43.5906511232,-79.5131823425,683.0,Red-winged Blackbird
15597,2025-08-13,CC0,https://inaturalist-open-data.s3.amazonaws.com/photos/552802909/medium.jpg,"Ontario, CA",43.6901038939,-79.2590562939,480.0,Red-winged Blackbird
19531,2025-10-14,CC-BY-NC,https://inaturalist-open-data.s3.amazonaws.com/photos/580331064/medium.jpg,"High Park-Swansea, Toronto, ON, Canada",43.6417456739,-79.4718692195,31.0,Brown Creeper
7211,2025-04-26,CC-BY-NC,https://inaturalist-open-data.s3.amazonaws.com/photos/495208864/medium.jpg,"Leaside-Bennington, Toronto, ON, Canada",43.6856305925,-79.3667715305,55.0,Ruby-crowned Kinglet
7282,2025-04-27,CC-BY-NC,https://inaturalist-open-data.s3.amazonaws.com/photos/495950240/medium.jpg,"Broadview North, Toronto, ON, CA",43.6949990249,-79.3593309516,372.0,Great Blue Heron
19889,2025-10-17,CC-BY-NC,https://inaturalist-open-data.s3.amazonaws.com/photos/581907624/medium.jpg,"Bayview Village, Toronto, ON, Canada",43.777636267,-79.3704431046,61.0,Purple Finch
8682,2025-04-26,CC-BY-NC,https://inaturalist-open-data.s3.amazonaws.com/photos/500788023/medium.jpeg,"Colonel  Samuel Smith Park, Toronto, ON, Canada",43.5906511232,-79.5131823425,683.0,Ring-billed Gull
22835,2025-12-17,CC-BY,https://inaturalist-open-data.s3.amazonaws.com/photos/600651442/medium.jpg,"Cliffside, Scarborough, ON, Canada",43.7035228497,-79.2404247407,36.0,European Starling
6523,2025-04-25,CC-BY-NC,https://inaturalist-open-data.s3.amazonaws.com/photos/491929150/medium.jpg,"Toronto, ON, Canada",43.694081704,-79.2564225199,474.0,Red-tailed Hawk
21995,2025-11-23,CC-BY-NC,https://inaturalist-open-data.s3.amazonaws.com/photos/594228807/medium.jpg,"New Toronto, Etobicoke, ON, Canada",43.5911311013,-79.510988543,8.0,American Goldfinch
23294,2025-09-24,CC-BY,https://inaturalist-open-data.s3.amazonaws.com/photos/602850568/medium.jpg,"South Riverdale, Toronto, ON, Canada",43.6592857079,-79.3107621756,84.0,Wood Thrush
4983,2025-04-09,CC-BY-NC,https://inaturalist-open-data.s3.amazonaws.com/photos/486677103/medium.jpeg,"South Riverdale, Toronto, ON, Canada",43.6316623,-79.3245036006,61.0,Blue-winged Teal
8292,2025-05-03,CC-BY,https://inaturalist-open-data.s3.amazonaws.com/photos/499705053/medium.jpeg,"Centre Island, Toronto, ON, Canada",43.612763,-79.388416,47.0,Black-headed Gull
19547,2025-10-14,CC-BY-NC,https://inaturalist-open-data.s3.amazonaws.com/photos/580329343/medium.jpg,"Bayview Woods-Steeles, North York, ON, Canada",43.7923773503,-79.3793507546,166.0,White-throated Sparrow
170,2025-01-05,,https://static.inaturalist.org/photos/462011192/medium.jpg,"Ontario, CA",43.6657972732,-79.4502385616,31.0,Long-eared Owl
16392,2025-08-29,CC-BY-NC,https://inaturalist-open-data.s3.amazonaws.com/photos/559761464/medium.jpg,"Bayview Village, North York, ON, Canada",43.7770002473,-79.3695520413,637.0,Northern Cardinal
6904,2025-04-26,CC-BY-NC,https://inaturalist-open-data.s3.amazonaws.com/photos/493744723/medium.jpeg,"Colonel  Samuel Smith Park, Toronto, ON, Canada",43.5906511232,-79.5131823425,683.0,Eastern Phoebe
15250,2025-01-07,CC-BY-NC,https://inaturalist-open-data.s3.amazonaws.com/photos/549949357/medium.jpg,"Toronto, ON, Canada",43.6078921513,-79.4868709648,15.0,Tufted Duck
5291,2025-04-18,,https://static.inaturalist.org/photos/488276245/medium.jpeg,"Toronto, ON M4M 3M2, Canada",43.6321003862,-79.3226053566,138.0,American Kestrel
19398,2025-10-12,CC0,https://inaturalist-open-data.s3.amazonaws.com/photos/579639478/medium.jpg,"Ontario, CA",43.755401505,-79.3979961769,135.0,White-throated Sparrow
1452,2025-02-06,CC-BY-NC,https://inaturalist-open-data.s3.amazonaws.com/photos/468475131/medium.jpeg,"Ontario, CA",43.654038367,-79.2211784004,23.0,Red-tailed Hawk
23705,2025-10-02,CC-BY-NC,https://inaturalist-open-data.s3.amazonaws.com/photos/606399650/medium.jpg,"Toronto, CA-ON, CA",43.6227416667,-79.37828,4.0,American Herring Gull
22533,2025-12-05,CC-BY-NC,https://inaturalist-open-data.s3.amazonaws.com/photos/598501241/medium.jpg,"Rouge, Scarborough, ON, Canada",43.8232426474,-79.1653226985,175.0,Cedar Waxwing
12438,2025-06-10,CC-BY-NC,https://inaturalist-open-data.s3.amazonaws.com/photos/520029504/medium.jpg,"Rouge, Scarborough, ON, Canada",43.8225208418,-79.1665615567,457.0,Northern Yellow Warbler
20979,2025-11-04,CC-BY-NC,https://inaturalist-open-data.s3.amazonaws.com/photos/588296528/medium.jpg,"73 Cardiff Rd, North York, ON M4P 2P4, Canada",43.713027,-79.3841394,179.0,White-throated Sparrow
9213,2025-05-09,CC-BY-NC,https://inaturalist-open-data.s3.amazonaws.com/photos/502480232/medium.jpg,"Ashbridge's Bay Park, Toronto, ON, Canada",43.6616779827,-79.3129104626,4.0,Northern Flicker
15718,2025-08-15,CC-BY-NC,https://inaturalist-open-data.s3.amazonaws.com/photos/553828823/medium.jpg,"Bayview Village, North York, ON, Canada",43.7798045723,-79.3744484736,625.0,Ruby-throated Hummingbird
18758,2025-10-04,CC-BY-NC,https://inaturalist-open-data.s3.amazonaws.com/photos/576010046/medium.jpg,"Bayview Village, North York, ON, Canada",43.7778848685,-79.3785211656,909.0,Mallard
4466,2025-02-01,CC-BY-NC,https://inaturalist-open-data.s3.amazonaws.com/photos/484396792/medium.jpg,"South Riverdale, Toronto, ON, Canada",43.6257698668,-79.3306196189,154.0,Trumpeter Swan
10202,2025-05-19,CC-BY-NC,https://inaturalist-open-data.s3.amazonaws.com/photos/507616075/medium.jpg,"Ontario, CA",43.5393613829,-79.4904064654,297.0,House Sparrow
12759,2025-06-14,CC-BY-NC,https://inaturalist-open-data.s3.amazonaws.com/photos/523076277/medium.jpg,"Rouge National Urban Park, Toronto, ON, CA",43.7943716667,-79.1187445,4.0,House Sparrow
11731,2025-06-03,CC-BY-NC,https://inaturalist-open-data.s3.amazonaws.com/photos/515670958/medium.jpg,"Rouge, Scarborough, ON, Canada",43.8216722817,-79.1649324968,123.0,Red-winged Blackbird
4421,2025-02-01,CC-BY-NC,https://inaturalist-open-data.s3.amazonaws.com/photos/484062982/medium.jpg,"South Riverdale, Toronto, ON, Canada",43.6257603078,-79.3301438885,158.0,Trumpeter Swan
3639,2025-03-21,CC-BY-NC,https://inaturalist-open-data.s3.amazonaws.com/photos/478427417/medium.jpeg,"Ashbridge’s Bay Park, Toronto, ON, Canada",43.657645851,-79.308249627,4.0,Killdeer
14435,2025-07-23,,https://static.inaturalist.org/photos/541550525/medium.jpg,"North York, ON M2J 3H8, Canada",43.7846596581,-79.3483609334,50.0,Red-tailed Hawk
17099,2025-09-10,CC-BY-NC,https://inaturalist-open-data.s3.amazonaws.com/photos/565831737/medium.jpg,"Rosetta McClain Gardens, 5 Glen Everest Rd, Scarborough, ON M1N 1J2, Canada",43.6968253,-79.2557466,193.0,American Goldfinch
16564,2025-09-02,CC-BY-NC,https://inaturalist-open-data.s3.amazonaws.com/photos/561534787/medium.jpg,"Harbour Square Park, Toronto, ON, CA",43.6394116667,-79.37742,10.0,Mallard
16009,2025-08-24,CC-BY-NC,https://inaturalist-open-data.s3.amazonaws.com/photos/557220203/medium.jpg,"Roundhouse Park, Toronto, ON, CA",43.6417942361,-79.3859384407,41.0,House Sparrow
12718,2025-05-16,,https://static.inaturalist.org/photos/522711198/medium.jpg,"Birch Cliff, Scarborough, ON, Canada",43.6964790949,-79.2554401523,4.0,Warbling Vireo
13672,2025-07-04,CC-BY-NC,https://inaturalist-open-data.s3.amazonaws.com/photos/532093254/medium.jpg,"Mimico Harbour, Toronto, ON, CA",43.6166633333,-79.4841466667,85.0,Mute Swan
11906,2025-06-04,CC-BY-NC,https://inaturalist-open-data.s3.amazonaws.com/photos/516343972/medium.jpg,"Bayview Village, North York, ON, Canada",43.7818503056,-79.3766208368,871.0,American Crow
4269,2025-04-05,CC-BY-NC,https://inaturalist-open-data.s3.amazonaws.com/photos/483223718/medium.jpg,"Ontario, CA",43.7457089137,-79.3357301444,4.0,Long-tailed Duck
10386,2025-05-14,CC-BY-NC,https://inaturalist-open-data.s3.amazonaws.com/photos/508346128/medium.jpg,"Bayview Village, North York, ON, Canada",43.7790595594,-79.3699638659,317.0,Baltimore Oriole
7638,2025-04-28,CC-BY-NC,https://inaturalist-open-data.s3.amazonaws.com/photos/497430134/medium.jpeg,"Colonel  Samuel Smith Park, Toronto, ON, Canada",43.5906511232,-79.5131823425,683.0,Red-winged Blackbird
8092,2025-05-03,CC-BY-NC,,"Toronto, ON M4M 3M9, Canada",43.6491436944,-79.3227548897,4.0,Northern Waterthrush
5311,2025-04-13,CC-BY-NC,https://inaturalist-open-data.s3.amazonaws.com/photos/488355196/medium.jpeg,"East End-Danforth, Toronto, ON, Canada",43.6849595637,-79.3065955863,75.0,Purple Finch
16230,2025-08-27,CC-BY-NC,https://inaturalist-open-data.s3.amazonaws.com/photos/558862399/medium.jpg,"Rosetta McClain Gardens, 5 Glen Everest Rd, Scarborough, ON M1N 1J2, Canada",43.6968253,-79.2557466,193.0,Magnolia Warbler
1140,2025-01-29,,https://static.inaturalist.org/photos/466980300/medium.jpeg,"Humber Bay Shores, Etobicoke, ON, Canada",43.6233236587,-79.4767096639,47.0,Lesser Scaup
17690,2025-09-12,CC-BY-NC,https://inaturalist-open-data.s3.amazonaws.com/photos/569558708/medium.jpg,"Bentworth Ave, Toronto, ON, CA",43.7199283333,-79.4674533333,3.0,Ring-billed Gull
12875,2025-06-20,CC-BY-NC,https://inaturalist-open-data.s3.amazonaws.com/photos/524153910/medium.jpg,"Toronto, ON, CA",43.659755,-79.30877,3.0,Eastern Kingbird
5398,2025-04-19,CC-BY-NC,https://inaturalist-open-data.s3.amazonaws.com/photos/488586128/medium.jpeg,"Leaside-Bennington, Toronto, ON, Canada",43.7199468955,-79.3546300303,8.0,Northern Cardinal
14957,2025-08-02,CC-BY,https://inaturalist-open-data.s3.amazonaws.com/photos/546852440/medium.jpg,"Toronto, ON, Canada",43.6209700935,-79.3265430684,884.0,Baird's Sandpiper
14076,2025-06-27,CC0,https://inaturalist-open-data.s3.amazonaws.com/photos/537050038/medium.jpg,"Ontario, CA",43.6957424916,-79.0136179823,183.0,House Finch
8314,2025-04-28,CC-BY-NC,https://inaturalist-open-data.s3.amazonaws.com/photos/499712372/medium.jpeg,"Colonel  Samuel Smith Park, Toronto, ON, Canada",43.5906511232,-79.5131823425,683.0,Mallard
3389,2025-03-18,CC-BY-NC,https://inaturalist-open-data.s3.amazonaws.com/photos/477588796/medium.jpg,"Harbour Sq, Toronto, ON, CA",43.6393971742,-79.3794282899,4.0,Red-breasted Merganser
9987,2025-05-12,CC-BY-NC,https://inaturalist-open-data.s3.amazonaws.com/photos/506323645/medium.jpg,"Colonel  Samuel Smith Park, Toronto, ON, Canada",43.5906511232,-79.5131823425,683.0,Northern Yellow Warbler
15389,2025-08-10,CC-BY-NC,https://inaturalist-open-data.s3.amazonaws.com/photos/550410058/medium.jpg,"Humber Bay Park Rd E, Toronto, ON, CA",43.623345,-79.47705,8.0,Red-winged Blackbird
10053,2025-05-14,CC-BY-NC,https://inaturalist-open-data.s3.amazonaws.com/photos/506597861/medium.jpg,"Colonel  Samuel Smith Park, Toronto, ON, Canada",43.5906511232,-79.5131823425,683.0,Black-crowned Night Heron
18157,2025-09-25,,https://static.inaturalist.org/photos/572094590/medium.jpg,"Corktown Common, Toronto, ON, CA",43.6544333333,-79.3514333333,728.0,Ruby-crowned Kinglet
8506,2025-04-26,CC-BY-NC,https://inaturalist-open-data.s3.amazonaws.com/photos/500532967/medium.jpeg,"Colonel  Samuel Smith Park, Toronto, ON, Canada",43.5906511232,-79.5131823425,683.0,American Robin
1653,2025-02-10,CC-BY-NC,https://inaturalist-open-data.s3.amazonaws.com/photos/469427197/medium.jpg,"Bayview Village, Toronto, ON, Canada",43.777636267,-79.3704431046,61.0,Northern Cardinal
2424,2025-02-14,CC-BY-NC,https://inaturalist-open-data.s3.amazonaws.com/photos/473293288/medium.jpeg,"Colonel  Samuel Smith Park, Toronto, ON, Canada",43.5906511232,-79.5131823425,683.0,Common Goldeneye
2650,2025-03-03,,https://static.inaturalist.org/photos/473940722/medium.jpg,"Lower River St, Toronto, ON, CA",43.6567116667,-79.3553083333,17.0,Mourning Dove
7506,2025-04-29,CC-BY-NC,https://inaturalist-open-data.s3.amazonaws.com/photos/496735043/medium.jpg,"Ashbridge's Bay Park, Toronto, ON, Canada",43.6559623838,-79.307726684,8.0,Iceland Gull
5394,2025-04-19,CC-BY-NC,https://inaturalist-open-data.s3.amazonaws.com/photos/488586002/medium.jpeg,"Leaside-Bennington, Toronto, ON, Canada",43.7199468955,-79.3546300303,8.0,White-throated Sparrow
20917,2025-10-26,CC0,https://inaturalist-open-data.s3.amazonaws.com/photos/588001619/medium.jpg,"Ontario, CA",43.7220599248,-79.2673781013,141.0,House Sparrow
23994,2025-04-23,CC-BY-NC,https://inaturalist-open-data.s3.amazonaws.com/photos/627304718/medium.jpg,"Kensington Ave, Toronto, ON, CA",43.6537083333,-79.400405,15.0,House Sparrow
14665,2025-07-28,CC-BY-NC,https://inaturalist-open-data.s3.amazonaws.com/photos/544031218/medium.jpg,"North York General Hospital, Toronto, ON, CA",43.7689238366,-79.3612502261,40.0,American Robin
2188,2025-02-22,,https://static.inaturalist.org/photos/472140939/medium.jpeg,"Rouge, Scarborough, ON, Canada",43.7901305556,-79.1215027778,1.0,Common Raven
20589,2025-10-13,CC-BY-NC,https://inaturalist-open-data.s3.amazonaws.com/photos/586491160/medium.jpg,"High Park - North Half, Toronto, ON, Canada",43.6490889589,-79.4642275187,440.0,Purple Finch
8591,2025-05-05,CC-BY-NC,https://inaturalist-open-data.s3.amazonaws.com/photos/500694228/medium.jpg,"Ontario, CA",43.7235248601,-79.2847947124,42.0,Red-winged Blackbird
17016,2025-09-09,,https://static.inaturalist.org/photos/565273389/medium.jpg,"Cliffside, Scarborough, ON, Canada",43.703794356,-79.2386006392,4.0,Belted Kingfisher
18271,2025-09-27,CC-BY-NC,https://inaturalist-open-data.s3.amazonaws.com/photos/572799649/medium.jpg,"Colonel Samuel Smith Park, 3145 Lake Shore Blvd W, Etobicoke, ON M8V 4B6, Canada",43.591398,-79.5133857,198.0,Greater Scaup
20283,2025-10-25,CC-BY,,"Toronto, ON M4W 0B5, Canada",43.6786447486,-79.3707734719,13.0,Northern Cardinal
18831,2025-10-05,CC-BY-NC,https://inaturalist-open-data.s3.amazonaws.com/photos/576438843/medium.jpg,"Colonel Samuel Smith Park, 3145 Lake Shore Blvd W, Etobicoke, ON M8V 4B6, Canada",43.591398,-79.5133857,198.0,American Herring Gull
16890,2025-09-03,,https://inaturalist-open-data.s3.amazonaws.com/photos/564259644/medium.jpg,"Cliffside, Scarborough, ON, Canada",43.7047031395,-79.2370294992,6.0,Great Blue Heron
9054,2025-05-07,CC-BY-NC,https://inaturalist-open-data.s3.amazonaws.com/photos/501711623/medium.jpeg,"Ontario, CA",43.7396482477,-79.5644250034,971.0,Yellow-rumped Warbler
423,2025-01-11,CC-BY-NC,https://inaturalist-open-data.s3.amazonaws.com/photos/463207266/medium.jpg,"Bayview Village, Toronto, ON, Canada",43.777636267,-79.3704431046,61.0,American Robin
8191,2025-05-03,CC-BY-NC,https://inaturalist-open-data.s3.amazonaws.com/photos/499445686/medium.jpg,"Bayview Village, North York, ON, Canada",43.7782730754,-79.3701071207,31.0,Northern Cardinal
23551,2025-12-31,CC-BY-NC,https://inaturalist-open-data.s3.amazonaws.com/photos/604283953/medium.jpg,"Bayview Village, North York, ON, Canada",43.7803017317,-79.3792078111,978.0,Hairy Woodpecker
10367,2025-05-19,CC-BY-NC,https://inaturalist-open-data.s3.amazonaws.com/photos/508303853/medium.jpg,"Bayview Village, North York, ON, Canada",43.777915142,-79.3699334849,198.0,Red-winged Blackbird
17769,2025-09-21,CC-BY-NC,https://inaturalist-open-data.s3.amazonaws.com/photos/569986291/medium.jpg,"E.T. Seton Park, North York, ON, Canada",43.715158477,-79.3458059589,4.0,Great Blue Heron
23325,2025-05-15,CC-BY,https://inaturalist-open-data.s3.amazonaws.com/photos/602879801/medium.jpg,"Toronto, ON, Canada",43.6607607415,-79.3062771472,60.0,Cliff Swallow
12921,2025-06-20,CC-BY-NC,https://inaturalist-open-data.s3.amazonaws.com/photos/524766777/medium.jpg,"Rouge, Scarborough, ON, Canada",43.8218774134,-79.1653128307,56.0,Trumpeter Swan
5476,2025-04-20,,https://inaturalist-open-data.s3.amazonaws.com/photos/488914054/medium.jpg,"South Riverdale, Toronto, ON, Canada",43.6575148478,-79.3067221379,6.0,Red-winged Blackbird
6739,2025-04-26,CC-BY-NC,https://inaturalist-open-data.s3.amazonaws.com/photos/492654220/medium.jpg,"High Park Tr, Toronto, ON, CA",43.6475834018,-79.4701815025,4.0,Double-crested Cormorant
9605,2025-05-13,CC-BY-NC,https://inaturalist-open-data.s3.amazonaws.com/photos/504504198/medium.jpeg,"Toronto, CA-ON, CA",43.6402383333,-79.4605383333,3.0,Northern Cardinal
3662,2025-03-22,CC-BY-NC,https://inaturalist-open-data.s3.amazonaws.com/photos/478599291/medium.jpg,"Cardiff Rd, Toronto, ON, CA",43.7130616667,-79.3841166667,7.0,Common Grackle
10004,2025-05-17,,https://static.inaturalist.org/photos/506518652/medium.jpg,"Etobicoke, ON M8V 4B7, Canada",43.5913979907,-79.5133858547,199.0,Tree Swallow
18623,2025-09-21,CC0,https://inaturalist-open-data.s3.amazonaws.com/photos/575098436/medium.jpg,"Ontario, CA",43.8800163271,-79.0813874628,667.0,American Crow
9610,2025-05-13,CC-BY-NC,https://inaturalist-open-data.s3.amazonaws.com/photos/504530878/medium.jpg,"Scarborough City Centre, Scarborough, ON, Canada",43.7752614443,-79.2495547133,48.0,Common Grackle
23996,2025-07-10,CC-BY-NC,https://inaturalist-open-data.s3.amazonaws.com/photos/627639014/medium.jpg,"Major St, Toronto, ON, CA",43.6609416667,-79.4042583333,8.0,Blue Jay
22628,2025-12-08,CC0,https://inaturalist-open-data.s3.amazonaws.com/photos/598830062/medium.jpg,"Ontario, CA",43.7758428464,-79.2699880522,465.0,Gadwall
8859,2025-04-27,CC-BY-NC,https://inaturalist-open-data.s3.amazonaws.com/photos/501410845/medium.jpeg,"Colonel  Samuel Smith Park, Toronto, ON, Canada",43.5906511232,-79.5131823425,683.0,Red-winged Blackbird
14770,2025-07-30,CC-BY-NC,https://inaturalist-open-data.s3.amazonaws.com/photos/545102562/medium.jpg,"Toronto, ON M5V 2T6, קנדה",43.642500235,-79.3870477751,9.0,Quiscalus quiscula
13798,2025-07-09,CC-BY-NC,https://inaturalist-open-data.s3.amazonaws.com/photos/534042916/medium.jpg,"Queens Quay W, Toronto, ON, CA",43.63718,-79.39312,6.0,American Robin
10357,2025-05-17,,https://static.inaturalist.org/photos/508239274/medium.jpg,"South Riverdale, Toronto, ON, Canada",43.6567645892,-79.3052819885,31.0,Red-tailed Hawk
22596,2025-11-16,CC0,https://inaturalist-open-data.s3.amazonaws.com/photos/598829642/medium.jpg,"Ontario, CA",43.7008746407,-79.335280471,122.0,Dark-eyed Junco
711,2025-01-12,CC-BY-NC,https://inaturalist-open-data.s3.amazonaws.com/photos/464244249/medium.jpeg,"Colonel  Samuel Smith Park, Toronto, ON, Canada",43.5906511232,-79.5131823425,683.0,Gadwall
5238,2025-04-18,CC-BY-NC,https://inaturalist-open-data.s3.amazonaws.com/photos/488030845/medium.jpg,"High Park, Toronto, ON, CA",43.64177,-79.4651716667,3.0,Canada Goose
23005,2025-12-20,CC-BY-NC,https://inaturalist-open-data.s3.amazonaws.com/photos/601602174/medium.jpg,"73 Cardiff Rd, North York, ON M4P 2P4, Canada",43.713027,-79.3841394,179.0,House Finch
13770,2025-07-08,CC-BY-NC,https://inaturalist-open-data.s3.amazonaws.com/photos/533660754/medium.jpg,Toronto,43.6607131958,-79.5014953613,200.0,Great Egret
722,2025-01-12,CC-BY-NC,https://inaturalist-open-data.s3.amazonaws.com/photos/464251589/medium.jpeg,"Colonel  Samuel Smith Park, Toronto, ON, Canada",43.5906511232,-79.5131823425,683.0,Gadwall
22762,2025-12-14,CC0,https://inaturalist-open-data.s3.amazonaws.com/photos/599955728/medium.jpg,"Ontario, CA",43.6429289291,-79.3733776459,160.0,Northern Cardinal
16462,2025-08-30,CC-BY-NC,https://inaturalist-open-data.s3.amazonaws.com/photos/560702052/medium.jpg,"Bayview Village, Toronto, ON, Canada",43.777636267,-79.3704431046,61.0,Hairy Woodpecker
1809,2025-02-15,CC-BY-NC,https://inaturalist-open-data.s3.amazonaws.com/photos/470291029/medium.jpg,"Bayview Village, North York, ON, Canada",43.7872029839,-79.3818851149,15.0,Northern Cardinal
23641,2025-10-26,,https://static.inaturalist.org/photos/604950062/medium.jpg,"Ontario, CA",43.7856458409,-79.4470307745,244.0,长耳鸮
6729,2025-04-26,,https://static.inaturalist.org/photos/492621927/medium.jpg,"High Park, Toronto, ON, CA",43.649075,-79.4709166667,39.0,Wood Duck
16960,2025-09-09,,https://static.inaturalist.org/photos/565035719/medium.jpg,"High Park-Swansea, Toronto, ON, Canada",43.6455780015,-79.4693392757,31.0,Wood Duck
17703,2025-09-20,,https://inaturalist-open-data.s3.amazonaws.com/photos/569647155/medium.jpg,"Scarborough City Centre, Scarborough, ON, Canada",43.7767805556,-79.2523111111,30.0,Northern Parula
19529,2025-10-14,CC-BY-NC,https://inaturalist-open-data.s3.amazonaws.com/photos/580331032/medium.jpg,"High Park-Swansea, Toronto, ON, Canada",43.6463588889,-79.4698450794,61.0,Great Blue Heron
2317,2025-02-25,CC-BY-NC,https://inaturalist-open-data.s3.amazonaws.com/photos/472605335/medium.jpg,"Scarborough, ON, Canada",43.7088969605,-79.231747209,520.0,Trumpeter Swan
2852,2025-03-09,CC-BY-NC,https://inaturalist-open-data.s3.amazonaws.com/photos/475455865/medium.jpeg,"73 Cardiff Rd, North York, ON M4P 2P4, Canada",43.713027,-79.3841394,179.0,Dark-eyed Junco
20261,2025-10-24,CC-BY,,"Toronto, CA-ON, CA",43.6516540578,-79.4623403996,7.0,Hairy Woodpecker
22867,2025-12-14,,https://static.inaturalist.org/photos/600849217/medium.jpg,"North York, ON M3C 1A1, Canada",43.712074627,-79.3195040524,33.0,Dark-eyed Junco
13101,2025-06-25,CC-BY-NC,https://inaturalist-open-data.s3.amazonaws.com/photos/527712469/medium.jpg,Toronto,43.6432533264,-79.4666366577,4.0,Wanderdrossel
21587,2025-11-14,CC-BY-NC,https://inaturalist-open-data.s3.amazonaws.com/photos/591413674/medium.jpg,"Bayview Village, Toronto, ON, Canada",43.777636267,-79.3704431046,61.0,American Goldfinch
13450,2025-07-01,,https://static.inaturalist.org/photos/530046951/medium.jpg,"High Park, Toronto, ON, CA",43.6423716667,-79.4668966667,7.0,Lesser Scaup
21061,2025-11-06,CC-BY-NC,https://inaturalist-open-data.s3.amazonaws.com/photos/589049876/medium.jpg,"Union, Toronto, ON, CA",43.6447859523,-79.3805024213,226.0,House Sparrow
9178,2025-05-09,CC-BY-NC,https://inaturalist-open-data.s3.amazonaws.com/photos/502296126/medium.jpeg,"QV83+RXX Waterfront Trail Bridge, Toronto, ON M1E 3Z3, Canada",43.7671367796,-79.1449256451,4.0,Turkey Vulture
13439,2025-07-01,CC-BY,https://inaturalist-open-data.s3.amazonaws.com/photos/529958019/medium.jpg,Toronto,43.652923584,-79.5036315918,92.0,Great Egret
5092,2025-04-16,CC-BY-NC,https://inaturalist-open-data.s3.amazonaws.com/photos/487243848/medium.jpg,"Cardiff Rd, Toronto, ON, CA",43.7130381728,-79.3840096596,39.0,American Robin
7461,2025-04-27,CC-BY-NC,https://inaturalist-open-data.s3.amazonaws.com/photos/496577670/medium.jpg,"Bayview Village, North York, ON, Canada",43.7803632189,-79.3893204468,15.0,Brown-headed Cowbird
16320,2025-08-27,CC-BY-NC,https://inaturalist-open-data.s3.amazonaws.com/photos/559538220/medium.jpg,"Ashbridges Bay Park, Toronto, ON, CA",43.6555385018,-79.3086251427,21.0,Cape May Warbler
23457,2025-12-28,CC-BY-NC,https://static.inaturalist.org/photos/603646264/medium.jpg,"Toronto, ON, Canada",43.6452112877,-79.3194376042,4.0,Red-breasted Merganser
17432,2025-09-14,CC-BY-NC,https://inaturalist-open-data.s3.amazonaws.com/photos/567717066/medium.jpg,"Rosetta McClain Gardens, 5 Glen Everest Rd, Scarborough, ON M1N 1J2, Canada",43.6968253,-79.2557466,193.0,Blue Jay
5628,2025-04-18,CC-BY-NC,https://inaturalist-open-data.s3.amazonaws.com/photos/489099856/medium.jpeg,"Colonel  Samuel Smith Park, Toronto, ON, Canada",43.5906511232,-79.5131823425,683.0,American Robin
22891,2025-12-18,CC-BY-NC,https://inaturalist-open-data.s3.amazonaws.com/photos/600852661/medium.jpg,"Bayview Village, North York, ON, Canada",43.780330514,-79.389290146,167.0,Dark-eyed Junco
22559,2025-12-09,CC-BY-NC,https://inaturalist-open-data.s3.amazonaws.com/photos/598731079/medium.jpg,"Ontario, CA",43.7652352406,-79.3637253832,8.0,Dark-eyed Junco
21040,2025-11-02,,https://static.inaturalist.org/photos/588882697/medium.jpg,"Leslie St, Toronto, ON, CA",43.6533966667,-79.3251716667,6.0,Razorbill
8215,2025-05-03,CC-BY-NC,https://inaturalist-open-data.s3.amazonaws.com/photos/499535785/medium.jpg,"Bayview Village, Toronto, ON, Canada",43.777636267,-79.3704431046,61.0,Ruby-crowned Kinglet
6930,2025-04-27,CC-BY-NC,https://inaturalist-open-data.s3.amazonaws.com/photos/493840575/medium.jpg,"Don Valley Brick Works, Toronto, ON, CA",43.6869955082,-79.3662564463,4.0,Red-winged Blackbird
15650,2025-01-31,CC-BY,https://inaturalist-open-data.s3.amazonaws.com/photos/553376398/medium.jpg,"Toronto, ON, Canada",43.7940145021,-79.1170217568,98.0,Canada Goose
2970,2025-03-08,CC-BY-NC,https://inaturalist-open-data.s3.amazonaws.com/photos/475766491/medium.jpeg,"Bluffers Park, Scarborough, ON, Canada",43.7065435562,-79.233696927,60.0,Feral Pigeon
9144,2025-05-08,CC-BY-NC,https://inaturalist-open-data.s3.amazonaws.com/photos/502104976/medium.jpg,"Bayview Village, North York, ON, Canada",43.7812918365,-79.371744807,320.0,Blue-grey Gnatcatcher
19459,2025-10-12,CC-BY-NC,https://inaturalist-open-data.s3.amazonaws.com/photos/579962113/medium.jpg,"Bayview Village, North York, ON, Canada",43.781431069,-79.3720772166,390.0,White-throated Sparrow
16737,2025-09-05,,https://static.inaturalist.org/photos/562892175/medium.jpg,"Corktown Common, Toronto, ON, CA",43.6543,-79.3527833333,4.0,Wilson's Warbler
748,2025-01-17,,https://static.inaturalist.org/photos/464380573/medium.jpeg,"Toronto, ON M4M 3C1, Canada",43.651897374,-79.322546348,35.0,House Finch
21676,2025-11-16,CC-BY-NC,https://inaturalist-open-data.s3.amazonaws.com/photos/592036491/medium.jpg,"High Park-Swansea, Toronto, ON, Canada",43.6464561,-79.4654509044,8.0,Cooper's Hawk
14743,2025-05-21,,https://static.inaturalist.org/photos/544695710/medium.jpg,"Mimico Creek Trail, Toronto, ON, CA",43.6475771129,-79.5205101957,2.0,Mallard
7665,2025-04-30,CC-BY-NC,https://inaturalist-open-data.s3.amazonaws.com/photos/497557272/medium.jpg,"Bayview Village, North York, ON, Canada",43.781391671,-79.3701859801,54.0,Northern Flicker
7708,2025-04-30,CC-BY-NC,https://inaturalist-open-data.s3.amazonaws.com/photos/497743322/medium.jpeg,"Taylor-Massey, ON, Canada",43.6979479485,-79.2956099748,15.0,Wood Duck
9123,2025-05-07,,https://static.inaturalist.org/photos/502070176/medium.jpg,"Don Valley Brick Works, Toronto, ON, CA",43.6873033333,-79.3668583333,8.0,Northern Yellow Warbler
10070,2025-05-14,CC-BY-NC,https://inaturalist-open-data.s3.amazonaws.com/photos/506607063/medium.jpg,"Edenbridge-Humber Valley, Etobicoke, ON, Canada",43.6691801127,-79.5117366345,182.0,Northern Rough-winged Swallow
1181,2025-01-31,,https://static.inaturalist.org/photos/467183454/medium.jpg,"Dundas St W, Toronto, ON, CA",43.6329083333,-79.5446383333,17.0,House Sparrow
1326,2025-01-30,CC-BY-NC-ND,https://inaturalist-open-data.s3.amazonaws.com/photos/467641873/medium.jpeg,"Colonel Samuel Smith Park, 3145 Lake Shore Blvd W, Etobicoke, ON M8V 4B6, Canada",43.591398,-79.5133857,198.0,Gadwall
21477,2025-11-13,CC-BY-NC,https://inaturalist-open-data.s3.amazonaws.com/photos/591070224/medium.jpg,"Lakeshore Rd East Of Island Rd, Etobicoke, ON M8W 3P2, Canada",43.5869034837,-79.544073008,52.0,Mallard
20754,2025-11-01,CC-BY-NC,https://inaturalist-open-data.s3.amazonaws.com/photos/587223409/medium.jpg,"73 Cardiff Rd, North York, ON M4P 2P4, Canada",43.713027,-79.3841394,179.0,White-throated Sparrow
2861,2025-03-08,CC-BY-NC,https://inaturalist-open-data.s3.amazonaws.com/photos/475522875/medium.jpg,"Commissioners St, Toronto, ON, CA",43.6544283333,-79.3311616667,4.0,Northern Mockingbird
16568,2025-09-02,CC-BY-NC,https://inaturalist-open-data.s3.amazonaws.com/photos/561535526/medium.jpg,"Great Lakes Waterfront Tr, Toronto, ON, CA",43.6379916667,-79.3811116667,4.0,European Starling
22385,2025-12-05,CC-BY-NC,https://inaturalist-open-data.s3.amazonaws.com/photos/597562260/medium.jpg,"Bayview Village, North York, ON, Canada",43.7782567,-79.3828127,895.0,Red-breasted Nuthatch
16030,2025-08-24,CC-BY-NC,https://inaturalist-open-data.s3.amazonaws.com/photos/557228913/medium.jpg,"Downtown Toronto, Toronto, ON, Canada",43.6419342544,-79.3858050107,11.0,House Sparrow
17903,2025-08-19,CC-BY-NC,https://inaturalist-open-data.s3.amazonaws.com/photos/570509651/medium.jpg,"Lakeshore Ave, Toronto, ON, CA",43.6170833333,-79.388855,4.0,Double-crested Cormorant
7402,2025-04-28,,https://static.inaturalist.org/photos/496256837/medium.jpg,"Marie Curtis Park, Toronto, ON, CA",43.587545,-79.5446333333,3.0,White-throated Sparrow
23377,2025-12-27,CC-BY-NC,https://inaturalist-open-data.s3.amazonaws.com/photos/603191588/medium.jpg,"Toronto, ON, CA",43.6235883333,-79.4769216667,32.0,Trumpeter Swan
13358,2025-06-27,CC-BY-NC,https://inaturalist-open-data.s3.amazonaws.com/photos/529233561/medium.jpg,"Lower Reesor Pond, Toronto, ON M1B 5W5, Canada",43.8280937,-79.1899396,175.0,Pied-billed Grebe
13854,2025-07-07,CC-BY-NC,https://inaturalist-open-data.s3.amazonaws.com/photos/534522121/medium.jpg,"Humber Bay Park East, 100 Humber Bay Park Road East, Toronto, ON M8V 3X7, Canada",43.6216874,-79.4755451,207.0,American Goldfinch
20639,2025-05-17,CC-BY-NC,https://inaturalist-open-data.s3.amazonaws.com/photos/586492973/medium.jpg,"High Park-Centre, Toronto, ON, Canada",43.6454712084,-79.4632833811,495.0,Red-headed Woodpecker
6986,2025-04-27,,https://static.inaturalist.org/photos/494095583/medium.jpg,"High Park-Swansea, Toronto, ON, Canada",43.6413629338,-79.4632524933,4.0,Northern Cardinal
19067,2025-10-08,CC0,https://inaturalist-open-data.s3.amazonaws.com/photos/578082869/medium.jpg,"Ontario, CA",43.6187939572,-79.38817788,493.0,Great Blue Heron
19491,2025-10-13,CC-BY-NC,https://inaturalist-open-data.s3.amazonaws.com/photos/580115149/medium.jpg,"Bayview Woods-Steeles, North York, ON, Canada",43.7921847587,-79.3799220239,405.0,American Goldfinch
16088,2025-08-24,CC-BY-NC,https://inaturalist-open-data.s3.amazonaws.com/photos/557706747/medium.jpg,"Bayview Village, North York, ON, Canada",43.7780265348,-79.3698368688,495.0,Great Blue Heron
10424,2025-05-21,,https://static.inaturalist.org/photos/508478946/medium.jpg,"Scarborough, ON M1B 5W8, Canada",43.8181206295,-79.1838047281,22.0,House Sparrow
9720,2025-05-14,CC-BY-NC,https://inaturalist-open-data.s3.amazonaws.com/photos/505164345/medium.jpg,"Centre Island, Toronto, ON, Canada",43.6139501384,-79.3864192344,8.0,Warbling Vireo
20404,2025-10-26,CC-BY-NC,https://inaturalist-open-data.s3.amazonaws.com/photos/585237669/medium.jpg,"Bayview Village, North York, ON, Canada",43.7804754039,-79.3727629921,532.0,Fox Sparrow
12278,2025-06-10,CC-BY-NC,https://inaturalist-open-data.s3.amazonaws.com/photos/519048934/medium.jpg,"Bayview Village, Toronto, ON, Canada",43.777636267,-79.3704431046,61.0,Baltimore Oriole
15269,2025-03-04,CC-BY-NC,https://inaturalist-open-data.s3.amazonaws.com/photos/549964649/medium.jpg,"New Toronto, Etobicoke, ON, Canada",43.5908426047,-79.512718086,8.0,Blue Jay
20534,2025-10-26,,https://static.inaturalist.org/photos/586110288/medium.jpg,"Toronto, ON, CA",43.633158249,-79.3232928592,373.0,Great Egret
23573,2025-12-31,CC-BY-NC,https://inaturalist-open-data.s3.amazonaws.com/photos/604294641/medium.jpg,"Bayview Village, North York, ON, Canada",43.7803396813,-79.3894185192,402.0,Dark-eyed Junco
4806,2025-04-09,,https://static.inaturalist.org/photos/486069734/medium.jpg,"Beltline Tr, Toronto, ON, CA",43.6789250041,-79.369910215,103.0,Red-tailed Hawk
308,2025-01-08,CC-BY-NC,https://inaturalist-open-data.s3.amazonaws.com/photos/462586297/medium.jpg,"Bridle Path-Sunnybrook-York Mills, Toronto, ON, Canada",43.7302735317,-79.3571613691,418.0,Black-capped Chickadee
3264,2025-03-15,CC-BY-NC,https://inaturalist-open-data.s3.amazonaws.com/photos/476717233/medium.jpeg,"E.T Seton Park, East York, ON, Canada",43.7151375102,-79.3451363426,4.0,Common Merganser
18237,2025-09-26,CC-BY-NC,https://inaturalist-open-data.s3.amazonaws.com/photos/572467556/medium.jpg,"Woodbine Beach Dune Ecosystem , Toronto, ON, Canada",43.6593029326,-79.3079423372,8.0,Merlin
725,2025-01-12,CC-BY-NC,https://inaturalist-open-data.s3.amazonaws.com/photos/464251745/medium.jpeg,"Colonel  Samuel Smith Park, Toronto, ON, Canada",43.5906511232,-79.5131823425,683.0,Ring-billed Gull
15987,2025-08-22,CC-BY-NC,https://inaturalist-open-data.s3.amazonaws.com/photos/556927415/medium.jpg,"Bayview Village, North York, ON, Canada",43.7816822091,-79.3725429934,467.0,Olive-sided Flycatcher
11190,2025-05-29,CC-BY-NC,https://inaturalist-open-data.s3.amazonaws.com/photos/512426837/medium.jpg,"Woodbine Beach Dune Habitat, Toronto, ON, Canada",43.66150559,-79.306717665,4.0,Bonaparte's Gull
15148,2025-08-06,CC-BY-NC,https://inaturalist-open-data.s3.amazonaws.com/photos/548512651/medium.jpg,"Toronto, CA-ON, CA",43.6853377614,-79.3665806466,15.0,Eastern Phoebe
10197,2025-05-16,,https://static.inaturalist.org/photos/507607004/medium.jpg,"Birch Cliff, Scarborough, ON, Canada",43.696221887,-79.2557577929,15.0,Yellow-rumped Warbler
19428,2025-10-13,CC-BY-NC,https://inaturalist-open-data.s3.amazonaws.com/photos/579849575/medium.jpg,"New Toronto, Etobicoke, ON, Canada",43.5920041022,-79.5118193044,198.0,Cooper's Hawk
21280,2025-11-10,CC-BY-NC,https://inaturalist-open-data.s3.amazonaws.com/photos/590173812/medium.jpg,"Woodbine Beach Dune Habitat, Toronto, ON, Canada",43.660355825,-79.3082336542,15.0,European Starling
13764,2025-07-01,CC-BY-NC,https://inaturalist-open-data.s3.amazonaws.com/photos/533527014/medium.jpg,"Ontario, CA",43.5424958541,-79.4519657704,57.0,Northern Yellow Warbler
14462,2025-07-24,CC-BY-NC,https://inaturalist-open-data.s3.amazonaws.com/photos/541891716/medium.jpg,"Woodbine Beach Dune Ecosystem , Toronto, ON, Canada",43.6614192584,-79.3071277993,4.0,Stilt Sandpiper
5729,2025-04-20,CC-BY-NC,https://inaturalist-open-data.s3.amazonaws.com/photos/489397994/medium.jpg,"South Riverdale, Toronto, ON, Canada",43.64572552,-79.3207651862,4.0,Cliff Swallow
22196,2025-11-29,CC-BY-NC,https://inaturalist-open-data.s3.amazonaws.com/photos/595930736/medium.jpg,"Bayview Village, Toronto, ON, Canada",43.777636267,-79.3704431046,61.0,Hairy Woodpecker
188,2025-01-05,CC-BY-NC,https://inaturalist-open-data.s3.amazonaws.com/photos/462051528/medium.jpeg,"Edwards Gardens, 755 Lawrence Ave E, North York, ON M3C 1P2, Canada",43.7338039,-79.357924,193.0,Black-capped Chickadee
1949,2025-02-15,,https://static.inaturalist.org/photos/470889094/medium.jpeg,"New Toronto, Etobicoke, ON, Canada",43.5915083333,-79.5134,1.0,House Sparrow
17189,2025-09-13,CC-BY-NC,https://inaturalist-open-data.s3.amazonaws.com/photos/566442325/medium.jpg,"Lake Ontario, Toronto, ON, CA",43.6246915477,-79.3244249311,99.0,Gadwall
7463,2025-04-27,CC-BY-NC,https://inaturalist-open-data.s3.amazonaws.com/photos/496613910/medium.jpg,"New Toronto, Etobicoke, ON, Canada",43.5942586135,-79.5154548115,31.0,Ruby-crowned Kinglet
23952,2025-12-02,CC-BY-NC,https://inaturalist-open-data.s3.amazonaws.com/photos/617085029/medium.jpg,"St George St, Toronto, ON, CA",43.6681283333,-79.4000333333,13.0,House Sparrow
21162,2025-11-04,CC-BY-NC,https://inaturalist-open-data.s3.amazonaws.com/photos/589665456/medium.jpg,"Bayview Village, North York, ON, Canada",43.7818003336,-79.375748103,777.0,Mallard
1472,2025-02-01,CC-BY-NC,https://inaturalist-open-data.s3.amazonaws.com/photos/468712090/medium.jpg,"Bayview Village, North York, ON, Canada",43.7802406686,-79.3738508543,415.0,Red-breasted Nuthatch
12441,2025-06-10,CC-BY-NC,https://inaturalist-open-data.s3.amazonaws.com/photos/520029730/medium.jpg,"Rouge, Scarborough, ON, Canada",43.8225208418,-79.1665615567,457.0,Grey Catbird
1186,2025-01-31,CC-BY-NC,https://inaturalist-open-data.s3.amazonaws.com/photos/467186118/medium.jpg,"Bayview Village, North York, ON, Canada",43.7812921499,-79.3711613753,227.0,Downy Woodpecker
8780,2025-05-06,,https://static.inaturalist.org/photos/501222090/medium.jpg,"Corktown Common, Toronto, ON, CA",43.65485,-79.351805,6.0,Song Sparrow
1887,2025-02-16,,https://static.inaturalist.org/photos/470610515/medium.jpg,"Ontario Place, Toronto, ON, CA",43.63042,-79.4097666667,4.0,Song Sparrow
6191,2025-04-25,CC-BY-NC,https://inaturalist-open-data.s3.amazonaws.com/photos/491567746/medium.jpg,"Ashbridge's Bay Park, Toronto, ON, Canada",43.6611864174,-79.3119726025,4.0,Chipping Sparrow
6506,2025-04-25,CC-BY-NC,https://inaturalist-open-data.s3.amazonaws.com/photos/491928748/medium.jpg,"Toronto, ON, Canada",43.694081704,-79.2564225199,474.0,European Starling
21772,2025-11-18,CC-BY-NC,https://inaturalist-open-data.s3.amazonaws.com/photos/592757844/medium.jpg,"Colonel  Samuel Smith Park, Toronto, ON, Canada",43.5906511232,-79.5131823425,683.0,American Robin
4096,2025-04-02,CC-BY-NC,https://inaturalist-open-data.s3.amazonaws.com/photos/482123164/medium.jpg,"Bayview Village, North York, ON, Canada",43.7800907151,-79.3726119394,436.0,American Robin
2270,2025-02-25,CC-BY-NC,https://inaturalist-open-data.s3.amazonaws.com/photos/472603522/medium.jpg,"Scarborough, ON, Canada",43.7088969605,-79.231747209,520.0,Hooded Merganser
19480,2025-10-13,CC-BY-NC,https://inaturalist-open-data.s3.amazonaws.com/photos/580040636/medium.jpg,"Mount Dennis, York, ON, Canada",43.6835516193,-79.4959649693,4.0,Double-crested Cormorant
23653,2025-12-31,,https://static.inaturalist.org/photos/605065288/medium.jpg,"Toronto, ON M5G 2K2, Canada",43.6598416058,-79.3838683516,49.0,Cooper's Hawk
1659,2025-02-07,CC-BY-NC,https://inaturalist-open-data.s3.amazonaws.com/photos/469497111/medium.jpeg,", Scarborough, ON, Canada",43.8483085896,-79.1719296052,1000.0,Mourning Dove
18979,2025-10-08,,https://static.inaturalist.org/photos/577848055/medium.jpg,"Corktown Common, Toronto, ON, CA",43.6544033333,-79.3525616667,10.0,Hermit Thrush
2819,2025-03-09,,https://static.inaturalist.org/photos/475349711/medium.jpg,"High Park-Swansea, Toronto, ON, Canada",43.6467825557,-79.4699783294,15.0,Mallard
1094,2025-01-26,CC-BY-NC,https://inaturalist-open-data.s3.amazonaws.com/photos/466430105/medium.jpg,"South Riverdale, Toronto, ON, Canada",43.6308621555,-79.3248831665,488.0,Black-capped Chickadee
5821,2025-04-22,CC-BY-NC,https://inaturalist-open-data.s3.amazonaws.com/photos/489931838/medium.jpg,"Bayview Village, North York, ON, Canada",43.7792749674,-79.3700017559,342.0,Wood Duck
22761,2025-12-14,CC0,https://inaturalist-open-data.s3.amazonaws.com/photos/599955727/medium.jpg,"Ontario, CA",43.6722162308,-79.2812725754,160.0,Dark-eyed Junco
14589,2025-07-06,CC-BY-NC,https://inaturalist-open-data.s3.amazonaws.com/photos/542972078/medium.jpg,"Ontario, CA",43.9722607008,-79.1695239392,122.0,Song Sparrow
22514,2025-05-06,CC-BY,https://inaturalist-open-data.s3.amazonaws.com/photos/598397669/medium.jpg,"Woodbine - Lumsden, East York, ON M4C, Canada",43.6929993702,-79.3046182754,162.0,Cerulean Warbler
19095,2025-10-09,CC-BY-NC,https://inaturalist-open-data.s3.amazonaws.com/photos/578138538/medium.jpg,"West Humber River, Toronto, ON, CA",43.7369243826,-79.6304108978,383.0,Brown Creeper
19472,2025-10-13,CC-BY-NC,https://inaturalist-open-data.s3.amazonaws.com/photos/579976133/medium.jpg,"Bayview Village, Toronto, ON, Canada",43.777636267,-79.3704431046,61.0,Hairy Woodpecker
3098,2025-02-05,CC-BY-NC,https://inaturalist-open-data.s3.amazonaws.com/photos/476157163/medium.jpeg,"The Queensway – Humber Bay, Etobicoke, ON, Canada",43.6234058506,-79.4763418997,619.0,Trumpeter Swan
6829,2025-04-03,CC-BY-NC,https://inaturalist-open-data.s3.amazonaws.com/photos/493099486/medium.jpg,"Downsview, North York, ON, Canada",43.7423283805,-79.478454301,15.0,Great Blue Heron
20904,2025-10-18,CC0,https://inaturalist-open-data.s3.amazonaws.com/photos/588000954/medium.jpg,"Ontario, CA",43.6293853054,-79.134045708,187.0,Ring-billed Gull
6424,2025-04-25,CC-BY-NC,https://inaturalist-open-data.s3.amazonaws.com/photos/491838979/medium.jpg,"Rosetta McClain Gardens, 5 Glen Everest Rd, Scarborough, ON M1N 1J2, Canada",43.6968253,-79.2557466,193.0,American Robin
13909,2025-06-29,CC-BY-NC,https://inaturalist-open-data.s3.amazonaws.com/photos/535244874/medium.jpg,"Colonel  Samuel Smith Park, Toronto, ON, Canada",43.5906511232,-79.5131823425,683.0,Mourning Dove
12773,2025-06-17,CC-BY-NC,https://inaturalist-open-data.s3.amazonaws.com/photos/523125524/medium.jpg,"Canary Crescent, North York, ON M2K, Canada",43.7813981,-79.3886056,154.0,European Starling
21973,2025-11-22,CC-BY-NC-SA,https://inaturalist-open-data.s3.amazonaws.com/photos/594141919/medium.jpg,Bluffers Park Beach,43.7168535188,-79.2240439047,516.0,Harle huppé
3924,2025-03-08,CC-BY-NC,https://inaturalist-open-data.s3.amazonaws.com/photos/480994498/medium.jpg,"Tommy Thompson Park, Toronto, ON, CA",43.6474499916,-79.3206765923,624.0,Red-tailed Hawk
5591,2025-04-20,,https://static.inaturalist.org/photos/489059322/medium.jpg,"South Riverdale, Toronto, ON, Canada",43.6491965708,-79.3237503191,31.0,Yellow-bellied Sapsucker
1325,2025-01-30,CC-BY-NC-ND,https://inaturalist-open-data.s3.amazonaws.com/photos/467641768/medium.jpeg,"Colonel Samuel Smith Park, 3145 Lake Shore Blvd W, Etobicoke, ON M8V 4B6, Canada",43.591398,-79.5133857,198.0,American Black Duck
9806,2025-05-11,CC-BY-NC,https://inaturalist-open-data.s3.amazonaws.com/photos/505511698/medium.jpg,"Colonel  Samuel Smith Park, Toronto, ON, Canada",43.5906511232,-79.5131823425,683.0,Grey Catbird
21403,2025-11-11,CC-BY-NC,https://inaturalist-open-data.s3.amazonaws.com/photos/590773953/medium.jpg,"Bayview Village, Toronto, ON, Canada",43.777636267,-79.3704431046,61.0,Winter Wren
4450,2025-04-08,CC-BY-NC,https://inaturalist-open-data.s3.amazonaws.com/photos/484246608/medium.jpeg,"Silverthorn, York, ON, Canada",43.6890613272,-79.4743724324,114.0,House Sparrow
10136,2025-05-18,CC-BY-NC,https://inaturalist-open-data.s3.amazonaws.com/photos/507115556/medium.jpg,"Evergreen Brick Works, 550 Bayview Ave, Toronto, ON M4W 3X8, Canada",43.6843314,-79.3647127,165.0,Purple Martin
19546,2025-10-14,CC-BY-NC,https://inaturalist-open-data.s3.amazonaws.com/photos/580329309/medium.jpg,"Bayview Woods-Steeles, North York, ON, Canada",43.7923773503,-79.3793507546,166.0,Northern Cardinal
6731,2025-04-26,,https://static.inaturalist.org/photos/492630056/medium.jpg,"High Park, Toronto, ON, CA",43.6513666667,-79.4640366667,4.0,Yellow-bellied Sapsucker
13260,2025-06-28,CC-BY-NC,https://inaturalist-open-data.s3.amazonaws.com/photos/528251053/medium.jpg,"East York, ON M4B 2E2, Canada",43.6981289,-79.2940156,110.0,Mallard
6738,2025-04-26,CC-BY-NC,https://inaturalist-open-data.s3.amazonaws.com/photos/492652993/medium.jpg,"High Park Tr, Toronto, ON, CA",43.6491832138,-79.4704227336,3.0,Mallard
8159,2025-05-01,CC-BY-NC,https://inaturalist-open-data.s3.amazonaws.com/photos/499399982/medium.jpg,"Bayview Village, North York, ON, Canada",43.7813178772,-79.3882675693,219.0,Ruby-throated Hummingbird
22619,2025-12-08,CC0,https://inaturalist-open-data.s3.amazonaws.com/photos/598829962/medium.jpg,"Ontario, CA",43.7352826097,-79.2658751556,465.0,Gadwall
10432,2025-05-03,CC-BY-NC,https://inaturalist-open-data.s3.amazonaws.com/photos/508708432/medium.jpg,"Bayview Village, Toronto, ON, Canada",43.777636267,-79.3704431046,61.0,Palm Warbler
17279,2025-09-12,CC-BY-NC,https://inaturalist-open-data.s3.amazonaws.com/photos/567103476/medium.jpg,"Bayview Village, North York, ON, Canada",43.7816488511,-79.3726684514,451.0,Yellow-rumped Warbler
3101,2025-02-05,CC-BY-NC,https://inaturalist-open-data.s3.amazonaws.com/photos/476166261/medium.jpeg,"The Queensway – Humber Bay, Etobicoke, ON, Canada",43.6234058506,-79.4763418997,619.0,Greater Scaup
22159,2025-11-27,CC-BY-NC,https://inaturalist-open-data.s3.amazonaws.com/photos/595442192/medium.jpg,"73 Cardiff Rd, North York, ON M4P 2P4, Canada",43.713027,-79.3841394,179.0,Northern Cardinal
20838,2025-11-02,CC-BY-NC,https://inaturalist-open-data.s3.amazonaws.com/photos/587571758/medium.jpg,"Bayview Village, Toronto, ON, Canada",43.777636267,-79.3704431046,61.0,American Robin
876,2025-01-19,CC-BY-NC,https://inaturalist-open-data.s3.amazonaws.com/photos/464862417/medium.jpeg,"73 Cardiff Rd, North York, ON M4P 2P4, Canada",43.713027,-79.3841394,179.0,American Robin
22599,2025-11-16,CC0,https://inaturalist-open-data.s3.amazonaws.com/photos/598829657/medium.jpg,"Ontario, CA",43.6554970616,-79.3206663465,122.0,House Sparrow
10145,2025-05-18,CC-BY-NC,https://inaturalist-open-data.s3.amazonaws.com/photos/507115913/medium.jpg,"Evergreen Brick Works, 550 Bayview Ave, Toronto, ON M4W 3X8, Canada",43.6843314,-79.3647127,165.0,Baltimore Oriole
12593,2025-06-15,CC-BY-NC,https://inaturalist-open-data.s3.amazonaws.com/photos/521435728/medium.jpg,"Lake Ontario, Toronto, ON, CA",43.630867341,-79.3217586728,489.0,Double-crested Cormorant
4800,2025-04-12,CC-BY-NC,https://inaturalist-open-data.s3.amazonaws.com/photos/486022812/medium.jpg,"High Park, Toronto, ON, CA",43.6427739243,-79.4674160117,410.0,Mallard
14477,2025-07-24,CC-BY-NC,https://inaturalist-open-data.s3.amazonaws.com/photos/541969031/medium.jpg,"165 East Liberty St, Toronto, ON M6K 3K4, Canada",43.638583,-79.417212,4.0,House Sparrow
2976,2025-01-27,CC0,https://inaturalist-open-data.s3.amazonaws.com/photos/475775154/medium.jpg,"Humber Polytechnic, Toronto, ON, CA",43.7261820393,-79.6070716796,44.0,American Crow
18637,2025-09-07,,https://static.inaturalist.org/photos/575138330/medium.jpg,"New Toronto, Etobicoke, ON, Canada",43.5929613877,-79.5115097934,8.0,Ring-billed Gull
1972,2025-02-17,CC-BY-NC,https://inaturalist-open-data.s3.amazonaws.com/photos/471004111/medium.jpg,"Bayview Village, North York, ON, Canada",43.7799612937,-79.3736759975,600.0,Northern Cardinal
2882,2025-03-10,CC-BY-NC,https://inaturalist-open-data.s3.amazonaws.com/photos/475573742/medium.jpg,"Bayview Woods-Steeles, North York, ON, Canada",43.7917320758,-79.3816322555,457.0,Northern Mockingbird
6678,2025-04-26,CC-BY-NC,https://inaturalist-open-data.s3.amazonaws.com/photos/492449550/medium.jpeg,"73 Cardiff Rd, North York, ON M4P 2P4, Canada",43.713027,-79.3841394,179.0,Song Sparrow
17631,2025-09-19,CC-BY-NC,https://inaturalist-open-data.s3.amazonaws.com/photos/569123903/medium.jpg,"Woodbine Beach Dune Ecosystem , Toronto, ON, Canada",43.6598205547,-79.3068802174,1.0,Ruby-crowned Kinglet
18569,2025-09-09,CC-BY,https://inaturalist-open-data.s3.amazonaws.com/photos/574898150/medium.jpg,"The Beaches, Toronto, ON, Canada",43.6764563618,-79.293493944,37.0,Canada Warbler
5745,2025-04-21,,https://static.inaturalist.org/photos/489474376/medium.jpeg,"New Toronto, Etobicoke, ON, Canada",43.5915083333,-79.5134,1.0,Lesser Scaup
4330,2025-03-31,CC-BY-NC,https://inaturalist-open-data.s3.amazonaws.com/photos/483612679/medium.jpeg,"Rouge Park, Beare Wetlands, Toronto, ON, Canada",43.8220057417,-79.1653306409,25.0,Green-winged Teal
3216,2025-03-14,CC-BY-NC,https://inaturalist-open-data.s3.amazonaws.com/photos/476534799/medium.jpg,"Betty Sutherland Tr, Toronto, ON, CA",43.7697688717,-79.3609301128,19.0,Northern Cardinal
17026,2025-09-06,CC-BY-NC,https://inaturalist-open-data.s3.amazonaws.com/photos/565358346/medium.jpg,"Rouge, Scarborough, ON, Canada",43.7943407158,-79.1197637655,15.0,Canada Goose
528,2025-01-09,CC-BY-NC,https://inaturalist-open-data.s3.amazonaws.com/photos/463508761/medium.jpeg,"Colonel  Samuel Smith Park, Toronto, ON, Canada",43.5906511232,-79.5131823425,683.0,Northern Cardinal
21596,2025-11-14,CC-BY,https://inaturalist-open-data.s3.amazonaws.com/photos/591456416/medium.jpg,"New Toronto, Etobicoke, ON, Canada",43.5935463742,-79.5110517142,4.0,Common Goldeneye
22370,2025-12-05,,https://static.inaturalist.org/photos/597525896/medium.jpg,"Corktown Common, Toronto, ON, CA",43.6537166667,-79.3521333333,3.0,Northern Cardinal
984,2025-01-23,CC-BY-NC,https://inaturalist-open-data.s3.amazonaws.com/photos/465646559/medium.jpeg,"The Kingsway, Etobicoke, ON, Canada",43.6475912803,-79.5116521915,910.0,House Sparrow
398,2025-01-08,CC-BY-NC,https://inaturalist-open-data.s3.amazonaws.com/photos/463029281/medium.jpg,"Colonel Samuel Smith Park Dr, Toronto, ON, CA",43.5920796824,-79.5128593373,73.0,White-winged Crossbill
2966,2025-03-08,CC-BY-NC,https://inaturalist-open-data.s3.amazonaws.com/photos/475663910/medium.jpeg,"Bluffers Park, Scarborough, Canada",43.7084487624,-79.2284149165,75.0,Trumpeter Swan
21559,2025-11-13,CC-BY-NC,https://inaturalist-open-data.s3.amazonaws.com/photos/591314029/medium.jpg,"Bayview Village, North York, ON, Canada",43.7809793951,-79.385096426,394.0,Downy Woodpecker
22911,2025-12-18,CC-BY-NC,https://inaturalist-open-data.s3.amazonaws.com/photos/600891307/medium.jpg,"Bayview Village, North York, ON, Canada",43.7796651394,-79.3718306376,489.0,Red-bellied Woodpecker
10065,2025-05-14,CC-BY-NC,https://inaturalist-open-data.s3.amazonaws.com/photos/506601589/medium.jpg,"James Gardens 99 Edenbridge Dr, Etobicoke, ON M9A 3G4, Canada",43.6716852,-79.5142997,182.0,Red-winged Blackbird
9978,2025-05-12,CC-BY-NC,https://inaturalist-open-data.s3.amazonaws.com/photos/506316963/medium.jpg,"Colonel  Samuel Smith Park, Toronto, ON, Canada",43.5906511232,-79.5131823425,683.0,Canada Goose
21274,2025-11-10,CC-BY-NC,https://inaturalist-open-data.s3.amazonaws.com/photos/590173740/medium.jpg,"Woodbine Beach Dune Habitat, Toronto, ON, Canada",43.6592651315,-79.3092920264,4.0,American Tree Sparrow
12140,2025-05-11,CC-BY-NC,https://inaturalist-open-data.s3.amazonaws.com/photos/517897081/medium.jpg,"Ontario, CA",43.701488439,-79.4298418276,89.0,Northern Cardinal
16265,2025-05-30,CC-BY-NC,https://inaturalist-open-data.s3.amazonaws.com/photos/559204978/medium.jpg,"Leaside-Bennington, Toronto, ON, Canada",43.6867720185,-79.3667323532,1.0,Purple Martin
1058,2025-01-26,CC-BY-NC,https://inaturalist-open-data.s3.amazonaws.com/photos/466241178/medium.jpg,"Bayview Village, Toronto, ON, Canada",43.777636267,-79.3704431046,61.0,Northern Cardinal
7915,2025-04-29,CC-BY-NC,https://inaturalist-open-data.s3.amazonaws.com/photos/498594424/medium.jpeg,"Rouge Marsh, Toronto, ON, Canada",43.7924386186,-79.1202740855,10.0,Canada Goose
8058,2025-05-02,CC-BY-NC,https://inaturalist-open-data.s3.amazonaws.com/photos/499039092/medium.jpeg,"Bayview Village, North York, ON, Canada",43.769883643,-79.3612369051,8.0,Mallard
15062,2025-08-04,CC-BY-NC,https://inaturalist-open-data.s3.amazonaws.com/photos/547661494/medium.jpg,"Leaside-Bennington, Toronto, ON, Canada",43.6859296943,-79.3667134499,20.0,Eastern Phoebe
13650,2025-07-03,CC-BY-NC,https://inaturalist-open-data.s3.amazonaws.com/photos/532022812/medium.jpg,"Rouge, Scarborough, ON, Canada",43.8225041695,-79.1665450959,509.0,Mourning Dove
17637,2025-09-19,CC-BY-NC,https://inaturalist-open-data.s3.amazonaws.com/photos/569219759/medium.jpg,"Bayview Village, Toronto, ON, Canada",43.777636267,-79.3704431046,61.0,Yellow-rumped Warbler
10002,2025-05-17,CC-BY-NC,https://inaturalist-open-data.s3.amazonaws.com/photos/506494160/medium.jpg,"South Riverdale, Toronto, ON, Canada",43.6725945957,-79.3309569624,4.0,Tennessee Warbler
11623,2025-06-03,CC-BY-NC,https://inaturalist-open-data.s3.amazonaws.com/photos/515320794/medium.jpg,"Bayview Village, North York, ON, Canada",43.7834028367,-79.3752602711,542.0,Red-winged Blackbird
8114,2025-05-03,CC-BY-NC,https://inaturalist-open-data.s3.amazonaws.com/photos/499310385/medium.jpg,"Ashbridge's Bay Park, Toronto, ON, Canada",43.6601237438,-79.3056215575,4.0,Yellow-breasted Chat
14422,2025-07-23,CC-BY-NC,https://inaturalist-open-data.s3.amazonaws.com/photos/541367738/medium.jpg,"Woodbine Beach Dune Ecosystem , Toronto, ON, Canada",43.6594980243,-79.3077913598,4.0,Common Raven
314,2025-01-08,CC-BY-NC,https://inaturalist-open-data.s3.amazonaws.com/photos/462586476/medium.jpg,"Bridle Path-Sunnybrook-York Mills, Toronto, ON, Canada",43.7302735317,-79.3571613691,418.0,White-breasted Nuthatch
22034,2025-11-24,CC-BY-NC,https://inaturalist-open-data.s3.amazonaws.com/photos/594713503/medium.jpg,"High Park-Swansea, Toronto, ON, Canada",43.650662684,-79.4631301846,8.0,Black-capped Chickadee
1327,2025-01-30,CC-BY-NC-ND,https://inaturalist-open-data.s3.amazonaws.com/photos/467641868/medium.jpeg,"Colonel Samuel Smith Park, 3145 Lake Shore Blvd W, Etobicoke, ON M8V 4B6, Canada",43.591398,-79.5133857,198.0,Greater Scaup
15067,2025-08-04,CC-BY-NC,https://inaturalist-open-data.s3.amazonaws.com/photos/547690191/medium.jpg,"Moran Rd, Toronto, ON, CA",43.7968473349,-79.2762219015,9.0,Red-tailed Hawk
12493,2025-06-13,CC-BY-NC,https://inaturalist-open-data.s3.amazonaws.com/photos/520553025/medium.jpg,"Eglinton Ave W, Toronto, ON, CA",43.7014543032,-79.4217260553,63.0,House Sparrow
21378,2025-11-11,CC-BY-NC,https://inaturalist-open-data.s3.amazonaws.com/photos/590751158/medium.jpg,"Bayview Village, Toronto, ON, Canada",43.777636267,-79.3704431046,61.0,American Goldfinch
21755,2025-11-18,CC-BY-NC,https://inaturalist-open-data.s3.amazonaws.com/photos/592632344/medium.jpg,"Bayview Village, Toronto, ON, Canada",43.777636267,-79.3704431046,61.0,Winter Wren
21745,2025-08-25,CC-BY-NC,https://inaturalist-open-data.s3.amazonaws.com/photos/592452198/medium.jpg,"Downtown Toronto, Toronto, ON, Canada",43.6537519343,-79.3849802922,4.0,Feral Pigeon
14460,2025-07-24,CC-BY-NC,https://inaturalist-open-data.s3.amazonaws.com/photos/541891367/medium.jpg,"Toronto, ON, CA",43.6600287516,-79.3076998406,93.0,Least Sandpiper
19782,2025-10-16,CC-BY-NC,https://inaturalist-open-data.s3.amazonaws.com/photos/581131480/medium.jpg,"Bayview Village, North York, ON, Canada",43.7812599068,-79.3709795151,269.0,Yellow-rumped Warbler
5487,2025-04-19,CC-BY-NC,https://inaturalist-open-data.s3.amazonaws.com/photos/488968337/medium.jpg,"Bayview Village, Toronto, ON, Canada",43.777636267,-79.3704431046,61.0,Northern Cardinal
617,2025-01-07,CC-BY-NC,https://inaturalist-open-data.s3.amazonaws.com/photos/463848214/medium.jpeg,"Colonel  Samuel Smith Park, Toronto, ON, Canada",43.5906511232,-79.5131823425,683.0,Gadwall
2851,2025-03-09,CC-BY-NC,https://inaturalist-open-data.s3.amazonaws.com/photos/475439991/medium.jpeg,"Ontario, CA",43.7502927378,-79.4745983103,304.0,Mourning Dove
13756,2025-07-06,CC-BY-NC,https://inaturalist-open-data.s3.amazonaws.com/photos/533335567/medium.jpg,"Bayview Village, North York, ON, Canada",43.7781824145,-79.3696821366,602.0,Hairy Woodpecker
8522,2025-04-26,CC-BY-NC,https://inaturalist-open-data.s3.amazonaws.com/photos/500538564/medium.jpeg,"Colonel  Samuel Smith Park, Toronto, ON, Canada",43.5906511232,-79.5131823425,683.0,Red-necked Grebe
4792,2025-04-13,CC-BY-NC,https://inaturalist-open-data.s3.amazonaws.com/photos/485955436/medium.jpeg,"South Riverdale, Toronto, ON, Canada",43.6278773172,-79.3254245661,61.0,Lesser Black-backed Gull
17367,2025-09-12,CC-BY-NC,https://inaturalist-open-data.s3.amazonaws.com/photos/567378053/medium.jpg,"Colonel  Samuel Smith Park, Toronto, ON, Canada",43.5906511232,-79.5131823425,683.0,Mallard
14458,2025-07-24,CC-BY-NC,https://inaturalist-open-data.s3.amazonaws.com/photos/541890141/medium.jpg,"Toronto, ON, CA",43.660073373,-79.3078133347,42.0,Lesser Yellowlegs
10598,2025-05-24,CC-BY-NC,https://inaturalist-open-data.s3.amazonaws.com/photos/509628266/medium.jpg,"Toronto, ON, Canada",43.6584851877,-79.3050932862,31.0,Common Loon
21852,2025-11-19,CC-BY-NC,https://inaturalist-open-data.s3.amazonaws.com/photos/593053073/medium.jpg,"Bayview Village, Toronto, ON, Canada",43.777636267,-79.3704431046,61.0,Winter Wren
2647,2025-03-03,CC-BY-NC,https://inaturalist-open-data.s3.amazonaws.com/photos/473885896/medium.jpg,"Cardiff Rd, Toronto, ON, CA",43.7129959,-79.3841547,39.0,Blue Jay
7688,2025-04-30,,https://static.inaturalist.org/photos/497716155/medium.jpg,"Corktown Common, Toronto, ON, CA",43.654625,-79.3528966667,8.0,White-throated Sparrow
3162,2025-03-11,CC-BY-NC,https://inaturalist-open-data.s3.amazonaws.com/photos/476350668/medium.jpeg,"South Riverdale, Toronto, ON, Canada",43.6284979155,-79.3264414208,977.0,American Herring Gull
6338,2025-04-25,CC-BY-NC,https://inaturalist-open-data.s3.amazonaws.com/photos/491787626/medium.jpg,"North Bendale, Scarborough, ON M1H, Canada",43.7689833782,-79.2448140323,463.0,Molothrus ater
22165,2025-11-28,CC-BY-NC,https://inaturalist-open-data.s3.amazonaws.com/photos/595526221/medium.jpg,"Bayview Ave, Toronto, ON, CA",43.8021666667,-79.3938833333,13.0,Slate-coloured Junco
21597,2025-11-14,CC-BY,https://inaturalist-open-data.s3.amazonaws.com/photos/591456426/medium.jpg,"Downsview, North York, ON, Canada",43.741563679,-79.480658029,4.0,Hairy Woodpecker
16183,2025-08-27,CC-BY-NC,https://inaturalist-open-data.s3.amazonaws.com/photos/558588376/medium.jpg,"Ashbridge's Bay Park, Toronto, ON, Canada",43.6571747998,-79.3069848662,8.0,Great Blue Heron
8797,2025-05-06,,https://static.inaturalist.org/photos/501227922/medium.jpg,"Corktown Common, Toronto, ON, CA",43.653325,-79.3527666667,8.0,Palm Warbler
12974,2025-06-22,,https://static.inaturalist.org/photos/525263140/medium.jpg,"Tommy Thompson Park, Toronto, ON, CA",43.64325,-79.32138,10.0,Brown-headed Cowbird
13031,2025-06-20,CC-BY,https://inaturalist-open-data.s3.amazonaws.com/photos/525871215/medium.jpg,"High Park-Swansea, Toronto, ON, Canada",43.6423253324,-79.4668904062,28.0,Blue-winged Teal
4044,2025-04-01,CC-BY-NC,https://inaturalist-open-data.s3.amazonaws.com/photos/481894778/medium.jpg,"Bayview Village, North York, ON, Canada",43.7797907681,-79.3828978012,604.0,Northern Cardinal
14165,2025-07-17,CC-BY-NC,https://inaturalist-open-data.s3.amazonaws.com/photos/538242509/medium.jpg,"Toronto, ON M5H 2N3, Canada",43.6527068848,-79.3834137172,199.0,House Sparrow
13004,2025-06-21,CC-BY,https://inaturalist-open-data.s3.amazonaws.com/photos/525626153/medium.jpg,"Scarborough, ON M1P 3P5, Canada",43.7629911911,-79.2681954056,384.0,American Robin
14567,2025-07-24,CC-BY-NC,https://inaturalist-open-data.s3.amazonaws.com/photos/542854749/medium.jpg,"South Riverdale, Toronto, ON, Canada",43.661358747,-79.3071049833,2.0,Short-billed Dowitcher
16589,2025-09-01,CC-BY-NC,https://inaturalist-open-data.s3.amazonaws.com/photos/561658166/medium.jpg,"Lansing-Westgate, ON, Canada",43.7524880473,-79.4267651118,31.0,Common Grackle
21047,2025-11-06,CC-BY-NC,https://inaturalist-open-data.s3.amazonaws.com/photos/588891083/medium.jpg,"Bayview Village, Toronto, ON, Canada",43.777636267,-79.3704431046,61.0,White-throated Sparrow
18787,2025-05-02,CC-BY-NC,https://inaturalist-open-data.s3.amazonaws.com/photos/576136312/medium.jpg,"Waterloo Ave, Toronto, ON, CA",43.7558298189,-79.4571077251,25.0,American Robin
4207,2025-04-04,CC-BY-NC,https://inaturalist-open-data.s3.amazonaws.com/photos/482820774/medium.jpg,"Goldberry Sq, Toronto, ON, CA",43.7777533333,-79.1527111667,32.0,Mourning Dove
20155,2025-10-22,CC-BY-NC,https://inaturalist-open-data.s3.amazonaws.com/photos/583391770/medium.jpg,"Rouge, Scarborough, ON, Canada",43.7931091854,-79.1213595883,412.0,Great Blue Heron
2314,2025-02-25,CC-BY-NC,https://inaturalist-open-data.s3.amazonaws.com/photos/472605328/medium.jpg,"Scarborough, ON, Canada",43.7088969605,-79.231747209,520.0,Trumpeter Swan
8961,2025-05-07,,https://static.inaturalist.org/photos/501512951/medium.jpeg,"South Riverdale, Toronto, ON, Canada",43.6600364225,-79.3103168267,15.0,Yellow-rumped Warbler
9953,2025-05-10,,https://static.inaturalist.org/photos/506191082/medium.jpg,"Bayview Ave, Toronto, ON, CA",43.6840535342,-79.3665219154,189.0,Scarlet Tanager
16223,2025-08-27,CC-BY-NC,https://inaturalist-open-data.s3.amazonaws.com/photos/558861318/medium.jpg,"Rosetta McClain Gardens, 5 Glen Everest Rd, Scarborough, ON M1N 1J2, Canada",43.6968253,-79.2557466,193.0,Cape May Warbler
4480,2025-04-09,CC-BY-NC,,"Toronto Metropolitan University, Toronto, ON, CA",43.6587252181,-79.3780357564,35.0,House Sparrow
15459,2025-07-08,CC-BY-NC,https://inaturalist-open-data.s3.amazonaws.com/photos/551353668/medium.jpg,"Ward's Island, Toronto, ON, Canada",43.6234805556,-79.360745,14.0,Nannopterum auritum
824,2025-01-18,CC-BY-NC,https://inaturalist-open-data.s3.amazonaws.com/photos/464580025/medium.jpg,"Rouge Beach, Scarborough, ON M1C 2Y9, Canada",43.793354,-79.1183353,184.0,Ring-billed Gull
9946,2025-05-15,CC-BY-NC,https://inaturalist-open-data.s3.amazonaws.com/photos/506103885/medium.jpg,"South Riverdale, Toronto, ON, Canada",43.6726552922,-79.3309053975,4.0,Rose-breasted Grosbeak
15337,2025-05-19,CC-BY-NC,https://inaturalist-open-data.s3.amazonaws.com/photos/550008726/medium.jpg,"South Riverdale, Toronto, ON, Canada",43.6282066626,-79.3253193762,8.0,Bonaparte's Gull
12359,2025-06-11,CC-BY-NC,https://inaturalist-open-data.s3.amazonaws.com/photos/519431472/medium.jpg,Toronto,43.6519546509,-79.3874969482,20.0,Feral Pigeon
19404,2025-10-12,CC0,https://inaturalist-open-data.s3.amazonaws.com/photos/579639551/medium.jpg,"Ontario, CA",43.6553489411,-79.2464657699,135.0,Hermit Thrush
16469,2025-08-31,CC-BY-NC,https://inaturalist-open-data.s3.amazonaws.com/photos/560774777/medium.jpg,"Park Lawn Cemetery, Mausoleum & Cremation Centre, Toronto, ON, CA",43.6455127585,-79.4944401829,63.0,Cooper's Hawk
9318,2025-05-08,CC-BY-NC,https://inaturalist-open-data.s3.amazonaws.com/photos/502948867/medium.jpg,"Rean Park, Toronto, ON, CA",43.7661633333,-79.3812116667,10.0,Black-throated Blue Warbler
5564,2025-04-20,,https://static.inaturalist.org/photos/489058975/medium.jpg,"South Riverdale, Toronto, ON, Canada",43.6491965708,-79.3237503191,31.0,Yellow-rumped Warbler
19319,2025-10-04,CC-BY-NC,https://inaturalist-open-data.s3.amazonaws.com/photos/579518594/medium.jpg,"Rouge Marsh, Toronto, ON, Canada",43.7932653513,-79.1196047815,15.0,Blue Jay
6836,2025-04-26,,https://static.inaturalist.org/photos/493141010/medium.jpeg,"Humber Bay Shores, ON M8V 0J2, Canada",43.6234831146,-79.4799316674,121.0,Mute Swan
4643,2025-04-11,,https://static.inaturalist.org/photos/485288797/medium.jpeg,"Toronto, CA-ON, CA",43.6466800497,-79.4697057456,40.0,Belted Kingfisher
1960,2025-02-15,,https://static.inaturalist.org/photos/470889220/medium.jpeg,"Swansea, Toronto, ON, Canada",43.6356027778,-79.4658166667,1.0,Canada Goose
6382,2025-04-25,CC-BY-NC,https://inaturalist-open-data.s3.amazonaws.com/photos/491832512/medium.jpg,"Bayview Village, North York, ON, Canada",43.7796098389,-79.3701520317,416.0,Song Sparrow
17766,2025-09-21,CC-BY-NC,https://inaturalist-open-data.s3.amazonaws.com/photos/569984472/medium.jpg,"E.T. Seton Park, North York, ON, Canada",43.7164288189,-79.3424488957,8.0,Cooper's Hawk
11463,2025-06-01,CC-BY-NC,https://inaturalist-open-data.s3.amazonaws.com/photos/514318002/medium.jpg,"Lower Reesor Pond, Toronto, ON M1B 5W5, Canada",43.8280937,-79.1899396,175.0,Red-winged Blackbird
18029,2025-08-27,CC-BY-NC,https://inaturalist-open-data.s3.amazonaws.com/photos/571622398/medium.jpg,"Lawrence Ave East at Opposite Walkway to Ridgewood Rd, Rouge, ON M1C 2X2, Canada",43.7862913022,-79.1232796758,141.0,Caspian Tern
18751,2025-10-04,CC-BY-NC,https://inaturalist-open-data.s3.amazonaws.com/photos/575998782/medium.jpg,"Toronto, ON, CA",43.6443761898,-79.3492449239,12.0,Great Blue Heron
5255,2025-04-17,CC-BY-NC,https://inaturalist-open-data.s3.amazonaws.com/photos/488113820/medium.jpeg,"Leaside-Bennington, Toronto, ON, Canada",43.7200283452,-79.3545864555,15.0,White-breasted Nuthatch
22070,2025-11-23,CC-BY-NC,https://inaturalist-open-data.s3.amazonaws.com/photos/594836524/medium.jpg,"Marine Parade Dr at Silver Moon Dr, Etobicoke, ON M8V 0E7, Canada",43.6231112928,-79.4771917909,64.0,Bufflehead
11103,2025-05-27,CC-BY-NC,https://inaturalist-open-data.s3.amazonaws.com/photos/511886882/medium.jpg,"Centennial Scarborough, Scarborough, ON, Canada",43.7707368934,-79.1390891581,31.0,Warbling Vireo
16590,2025-09-02,CC-BY-NC,https://inaturalist-open-data.s3.amazonaws.com/photos/561679227/medium.jpg,"Bayview Village, Toronto, ON, Canada",43.777636267,-79.3704431046,61.0,Mallard
19751,2025-10-16,CC-BY-NC,https://inaturalist-open-data.s3.amazonaws.com/photos/581114573/medium.jpg,"Bayview Village, Toronto, ON, Canada",43.777636267,-79.3704431046,61.0,Black-capped Chickadee
10480,2025-05-15,CC-BY-NC,https://inaturalist-open-data.s3.amazonaws.com/photos/509032540/medium.jpg,"Colonel  Samuel Smith Park, Toronto, ON, Canada",43.5906511232,-79.5131823425,683.0,Black-crowned Night Heron
5329,2025-04-11,CC-BY,https://inaturalist-open-data.s3.amazonaws.com/photos/488374586/medium.jpg,"Toronto Zoo, Toronto, ON, CA",43.8229362202,-79.1859611269,44.0,American Robin
285,2025-01-06,CC-BY-NC,https://inaturalist-open-data.s3.amazonaws.com/photos/462391271/medium.jpeg,"Toronto, ON M4M 2Z4, Canada",43.6695935021,-79.3364063278,730.0,Hairy Woodpecker
12879,2025-06-07,CC-BY-NC,https://inaturalist-open-data.s3.amazonaws.com/photos/524177822/medium.jpg,"Parkwoods-O'Connor Hills, ON, Canada",43.7467240444,-79.3288951138,15.0,American Robin
6103,2025-04-25,CC-BY-NC,https://inaturalist-open-data.s3.amazonaws.com/photos/491329423/medium.jpg,"Colonel Samuel Smith Park Dr, Toronto, ON, CA",43.5917729186,-79.5142263082,3.0,Tree Swallow
16515,2025-09-01,CC-BY-NC,https://inaturalist-open-data.s3.amazonaws.com/photos/561150247/medium.jpg,"East Danforth, Toronto, ON, Canada",43.6809750306,-79.3155240351,8.0,Least Flycatcher
18479,2025-09-29,CC-BY-NC,https://static.inaturalist.org/photos/573904024/medium.jpg,"Rouge, Scarborough, ON, Canada",43.8196499457,-79.1708182705,870.0,Blue-headed Vireo
20858,2025-11-02,CC-BY-NC,https://inaturalist-open-data.s3.amazonaws.com/photos/587762482/medium.jpg,"Toronto, ON, CA",43.6933133333,-79.3931416667,4.0,Dark-eyed Junco
14374,2025-07-21,,https://static.inaturalist.org/photos/540524419/medium.jpg,"York University Heights, North York, ON, Canada",43.7715736182,-79.5053900797,4.0,American Kestrel
10201,2025-05-16,,https://static.inaturalist.org/photos/507607097/medium.jpg,"Birch Cliff, Scarborough, ON, Canada",43.696221887,-79.2557577929,15.0,Black-throated Green Warbler
12572,2025-06-15,CC-BY-NC,https://inaturalist-open-data.s3.amazonaws.com/photos/521312379/medium.jpg,"Toronto, ON M6P 2V3, Canada",43.6604623032,-79.4703920558,17.0,American Robin
17732,2025-09-19,CC-BY-NC,https://inaturalist-open-data.s3.amazonaws.com/photos/569751876/medium.jpg,"Colonel  Samuel Smith Park, Toronto, ON, Canada",43.5906511232,-79.5131823425,683.0,Eastern Phoebe
5162,2025-04-17,CC-BY-NC,https://inaturalist-open-data.s3.amazonaws.com/photos/487846934/medium.jpeg,"The Beaches, Toronto, ON, Canada",43.6782107813,-79.2934991876,2.0,Winter Wren
20237,2025-10-23,CC-BY-NC,https://inaturalist-open-data.s3.amazonaws.com/photos/583764879/medium.jpg,"Bayview Village, Toronto, ON, Canada",43.777636267,-79.3704431046,61.0,Song Sparrow
3390,2025-03-18,CC-BY-NC,https://inaturalist-open-data.s3.amazonaws.com/photos/477605811/medium.jpeg,"Toronto, ON M4L 3Y2, Canada",43.6660531416,-79.3075477704,4.0,Song Sparrow
23259,2025-05-20,CC-BY,https://inaturalist-open-data.s3.amazonaws.com/photos/602844412/medium.jpg,"South Riverdale, Toronto, ON, Canada",43.6502506284,-79.3241489797,384.0,Blue-headed Vireo
20907,2025-10-18,CC0,https://inaturalist-open-data.s3.amazonaws.com/photos/588001122/medium.jpg,"Ontario, CA",43.7156432727,-79.1118634258,187.0,Mallard
15412,2025-08-10,CC-BY-NC,https://inaturalist-open-data.s3.amazonaws.com/photos/550689891/medium.jpg,"HFVP+MC, Toronto, ON M8V 4B6, Canada",43.5929523399,-79.5116611943,26.0,Great Blue Heron
5596,2025-04-20,,https://static.inaturalist.org/photos/489059424/medium.jpg,"South Riverdale, Toronto, ON, Canada",43.6491965708,-79.3237503191,31.0,Swamp Sparrow
6957,2025-04-27,,https://static.inaturalist.org/photos/493937240/medium.jpg,"High Park-Swansea, Toronto, ON, Canada",43.6461441841,-79.4695803508,8.0,Mute Swan
5809,2025-04-22,,https://static.inaturalist.org/photos/489891336/medium.jpg,"Corktown Common, Toronto, ON, CA",43.6534883333,-79.3516083333,10.0,Chipping Sparrow
13716,2025-07-07,CC-BY-NC,https://inaturalist-open-data.s3.amazonaws.com/photos/532873215/medium.jpg,"Cardiff Rd, Toronto, ON, CA",43.7130216667,-79.3840116667,17.0,Black-capped Chickadee
23521,2025-12-29,CC-BY-NC,https://inaturalist-open-data.s3.amazonaws.com/photos/604065766/medium.jpg,"North York, ON M3K 2C5, Canada",43.7427536812,-79.4810491428,54.0,Red-tailed Hawk
22022,2025-10-04,CC-BY-NC,https://inaturalist-open-data.s3.amazonaws.com/photos/594588769/medium.jpg,"Commissioners St at Munition St, Toronto, ON M5A 1A6, Canada",43.6448337662,-79.3492963538,25.0,Great Blue Heron
22916,2025-11-11,CC-BY-NC,https://inaturalist-open-data.s3.amazonaws.com/photos/600912085/medium.jpg,"Downsview, North York, ON, Canada",43.7429192995,-79.4832793975,4.0,Yellow-rumped Warbler
7438,2025-04-25,CC-BY-NC,https://inaturalist-open-data.s3.amazonaws.com/photos/496326778/medium.jpeg,"Centennial Park, Etobicoke, ON, Canada",43.6555382176,-79.5918674453,488.0,Brown-headed Cowbird
14849,2025-08-01,,https://static.inaturalist.org/photos/545806753/medium.jpg,"Carlton St, Toronto, ON, CA",43.663605,-79.3716666667,4.0,House Sparrow
1871,2025-02-15,CC-BY-NC,https://inaturalist-open-data.s3.amazonaws.com/photos/470514984/medium.jpeg,"Toronto, ON, Canada",43.5900363838,-79.5185525999,51.0,Tufted Duck
3313,2025-03-13,CC-BY-NC,https://inaturalist-open-data.s3.amazonaws.com/photos/476974287/medium.jpeg,"Rouge Marsh, Toronto, ON, Canada",43.7943096034,-79.1191705534,4.0,House Sparrow
15656,2025-02-26,CC-BY,https://inaturalist-open-data.s3.amazonaws.com/photos/553381615/medium.jpg,"High Park-Swansea, Toronto, ON, Canada",43.6445229774,-79.4667674801,30.0,Red-breasted Nuthatch
21607,2025-11-15,,https://static.inaturalist.org/photos/591647889/medium.jpg,"Culford Rd at Ridge Point Cres, North York, ON M6M 2Z8, Canada",43.70249883,-79.48911144,7.0,Hairy Woodpecker
20220,2025-09-17,CC-BY-NC,https://inaturalist-open-data.s3.amazonaws.com/photos/583667345/medium.jpg,"Humbermede, North York, ON, Canada",43.7420856951,-79.5462934753,2.0,Merlin
2609,2025-03-02,CC-BY-NC,https://inaturalist-open-data.s3.amazonaws.com/photos/473645375/medium.jpeg,"Sherwood Park, Toronto, ON, Canada",43.7130443441,-79.3841599253,15.0,American Tree Sparrow
19568,2025-09-28,CC-BY-NC,https://inaturalist-open-data.s3.amazonaws.com/photos/580322957/medium.jpg,"Ontario, CA",43.4630932875,-79.4515432442,30.0,White-throated Sparrow
14073,2025-06-27,CC0,https://inaturalist-open-data.s3.amazonaws.com/photos/537049998/medium.jpg,"Ontario, CA",43.6225741149,-79.0891999051,183.0,Northern Cardinal
15142,2025-08-06,,https://static.inaturalist.org/photos/548483345/medium.jpg,"Ontario, CA",43.470560995,-79.4184870096,5.0,Red-tailed Hawk
17103,2025-09-12,CC-BY-NC,https://inaturalist-open-data.s3.amazonaws.com/photos/565851787/medium.jpg,"Toronto, ON, CA",43.8194283333,-79.181645,5.0,Canada Goose
6703,2025-04-26,,https://static.inaturalist.org/photos/492556258/medium.jpg,"High Park, Toronto, ON, CA",43.6431966667,-79.4581383333,3.0,Red-winged Blackbird
23117,2025-12-24,,https://static.inaturalist.org/photos/602393170/medium.jpg,"High Park-Swansea, Toronto, ON, Canada",43.6419083551,-79.4622768398,15.0,Northern Cardinal
22369,2025-12-02,CC-BY-NC,https://inaturalist-open-data.s3.amazonaws.com/photos/597448873/medium.jpg,"Black Creek Tr, Toronto, ON, CA",43.76197,-79.5082466667,3.0,Mallard
5494,2025-04-20,CC-BY-NC,https://inaturalist-open-data.s3.amazonaws.com/photos/488974765/medium.jpg,"Bayview Village, Toronto, ON, Canada",43.777636267,-79.3704431046,61.0,Ruby-crowned Kinglet
20427,2025-10-27,,https://static.inaturalist.org/photos/585491696/medium.jpg,"York University Heights, North York, ON, Canada",43.7712823852,-79.4988313772,40.0,White-throated Sparrow
1764,2025-02-14,,https://static.inaturalist.org/photos/470093142/medium.jpg,"Great Lakes Waterfront Tr, Toronto, ON, CA",43.5927166667,-79.51223,8.0,American Robin
16401,2025-08-30,CC-BY-NC,,"Toronto, ON M4M 3M2, Canada",43.6224525899,-79.3345971778,4.0,Killdeer
18461,2025-09-23,CC-BY-NC,https://inaturalist-open-data.s3.amazonaws.com/photos/573794212/medium.jpg,"Downtown Toronto, Toronto, ON, Canada",43.6377305556,-79.3832777778,14.0,Ring-billed Gull
13616,2025-07-05,CC-BY-NC,https://inaturalist-open-data.s3.amazonaws.com/photos/531861053/medium.jpg,"Colonel Samuel Smith Park, 3145 Lake Shore Blvd W, Etobicoke, ON M8V 4B6, Canada",43.591398,-79.5133857,198.0,Cliff Swallow
14091,2025-07-14,CC-BY-NC,https://inaturalist-open-data.s3.amazonaws.com/photos/537102825/medium.jpg,"Antibes Dr, Toronto, ON, CA",43.7802633333,-79.4461966667,9.0,Chipping Sparrow
19849,2025-10-04,CC-BY-NC,https://inaturalist-open-data.s3.amazonaws.com/photos/581680139/medium.jpg,"Toronto, ON, CA",43.6453288794,-79.3491942623,4.0,House Sparrow
3071,2025-03-12,CC-BY-NC,https://inaturalist-open-data.s3.amazonaws.com/photos/476082165/medium.jpeg,"The Beaches, Toronto, ON, Canada",43.6780793267,-79.2931669989,8.0,Carolina Wren
17736,2025-09-19,CC-BY-NC,https://inaturalist-open-data.s3.amazonaws.com/photos/569754702/medium.jpg,"Colonel  Samuel Smith Park, Toronto, ON, Canada",43.5906511232,-79.5131823425,683.0,Great Blue Heron
8119,2025-04-28,CC-BY-NC,https://inaturalist-open-data.s3.amazonaws.com/photos/499315554/medium.jpeg,"Colonel  Samuel Smith Park, Toronto, ON, Canada",43.5906511232,-79.5131823425,683.0,Lesser Scaup
20347,2025-10-24,CC-BY-NC,https://inaturalist-open-data.s3.amazonaws.com/photos/584773946/medium.jpg,"Bayview Village, North York, ON, Canada",43.7817049613,-79.3720094533,400.0,White-crowned Sparrow
16922,2025-09-02,CC0,https://inaturalist-open-data.s3.amazonaws.com/photos/564731450/medium.jpg,"Ontario, CA",43.6527289049,-79.3086225899,197.0,Ring-billed Gull
16715,2025-08-31,CC-BY,https://inaturalist-open-data.s3.amazonaws.com/photos/562449781/medium.jpg,"New Toronto, Etobicoke, ON, Canada",43.5930451372,-79.5134856376,599.0,Downy Woodpecker
903,2025-01-20,CC-BY-NC,https://inaturalist-open-data.s3.amazonaws.com/photos/465042678/medium.jpg,"Bayview Village, North York, ON, Canada",43.7777369719,-79.3703840961,61.0,Hermit Thrush
23371,2025-12-27,CC-BY-NC,https://inaturalist-open-data.s3.amazonaws.com/photos/603072187/medium.jpg,"Toronto, ON, Canada",43.5904344086,-79.5132354747,372.0,American Tree Sparrow
19416,2025-10-12,,https://static.inaturalist.org/photos/579826649/medium.jpg,"Humber Bay Park East, Toronto, ON, CA",43.6231916667,-79.4720916667,6.0,Northern Cardinal
19131,2025-10-09,CC-BY-NC,https://inaturalist-open-data.s3.amazonaws.com/photos/578272798/medium.jpg,"W Humber Tr, Toronto, ON, CA",43.7281826092,-79.5809350257,3.0,Canada Goose
18227,2025-09-26,CC-BY-NC,https://inaturalist-open-data.s3.amazonaws.com/photos/572442097/medium.jpg,"Woodbine Beach Dune Habitat, Toronto, ON, Canada",43.659859764,-79.3086522521,15.0,Killdeer
18630,2025-09-30,CC0,https://inaturalist-open-data.s3.amazonaws.com/photos/575118689/medium.jpg,"Ontario, CA",43.6741320867,-79.3687278087,246.0,Dark-eyed Junco
2282,2025-02-25,CC-BY-NC,https://inaturalist-open-data.s3.amazonaws.com/photos/472604370/medium.jpg,"Scarborough, ON, Canada",43.7088969605,-79.231747209,520.0,Redhead
15983,2025-08-21,CC-BY-NC,https://inaturalist-open-data.s3.amazonaws.com/photos/556906705/medium.jpg,"Bayview Village, North York, ON, Canada",43.7822404793,-79.3750296255,730.0,Wood Duck
7086,2025-04-26,CC-BY-NC,https://inaturalist-open-data.s3.amazonaws.com/photos/494509499/medium.jpeg,"Bridle Path-Sunnybrook-York Mills, Toronto, ON, Canada",43.7266063031,-79.3562028238,100.0,Black-capped Chickadee
22324,2025-12-03,CC-BY-NC,https://inaturalist-open-data.s3.amazonaws.com/photos/596979534/medium.jpg,"Cardiff Rd, Toronto, ON, CA",43.7130077364,-79.3839769086,39.0,Blue Jay
17632,2025-09-19,CC-BY-NC,https://inaturalist-open-data.s3.amazonaws.com/photos/569123900/medium.jpg,"Woodbine Beach Dune Ecosystem , Toronto, ON, Canada",43.6596597086,-79.3067452363,1.0,White-crowned Sparrow
3007,2025-03-11,,https://static.inaturalist.org/photos/475885626/medium.jpg,"Corktown Common, Toronto, ON, CA",43.65422,-79.3527916667,4.0,White-throated Sparrow
15123,2025-08-04,CC-BY-NC,https://inaturalist-open-data.s3.amazonaws.com/photos/548211727/medium.jpg,"Bayview Village, Toronto, ON, Canada",43.777636267,-79.3704431046,483.0,Wood Duck
10704,2025-05-24,CC-BY-NC,https://inaturalist-open-data.s3.amazonaws.com/photos/509994059/medium.jpg,"Ashbridges Bay Park, Toronto, ON, CA",43.6586202836,-79.306379959,24.0,Red-breasted Nuthatch
15708,2025-08-16,CC-BY-NC,https://inaturalist-open-data.s3.amazonaws.com/photos/553690716/medium.jpg,"Bayview Village, North York, ON, Canada",43.7831514154,-79.3834778954,657.0,House Sparrow
8963,2025-05-07,,https://static.inaturalist.org/photos/501512959/medium.jpeg,"South Riverdale, Toronto, ON, Canada",43.6605564585,-79.3116681533,8.0,Yellow-rumped Warbler
19647,2025-10-15,CC-BY-NC,https://inaturalist-open-data.s3.amazonaws.com/photos/580759611/medium.jpg,"Bayview Woods-Steeles, North York, ON, Canada",43.7994951897,-79.3825163691,933.0,Rusty Blackbird
10542,2025-05-23,CC-BY-NC,https://inaturalist-open-data.s3.amazonaws.com/photos/509392112/medium.jpg,"Bayview Village, Toronto, ON, Canada",43.777636267,-79.3704431046,61.0,Swainson's Thrush
5877,2025-04-22,CC-BY-NC,https://inaturalist-open-data.s3.amazonaws.com/photos/490128073/medium.jpg,"Bayview Village, North York, ON, Canada",43.7814960364,-79.388696724,219.0,Dark-eyed Junco
15293,2025-04-20,CC-BY-NC,https://inaturalist-open-data.s3.amazonaws.com/photos/549983151/medium.jpg,"Toronto, ON, Canada",43.5900421162,-79.5168822205,15.0,Western Grebe
5901,2025-04-23,CC-BY-NC,https://inaturalist-open-data.s3.amazonaws.com/photos/490287465/medium.jpg,"Don Valley Brick Works, Toronto, ON, CA",43.6860986496,-79.3656739209,314.0,Double-crested Cormorant
16475,2025-08-31,CC-BY-NC,https://inaturalist-open-data.s3.amazonaws.com/photos/560951333/medium.jpg,"Armdale, Scarborough, ON, Canada",43.8268690833,-79.2496016631,13.0,American Herring Gull
17837,2025-09-21,CC-BY-NC,https://inaturalist-open-data.s3.amazonaws.com/photos/570142854/medium.jpg,"Rockcliffe-Smythe, York, ON, Canada",43.6699378946,-79.4967449597,29.0,House Sparrow
1767,2025-02-14,CC-BY-NC,https://inaturalist-open-data.s3.amazonaws.com/photos/470097798/medium.jpg,"Bayview Village, North York, ON, Canada",43.7807355173,-79.3819543931,688.0,Northern Cardinal
21535,2025-11-13,CC-BY-NC,https://inaturalist-open-data.s3.amazonaws.com/photos/591313567/medium.jpg,"Bayview Village, North York, ON, Canada",43.7820227937,-79.3747671207,685.0,American Robin
3829,2025-03-21,CC-BY-NC,https://inaturalist-open-data.s3.amazonaws.com/photos/479931165/medium.jpeg,"Rouge Marsh, Toronto, ON, Canada",43.793019168,-79.1213626153,100.0,Ring-necked Duck
12124,2025-06-08,CC-BY-NC,https://inaturalist-open-data.s3.amazonaws.com/photos/517857570/medium.jpg,"MM4R+GR, Toronto, ON M4L 3W6, Canada",43.6568044864,-79.3073640391,21.0,Red-winged Blackbird
14737,2025-07-21,CC0,https://inaturalist-open-data.s3.amazonaws.com/photos/544665233/medium.jpg,"David A. Balfour Park, Toronto, ON, Canada",43.6873913671,-79.3878320767,31.0,American Goldfinch
9463,2025-04-27,,https://static.inaturalist.org/photos/503612327/medium.jpg,"Toronto, ON, CA",43.5925230671,-79.5120847067,401.0,White-throated Sparrow
11461,2025-06-01,,https://static.inaturalist.org/photos/514303091/medium.jpg,"Toronto, CA-ON, CA",43.6393622715,-79.3766116351,4.0,House Sparrow
10051,2025-05-14,CC-BY-NC,https://inaturalist-open-data.s3.amazonaws.com/photos/506597692/medium.jpg,"Colonel  Samuel Smith Park, Toronto, ON, Canada",43.5906511232,-79.5131823425,683.0,Northern Yellow Warbler
2623,2025-03-01,,https://static.inaturalist.org/photos/473644550/medium.jpg,"High Park-Swansea, Toronto, ON, Canada",43.6456814575,-79.4687478784,31.0,White-breasted Nuthatch
9867,2025-05-16,,https://static.inaturalist.org/photos/505764174/medium.jpg,"Toronto, ON, CA",43.6874342769,-79.3671432147,362.0,Warbling Vireo
16819,2025-08-28,CC-BY-NC,https://inaturalist-open-data.s3.amazonaws.com/photos/563368225/medium.jpg,"Bayview Village, North York, ON, Canada",43.7817234335,-79.3887128884,320.0,House Sparrow
22082,2025-10-10,CC-BY-NC,https://inaturalist-open-data.s3.amazonaws.com/photos/594954917/medium.jpg,High Park,43.646506,-79.469191,24.0,Wood Duck
7847,2025-04-27,,https://static.inaturalist.org/photos/498249008/medium.jpg,"Toronto, ON, Canada",43.5918030396,-79.5104798781,31.0,Ring-billed Gull
18242,2025-09-26,CC-BY-NC,https://inaturalist-open-data.s3.amazonaws.com/photos/572489703/medium.jpg,"St Lawrence-East Bayfront-The Islands, Toronto, ON, Canada",43.6536980208,-79.352430966,8.0,Yellow-bellied Sapsucker
23131,2025-12-24,CC-BY-NC,https://inaturalist-open-data.s3.amazonaws.com/photos/602408412/medium.jpg,"73 Cardiff Rd, North York, ON M4P 2P4, Canada",43.713027,-79.3841394,179.0,Red-bellied Woodpecker
561,2025-01-09,CC-BY-NC,https://inaturalist-open-data.s3.amazonaws.com/photos/463566773/medium.jpeg,"Colonel  Samuel Smith Park, Toronto, ON, Canada",43.5906511232,-79.5131823425,683.0,Greater Scaup
11647,2025-06-03,,https://static.inaturalist.org/photos/515368310/medium.jpg,"Corktown Common, Toronto, ON, CA",43.654295,-79.3527133333,13.0,Warbling Vireo
15751,2025-08-17,CC-BY-NC,https://inaturalist-open-data.s3.amazonaws.com/photos/554041790/medium.jpg,"73 Cardiff Rd, North York, ON M4P 2P4, Canada",43.713027,-79.3841394,179.0,Northern Cardinal
1688,2025-02-09,CC-BY-NC,https://inaturalist-open-data.s3.amazonaws.com/photos/469626839/medium.jpeg,"The Queensway – Humber Bay, Etobicoke, ON, Canada",43.6234561746,-79.4765041396,29.0,Mute Swan
15979,2025-08-21,CC-BY-NC,https://inaturalist-open-data.s3.amazonaws.com/photos/556904344/medium.jpg,"Bayview Village, North York, ON, Canada",43.7822404793,-79.3750296255,730.0,Hairy Woodpecker
7501,2025-04-28,CC-BY-NC,https://inaturalist-open-data.s3.amazonaws.com/photos/496729784/medium.jpg,"Bayview Woods-Steeles, North York, ON, Canada",43.8010678663,-79.3812160948,272.0,Downy Woodpecker
23275,2025-05-24,CC-BY,https://inaturalist-open-data.s3.amazonaws.com/photos/602847692/medium.jpg,"South Riverdale, Toronto, ON, Canada",43.6613214443,-79.307200363,121.0,Franklin's Gull
4971,2025-04-14,CC-BY-NC,https://inaturalist-open-data.s3.amazonaws.com/photos/486579854/medium.jpg,"Bridle Path-Sunnybrook-York Mills, Toronto, ON, Canada",43.7255675317,-79.3528828392,841.0,Mallard
6501,2025-04-25,CC-BY-NC,https://inaturalist-open-data.s3.amazonaws.com/photos/491928642/medium.jpg,"Toronto, ON, Canada",43.694081704,-79.2564225199,474.0,Dark-eyed Junco
6998,2025-04-27,CC-BY-NC,https://inaturalist-open-data.s3.amazonaws.com/photos/494160190/medium.jpg,"Betty Sutherland Tr, Toronto, ON, CA",43.7641676109,-79.3546341006,11.0,Canada Goose
20784,2025-10-23,CC-BY-NC,https://inaturalist-open-data.s3.amazonaws.com/photos/587357417/medium.jpg,"Rouge Marsh, Toronto, ON, Canada",43.7930908051,-79.1211641318,31.0,Double-crested Cormorant
23410,2025-12-28,CC-BY-NC,https://inaturalist-open-data.s3.amazonaws.com/photos/603438207/medium.jpg,"Bayview Village, North York, ON, Canada",43.7795721839,-79.3718520953,572.0,Northern Cardinal
9345,2025-05-10,,https://static.inaturalist.org/photos/503056445/medium.jpg,"Queen's Park Cres E, Toronto, ON, CA",43.665305,-79.392805,4.0,Red-tailed Hawk
1504,2025-02-04,CC-BY-NC,https://inaturalist-open-data.s3.amazonaws.com/photos/468759029/medium.jpeg,"The Kingsway, Etobicoke, ON, Canada",43.6474670662,-79.5118023952,935.0,House Sparrow
6828,2025-04-03,CC-BY-NC,https://inaturalist-open-data.s3.amazonaws.com/photos/493099507/medium.jpg,"Downsview, North York, ON, Canada",43.7427960071,-79.4813368811,8.0,Hairy Woodpecker
18253,2025-09-26,CC-BY-NC,https://inaturalist-open-data.s3.amazonaws.com/photos/572623862/medium.jpg,"Bayview Village, North York, ON, Canada",43.7872638606,-79.3765191767,309.0,Northern Cardinal
5307,2025-04-03,CC-BY-NC,https://inaturalist-open-data.s3.amazonaws.com/photos/488347385/medium.jpeg,"East End-Danforth, Toronto, ON, Canada",43.6849867187,-79.3066250906,100.0,Song Sparrow
17011,2025-09-09,CC-BY-NC,https://inaturalist-open-data.s3.amazonaws.com/photos/565262943/medium.jpg,"Bayview Village, North York, ON, Canada",43.7815397103,-79.3727747752,470.0,Common Yellowthroat
1601,2025-02-09,CC-BY-NC,https://inaturalist-open-data.s3.amazonaws.com/photos/469077441/medium.jpg,"Cardiff Rd, Toronto, ON, CA",43.7130432456,-79.3839886054,39.0,Northern Cardinal
8892,2025-05-06,CC-BY-NC,https://inaturalist-open-data.s3.amazonaws.com/photos/501445817/medium.jpg,"Bayview Village, North York, ON, Canada",43.7814457029,-79.3719517441,360.0,Black-throated Blue Warbler
8863,2025-04-27,CC-BY-NC,https://inaturalist-open-data.s3.amazonaws.com/photos/501411666/medium.jpeg,"Colonel  Samuel Smith Park, Toronto, ON, Canada",43.5906511232,-79.5131823425,683.0,Red-necked Grebe
17187,2025-09-13,CC-BY-NC,https://inaturalist-open-data.s3.amazonaws.com/photos/566437447/medium.jpg,"Tommy Thompson Park, Toronto, ON, CA",43.6436904114,-79.3215974267,52.0,Cooper's Hawk
1172,2025-01-23,CC-BY-NC,https://inaturalist-open-data.s3.amazonaws.com/photos/467064759/medium.jpeg,"The Kingsway, Etobicoke, ON, Canada",43.647482593,-79.5116092762,909.0,Northern Cardinal
9792,2025-05-15,CC-BY-NC,https://inaturalist-open-data.s3.amazonaws.com/photos/505433328/medium.jpg,"Downsview, North York, ON, Canada",43.7414316114,-79.4772399478,36.0,Savannah Sparrow
13370,2025-06-30,CC-BY-NC,https://inaturalist-open-data.s3.amazonaws.com/photos/529373461/medium.jpg,"Ontario, CA",43.5170200033,-79.41033631,117.0,Great Blue Heron
3753,2025-03-24,CC-BY-NC,https://inaturalist-open-data.s3.amazonaws.com/photos/479420590/medium.jpeg,Toronto,43.7004890442,-79.3321151733,10.0,Turkey Vulture
10180,2025-05-19,CC-BY-NC,https://inaturalist-open-data.s3.amazonaws.com/photos/507567706/medium.jpg,"North York, ON M3B 1Z5, Canada",43.7640984816,-79.3525679782,117.0,Eastern Wood-Pewee
3106,2025-03-12,CC-BY-NC,https://inaturalist-open-data.s3.amazonaws.com/photos/476167091/medium.jpeg,"73 Cardiff Rd, North York, ON M4P 2P4, Canada",43.713027,-79.3841394,179.0,White-breasted Nuthatch
18210,2025-09-25,CC-BY-NC,https://inaturalist-open-data.s3.amazonaws.com/photos/572436008/medium.jpg,"Bayview Village, North York, ON, Canada",43.7816030638,-79.3884775002,598.0,Blue Jay
22411,2025-12-07,CC-BY-NC,https://inaturalist-open-data.s3.amazonaws.com/photos/598050441/medium.jpg,"Ashbridges Bay Park, Toronto, ON, Canada",43.6588502744,-79.3122099422,2.0,Lesser Scaup
14272,2025-07-19,CC-BY-NC,https://inaturalist-open-data.s3.amazonaws.com/photos/539314550/medium.jpg,"Wellesley St W, Toronto, ON, CA",43.66412,-79.392325,3.0,Red-tailed Hawk
4070,2025-04-01,CC-BY-NC,https://inaturalist-open-data.s3.amazonaws.com/photos/481954330/medium.jpeg,"High Park-Swansea, Toronto, ON, Canada",43.6422715161,-79.4632861808,24.0,Northern Cardinal
3351,2025-03-16,CC-BY-NC,https://inaturalist-open-data.s3.amazonaws.com/photos/477204715/medium.jpeg,"73 Cardiff Rd, North York, ON M4P 2P4, Canada",43.713027,-79.3841394,179.0,Common Grackle
10593,2025-05-06,CC-BY-NC,https://inaturalist-open-data.s3.amazonaws.com/photos/509499212/medium.jpg,"Deer Pen Rd, Toronto, ON, CA",43.6434383333,-79.4585116667,1.0,Wood Duck
12802,2025-06-17,CC-BY-NC,https://inaturalist-open-data.s3.amazonaws.com/photos/523396452/medium.jpg,"Bayview Village, North York, ON, Canada",43.7817737793,-79.3863310287,437.0,Red-bellied Woodpecker
5048,2025-04-15,CC-BY,https://inaturalist-open-data.s3.amazonaws.com/photos/487069815/medium.png,"South Riverdale, Toronto, ON, Canada",43.6574115206,-79.3055119664,113.0,Song Sparrow
434,2025-01-09,CC-BY-NC,https://inaturalist-open-data.s3.amazonaws.com/photos/463245090/medium.jpeg,"Colonel  Samuel Smith Park, Toronto, ON, Canada",43.5906511232,-79.5131823425,683.0,Ring-billed Gull
6565,2025-04-25,CC-BY-NC,https://inaturalist-open-data.s3.amazonaws.com/photos/491988081/medium.jpeg,"Colonel  Samuel Smith Park, Toronto, ON, Canada",43.5906511232,-79.5131823425,683.0,Tree Swallow
544,2025-01-09,CC-BY-NC,https://inaturalist-open-data.s3.amazonaws.com/photos/463517240/medium.jpeg,"Colonel  Samuel Smith Park, Toronto, ON, Canada",43.5906511232,-79.5131823425,683.0,Greater Scaup
4281,2025-04-05,CC-BY-NC,https://inaturalist-open-data.s3.amazonaws.com/photos/483319709/medium.jpeg,"Evergreen Brick Works, 550 Bayview Ave, Toronto, ON M4W 3X8, Canada",43.6843314,-79.3647127,165.0,American Robin
19048,2025-10-04,CC0,https://inaturalist-open-data.s3.amazonaws.com/photos/578082568/medium.jpg,"Ontario, CA",43.7692558604,-79.3225811046,205.0,House Sparrow
5094,2025-04-16,,https://static.inaturalist.org/photos/487264557/medium.jpeg,"South Riverdale, Toronto, ON, Canada",43.6325457898,-79.323736444,61.0,Neotropic Cormorant
6980,2025-04-27,,https://static.inaturalist.org/photos/494080141/medium.jpeg,"Centennial Park Picnic area 8, Park, Toronto, ON M9C 3S2, Canada",43.6483013843,-79.5930709317,491.0,Green Heron
5157,2025-04-12,CC0,https://inaturalist-open-data.s3.amazonaws.com/photos/487827884/medium.jpg,"Sewells Rd, Toronto, ON, CA",43.8278883333,-79.1991116667,14.0,Bank Swallow
4649,2025-04-11,,https://static.inaturalist.org/photos/485296484/medium.jpeg,"High Park-Swansea, Toronto, ON, Canada",43.6449414879,-79.4685802236,74.0,American Tree Sparrow
9136,2025-05-08,CC-BY-NC,https://inaturalist-open-data.s3.amazonaws.com/photos/502097415/medium.jpg,"Bayview Village, Toronto, ON, Canada",43.777636267,-79.3704431046,61.0,Northern Yellow Warbler
10539,2025-05-23,CC-BY-NC,https://inaturalist-open-data.s3.amazonaws.com/photos/509390226/medium.jpg,"Woodbine Beach, Toronto, ON, Canada",43.6618609604,-79.3067495347,15.0,Lesser Black-backed Gull
19209,2025-10-11,CC-BY-NC,https://inaturalist-open-data.s3.amazonaws.com/photos/578841370/medium.jpg,"New College, Toronto, ON, CA",43.6619407939,-79.4007839282,15.0,Ovenbird
8687,2025-04-26,CC-BY-NC,https://inaturalist-open-data.s3.amazonaws.com/photos/500792986/medium.jpeg,"Colonel  Samuel Smith Park, Toronto, ON, Canada",43.5906511232,-79.5131823425,683.0,Downy Woodpecker
1245,2025-01-27,CC-BY-NC,https://inaturalist-open-data.s3.amazonaws.com/photos/467493871/medium.jpeg,"Edenbridge-Humber Valley, Etobicoke, ON, Canada",43.6698827207,-79.5118203632,117.0,Common Merganser
23822,2025-05-19,CC-BY-NC,https://inaturalist-open-data.s3.amazonaws.com/photos/610796003/medium.jpg,"South Riverdale, Toronto, ON, Canada",43.6489150908,-79.3233353983,31.0,Black-throated Blue Warbler
8757,2025-05-06,CC-BY-NC,https://inaturalist-open-data.s3.amazonaws.com/photos/501149639/medium.jpg,"Woodbine Beach Dune Habitat, Toronto, ON, Canada",43.6608472723,-79.3079696759,4.0,Killdeer
12934,2025-06-19,CC-BY-NC,https://inaturalist-open-data.s3.amazonaws.com/photos/524797458/medium.jpg,"Colonel  Samuel Smith Park, Toronto, ON, Canada",43.5906511232,-79.5131823425,683.0,American Robin
9008,2025-05-04,CC-BY-NC,https://inaturalist-open-data.s3.amazonaws.com/photos/501573988/medium.jpeg,"South Riverdale, Toronto, ON, Canada",43.6484381067,-79.3209800761,226.0,Warbling Vireo
889,2025-01-12,CC-BY-NC,https://inaturalist-open-data.s3.amazonaws.com/photos/464865231/medium.jpeg,"Colonel  Samuel Smith Park, Toronto, ON, Canada",43.5906511232,-79.5131823425,683.0,Greater Scaup
20770,2025-11-01,CC-BY-NC,https://inaturalist-open-data.s3.amazonaws.com/photos/587314261/medium.jpg,"Bayview Village, North York, ON, Canada",43.7822054026,-79.3746207306,699.0,American Tree Sparrow
14513,2025-07-25,CC-BY-NC,https://inaturalist-open-data.s3.amazonaws.com/photos/542367836/medium.jpg,"Woodbine Beach Dune Habitat, Toronto, ON, Canada",43.6614430287,-79.3070168369,8.0,Spotted Sandpiper
16175,2025-08-26,CC-BY-NC,https://inaturalist-open-data.s3.amazonaws.com/photos/558546648/medium.jpg,"Ontario, CA",43.6164875405,-79.3837678671,4.0,Downy Woodpecker
674,2025-01-16,,https://static.inaturalist.org/photos/464150686/medium.jpeg,"Toronto, ON M6K 1P1, Canada",43.6442235825,-79.4343632832,192.0,Red-tailed Hawk
15332,2025-05-15,CC-BY-NC,https://inaturalist-open-data.s3.amazonaws.com/photos/550006104/medium.jpg,"South Riverdale, Toronto, ON, Canada",43.657415215,-79.3064303407,8.0,Canada Warbler
8171,2025-05-02,CC-BY-NC,https://inaturalist-open-data.s3.amazonaws.com/photos/499400125/medium.jpg,"Bayview Village, North York, ON, Canada",43.7813178772,-79.3882675693,219.0,Rose-breasted Grosbeak
18967,2025-10-06,CC-BY-NC,https://inaturalist-open-data.s3.amazonaws.com/photos/577676794/medium.jpg,"Neptune Dr, Toronto, ON, CA",43.7300116667,-79.4412783333,8.0,Red-tailed Hawk
21504,2025-11-13,CC-BY-NC,https://inaturalist-open-data.s3.amazonaws.com/photos/591254341/medium.jpg,"Bayview Village, North York, ON, Canada",43.7817230606,-79.3719855328,463.0,Northern Cardinal
12576,2025-06-15,CC-BY-NC,https://inaturalist-open-data.s3.amazonaws.com/photos/521326522/medium.jpg,"Bayview Village, Toronto, ON, Canada",43.777636267,-79.3704431046,61.0,Song Sparrow
7455,2025-04-26,CC-BY-NC,https://inaturalist-open-data.s3.amazonaws.com/photos/496432740/medium.jpg,"Mount Pleasant East, Toronto, ON, Canada",43.6957777079,-79.3862341717,340.0,American Robin
14322,2025-07-20,CC-BY-NC,https://inaturalist-open-data.s3.amazonaws.com/photos/539862952/medium.jpg,"North York, ON M3N 3A7, Canada",43.7712930707,-79.5069559291,8.0,Canada Goose
17902,2025-09-22,,https://static.inaturalist.org/photos/570504947/medium.jpg,"Scarborough, ON M1E 3J5, Canada",43.7813544,-79.18547188,4.0,Great Blue Heron
18998,2025-10-08,CC-BY-NC,https://inaturalist-open-data.s3.amazonaws.com/photos/577858429/medium.jpg,"Rosetta McClain Gardens, 5 Glen Everest Rd, Scarborough, ON M1N 1J2, Canada",43.6968253,-79.2557466,193.0,Northern Harrier
8189,2025-05-03,CC-BY-NC,https://inaturalist-open-data.s3.amazonaws.com/photos/499445548/medium.jpg,"Bayview Village, North York, ON, Canada",43.7803490914,-79.3893192156,110.0,White-crowned Sparrow
21009,2025-11-05,CC-BY-NC,https://inaturalist-open-data.s3.amazonaws.com/photos/588724789/medium.jpg,"Rouge, Scarborough, ON, Canada",43.7929175231,-79.1219293002,15.0,Double-crested Cormorant
20566,2025-10-27,CC-BY-NC,https://inaturalist-open-data.s3.amazonaws.com/photos/586405297/medium.jpg,"Bayview Village, Toronto, ON, Canada",43.777636267,-79.3704431046,61.0,American Goldfinch
6039,2025-04-24,CC-BY-NC,https://inaturalist-open-data.s3.amazonaws.com/photos/490750541/medium.jpeg,"The Beaches, Toronto, ON, Canada",43.6752895952,-79.294824984,4.0,Brown Thrasher
11413,2025-06-01,CC-BY-NC,https://inaturalist-open-data.s3.amazonaws.com/photos/514002339/medium.jpg,"East York, ON M4B 2M4, Canada",43.6977033,-79.3067617,156.0,Hairy Woodpecker
16948,2025-09-07,CC-BY-NC,https://inaturalist-open-data.s3.amazonaws.com/photos/564817975/medium.jpg,"Bayview Village, North York, ON, Canada",43.779908348,-79.3730901696,498.0,American Redstart
22523,2025-12-05,CC-BY-NC,https://inaturalist-open-data.s3.amazonaws.com/photos/598425546/medium.jpg,"The Kingsway, Etobicoke, ON, Canada",43.6476533872,-79.5116951068,930.0,House Sparrow
20568,2025-10-29,CC-BY-NC,https://inaturalist-open-data.s3.amazonaws.com/photos/586405977/medium.jpg,"Bayview Village, North York, ON, Canada",43.779789425,-79.372778383,311.0,Northern Cardinal
9030,2025-05-07,CC-BY-NC,https://inaturalist-open-data.s3.amazonaws.com/photos/501631585/medium.jpg,"Milliken Park Trail, Toronto, ON, CA",43.8292210066,-79.2714639249,39.0,Mallard
14747,2025-07-15,CC-BY-NC,https://inaturalist-open-data.s3.amazonaws.com/photos/544744028/medium.jpg,"Edenbridge-Humber Valley, Etobicoke, ON, Canada",43.6717938435,-79.5122826788,182.0,Spotted Sandpiper
20602,2025-10-16,CC-BY-NC,https://inaturalist-open-data.s3.amazonaws.com/photos/586491122/medium.jpg,"Ontario, CA",43.7378445456,-79.4988957588,10.0,Peregrine Falcon
9865,2025-05-15,CC-BY-NC,https://inaturalist-open-data.s3.amazonaws.com/photos/505743167/medium.jpg,"Ontario, CA",43.6591116249,-79.7281833927,661.0,Baltimore Oriole
16186,2025-08-27,CC-BY-NC,https://inaturalist-open-data.s3.amazonaws.com/photos/558588402/medium.jpg,"Ashbridge's Bay Park, Toronto, ON, Canada",43.6553782834,-79.3087932583,4.0,Brown-headed Cowbird
5993,2025-04-18,CC-BY-NC,https://inaturalist-open-data.s3.amazonaws.com/photos/490433620/medium.jpeg,"Colonel  Samuel Smith Park, Toronto, ON, Canada",43.5906511232,-79.5131823425,683.0,Song Sparrow
15967,2025-08-22,CC-BY-NC,https://inaturalist-open-data.s3.amazonaws.com/photos/556750078/medium.jpg,"Bayview Village, North York, ON, Canada",43.7815285574,-79.3725785104,420.0,Baltimore Oriole
18941,2025-10-07,,https://static.inaturalist.org/photos/577423086/medium.jpg,"Stong Pond, North York, ON M3N 3A7, Canada",43.7709415,-79.5072857,34.0,Mallard
20244,2025-10-23,CC-BY-NC,https://inaturalist-open-data.s3.amazonaws.com/photos/583776362/medium.jpg,"Bayview Village, Toronto, ON, Canada",43.777636267,-79.3704431046,61.0,Purple Finch
1175,2025-01-30,CC-BY-NC,https://inaturalist-open-data.s3.amazonaws.com/photos/467178866/medium.jpg,"Sunnyside, Toronto, ON, Canada",43.6340437739,-79.4670818659,641.0,Ring-necked Duck
6264,2025-04-25,CC-BY-NC,https://inaturalist-open-data.s3.amazonaws.com/photos/491648715/medium.jpeg,"High Park-Swansea, Toronto, ON, Canada",43.6404658044,-79.4640683395,67.0,Domestic Mallard
1579,2025-02-01,,https://static.inaturalist.org/photos/468936119/medium.jpg,"Scarborough, ON, Canada",43.7093042554,-79.227503685,31.0,American Coot
14752,2025-07-15,CC-BY-NC,https://inaturalist-open-data.s3.amazonaws.com/photos/544749277/medium.jpg,"Lambton, York, ON, Canada",43.6698071882,-79.511746237,182.0,Killdeer
21812,2025-11-12,CC-BY-NC,https://inaturalist-open-data.s3.amazonaws.com/photos/592917940/medium.jpg,"Rouge Beach, Scarborough, ON, Canada",43.7944049,-79.1177828677,50.0,Red-breasted Merganser
11960,2025-05-29,CC-BY-NC,https://inaturalist-open-data.s3.amazonaws.com/photos/516616999/medium.jpg,"Colonel  Samuel Smith Park, Toronto, ON, Canada",43.5906511232,-79.5131823425,683.0,Mallard
14257,2025-07-19,,https://static.inaturalist.org/photos/539197397/medium.jpg,"Broadview North, East York, ON, Canada",43.6943180248,-79.3614878,4.0,Mallard
16876,2025-09-07,,https://static.inaturalist.org/photos/563981555/medium.jpg,"Gibraltar Point Beach, Toronto, ON M5J 2W2, Canada",43.6138458295,-79.3884636462,105.0,Magnolia Warbler
16043,2025-08-24,CC-BY-NC,https://inaturalist-open-data.s3.amazonaws.com/photos/557229946/medium.jpg,"Roundhouse Park, Toronto, ON, CA",43.641899376,-79.3857151143,6.0,Feral Pigeon
1881,2025-02-16,CC-BY-NC,https://inaturalist-open-data.s3.amazonaws.com/photos/470605163/medium.jpg,"Cardiff Rd, Toronto, ON, CA",43.7129975909,-79.3839628724,39.0,Blue Jay
14857,2025-07-21,CC-BY-NC,https://inaturalist-open-data.s3.amazonaws.com/photos/545897192/medium.jpg,"Toronto, ON M4L 3W6, Canada",43.6615807066,-79.3079413846,44.0,Ring-billed Gull
15941,2025-08-22,,https://inaturalist-open-data.s3.amazonaws.com/photos/556425923/medium.jpg,"O'Connor - Parkview, East York, ON, Canada",43.701456052,-79.3194484734,6.0,Eastern Phoebe
18343,2025-09-27,CC-BY-NC,https://inaturalist-open-data.s3.amazonaws.com/photos/573021257/medium.jpg,"North York, ON M3J 2S5, Canada",43.7672214487,-79.508734569,125.0,Blue Jay
9315,2025-05-10,CC-BY-NC,https://inaturalist-open-data.s3.amazonaws.com/photos/502945188/medium.jpeg,"South Riverdale, Toronto, ON, Canada",43.6543798047,-79.3085364909,80.0,Eastern Kingbird
23547,2025-12-31,,https://static.inaturalist.org/photos/604248074/medium.jpg,"Toronto, ON, Canada",43.5919979372,-79.5105186331,4.0,Canada Goose
15456,2025-05-06,CC-BY-NC,https://inaturalist-open-data.s3.amazonaws.com/photos/551246348/medium.jpg,"High Park-Swansea, Toronto, ON, Canada",43.642908214,-79.4654059389,439.0,Mute Swan
5529,2025-04-20,CC0,https://inaturalist-open-data.s3.amazonaws.com/photos/489047149/medium.jpg,"Ontario, CA",43.6439725625,-79.3115788801,319.0,Red-winged Blackbird
23099,2025-12-16,CC-BY-NC,https://inaturalist-open-data.s3.amazonaws.com/photos/602321272/medium.jpg,"Etobicoke Creek Tr, Toronto, ON, CA",43.5857610233,-79.5422199589,370.0,Hooded Merganser
18246,2025-09-26,CC-BY-NC,https://inaturalist-open-data.s3.amazonaws.com/photos/572514714/medium.jpg,"St Lawrence-East Bayfront-The Islands, Toronto, ON, Canada",43.6544032134,-79.3529835121,3.0,Tennessee Warbler
17859,2025-09-21,CC-BY-NC,https://inaturalist-open-data.s3.amazonaws.com/photos/570243528/medium.jpg,"Humber River, Toronto, ON, CA",43.6414616667,-79.49012,1.0,Blue Jay
5834,2025-04-22,CC-BY-NC,https://inaturalist-open-data.s3.amazonaws.com/photos/489973889/medium.jpg,"Bayview Village, Toronto, ON, Canada",43.777636267,-79.3704431046,61.0,Ruby-crowned Kinglet
2115,2025-02-22,CC-BY-NC,https://inaturalist-open-data.s3.amazonaws.com/photos/471803502/medium.jpg,"Bayview Village, North York, ON, Canada",43.7788751412,-79.3759550949,31.0,Hairy Woodpecker
1585,2025-02-01,,https://static.inaturalist.org/photos/468936148/medium.jpg,"Scarborough, ON, Canada",43.7093042554,-79.227503685,31.0,Ring-billed Gull
18104,2025-09-23,CC-BY-NC,https://inaturalist-open-data.s3.amazonaws.com/photos/571948899/medium.jpg,"Ontario, CA",43.6365632103,-79.1472866299,32.0,Magnolia Warbler
19123,2025-10-09,CC-BY-NC,https://static.inaturalist.org/photos/578260834/medium.jpg,"Centre Island, Toronto, ON, Canada",43.623318777,-79.3918913668,61.0,Golden-crowned Kinglet
19919,2025-10-18,CC-BY-NC,https://inaturalist-open-data.s3.amazonaws.com/photos/582146570/medium.jpg,"High Park, Toronto, ON, CA",43.648175,-79.4612666667,20.0,Great Horned Owl
18752,2025-09-28,CC-BY-NC,https://inaturalist-open-data.s3.amazonaws.com/photos/576008188/medium.jpg,"Downsview Park, Toronto, ON, CA",43.7398516278,-79.4776439496,20.0,Rusty Blackbird
9614,2025-05-12,,https://static.inaturalist.org/photos/504564537/medium.jpg,"King St E, Toronto, ON, CA",43.6569833333,-79.35543,14.0,Mourning Dove
3488,2025-03-19,CC-BY-NC,https://inaturalist-open-data.s3.amazonaws.com/photos/477886517/medium.jpeg,"Sunnylea, Etobicoke, ON, Canada",43.6448803848,-79.492449195,130.0,Common Grackle
6324,2025-04-25,CC-BY-NC,https://inaturalist-open-data.s3.amazonaws.com/photos/491753074/medium.jpg,"Bayview Village, Toronto, ON, Canada",43.777636267,-79.3704431046,61.0,Northern Cardinal
22870,2025-12-18,CC-BY-NC,https://inaturalist-open-data.s3.amazonaws.com/photos/600852247/medium.jpg,"Bayview Village, North York, ON, Canada",43.7813552056,-79.3845293138,564.0,European Starling
18428,2025-09-27,CC-BY-NC,https://inaturalist-open-data.s3.amazonaws.com/photos/573600220/medium.jpg,"Rockcliffe-Smythe, York, ON, Canada",43.6701509425,-79.4963741193,15.0,Northern Cardinal
4920,2025-04-14,,https://static.inaturalist.org/photos/486477841/medium.jpg,"Corktown Common, Toronto, ON, CA",43.6540633333,-79.3534916667,11.0,White-throated Sparrow
2608,2025-02-26,CC-BY-NC,https://inaturalist-open-data.s3.amazonaws.com/photos/473622719/medium.jpeg,"Lake Ontario, Rouge, Scarborough, ON, Canada",43.7942867982,-79.1174046762,15.0,Trumpeter Swan
331,2025-01-08,CC-BY-NC,https://inaturalist-open-data.s3.amazonaws.com/photos/462609122/medium.jpg,"Bridle Path-Sunnybrook-York Mills, Toronto, ON, Canada",43.7300831444,-79.3577562816,507.0,Red-bellied Woodpecker
13947,2025-07-09,,https://static.inaturalist.org/photos/535412264/medium.jpg,"Corso Italia-Davenport, Toronto, ON, Canada",43.6794536273,-79.453235448,186.0,Baltimore Oriole
22497,2025-05-05,CC-BY,https://inaturalist-open-data.s3.amazonaws.com/photos/598394218/medium.jpg,"South Riverdale, Toronto, ON, Canada",43.6488370295,-79.3243822224,111.0,Northern Yellow Warbler
4932,2025-04-14,CC-BY-NC,https://inaturalist-open-data.s3.amazonaws.com/photos/486500003/medium.jpeg,"North York, ON M2H 3H1, Canada",43.8023252,-79.35709482,7.0,Northern Cardinal
20211,2025-10-23,CC-BY-NC,https://inaturalist-open-data.s3.amazonaws.com/photos/583627745/medium.jpg,"Cardiff Rd, Toronto, ON, CA",43.7130060455,-79.3839628724,39.0,Dark-eyed Junco
19787,2025-10-16,CC-BY-NC,https://inaturalist-open-data.s3.amazonaws.com/photos/581270056/medium.jpg,"Rouge, Scarborough, ON, Canada",43.8139183333,-79.1549016667,15.0,Winter Wren
21292,2025-11-10,CC-BY,https://inaturalist-open-data.s3.amazonaws.com/photos/590233416/medium.jpg,"High Park-Swansea, Toronto, ON, Canada",43.645759829,-79.4546416306,135.0,Dark-eyed Junco
13540,2025-07-03,CC-BY-NC,https://inaturalist-open-data.s3.amazonaws.com/photos/531257025/medium.jpg,"Rouge, Scarborough, ON, Canada",43.8217889728,-79.1643128274,315.0,Red-winged Blackbird
19219,2025-10-11,CC-BY-NC,https://inaturalist-open-data.s3.amazonaws.com/photos/578915069/medium.jpg,"High Park Tr, Toronto, ON, CA",43.6411940432,-79.4626913141,70.0,American Robin
2121,2025-02-22,CC-BY-NC,https://inaturalist-open-data.s3.amazonaws.com/photos/471877223/medium.jpg,"Cliffcrest, Scarborough, ON, Canada",43.7065439856,-79.2340582409,41.0,Canada Goose
21871,2025-11-20,CC-BY-NC,https://inaturalist-open-data.s3.amazonaws.com/photos/593219356/medium.jpg,"Ontario, CA",43.799979405,-79.3136110212,32.0,Long-tailed Duck
10746,2025-05-25,CC-BY-NC,https://inaturalist-open-data.s3.amazonaws.com/photos/510305049/medium.jpg,"Woodbine Beach Dune Habitat, Toronto, ON, Canada",43.6604005183,-79.3067649017,4.0,Killdeer
95,2025-01-03,,https://static.inaturalist.org/photos/461795554/medium.jpg,"Leaside-Bennington, Toronto, ON, Canada",43.6970326835,-79.3618662089,15.0,House Finch
17423,2025-09-14,CC-BY-NC,https://inaturalist-open-data.s3.amazonaws.com/photos/567714056/medium.jpg,"Rosetta McClain Gardens, 5 Glen Everest Rd, Scarborough, ON M1N 1J2, Canada",43.6968253,-79.2557466,193.0,Magnolia Warbler
13452,2025-06-14,,https://static.inaturalist.org/photos/530088443/medium.jpg,"Crothers Woods, Crothers Woods Trail, East York, ON M4H 1P6, Canada",43.6970372,-79.3590117,204.0,Grey Catbird
23977,2025-07-02,CC-BY-NC,https://inaturalist-open-data.s3.amazonaws.com/photos/623622374/medium.jpg,"Bridle Path-Sunnybrook-York Mills, Toronto, ON, Canada",43.7264833333,-79.3646388889,62.0,Northern Cardinal
1886,2025-02-16,,https://static.inaturalist.org/photos/470610427/medium.jpg,"Ontario Place, Toronto, ON, CA",43.6303033333,-79.40988,7.0,White-throated Sparrow
7087,2025-04-26,CC-BY-NC,https://inaturalist-open-data.s3.amazonaws.com/photos/494509375/medium.jpeg,"Bridle Path-Sunnybrook-York Mills, Toronto, ON, Canada",43.7266063031,-79.3562028238,100.0,Black-capped Chickadee
20803,2025-10-27,CC-BY-NC,https://inaturalist-open-data.s3.amazonaws.com/photos/587513988/medium.jpg,"Leaside-Bennington, Toronto, ON, Canada",43.71881393,-79.3570777535,8.0,White-breasted Nuthatch
2680,2025-03-04,CC-BY-NC,https://inaturalist-open-data.s3.amazonaws.com/photos/474215090/medium.jpeg,"Toronto, ON, Canada",43.6342927325,-79.46210014,244.0,Greater Scaup
10071,2025-05-14,CC-BY-NC,https://inaturalist-open-data.s3.amazonaws.com/photos/506607620/medium.jpg,"James Gardens 99 Edenbridge Dr, Etobicoke, ON M9A 3G4, Canada",43.6716852,-79.5142997,182.0,Baltimore Oriole
21816,2025-11-12,CC-BY-NC,https://inaturalist-open-data.s3.amazonaws.com/photos/592921095/medium.jpg,"Rouge Beach, Toronto, ON, Canada",43.7943255201,-79.1174073584,15.0,Ring-billed Gull
8728,2025-05-06,CC-BY-NC,https://inaturalist-open-data.s3.amazonaws.com/photos/501018595/medium.jpg,"Ashbridge's Bay Park, Toronto, ON, Canada",43.6568265801,-79.3059214526,1.0,Grasshopper Sparrow
20152,2025-10-22,CC-BY-NC,https://inaturalist-open-data.s3.amazonaws.com/photos/583391640/medium.jpg,"Rouge, Scarborough, ON, Canada",43.7931091854,-79.1213595883,412.0,Northern Shoveler
19278,2025-10-12,CC-BY-NC,https://inaturalist-open-data.s3.amazonaws.com/photos/579358645/medium.jpg,"Etobicoke, ON M9V 1N8, Canada",43.7331658178,-79.5922689512,3.0,House Sparrow
13530,2025-07-03,CC-BY-NC,https://inaturalist-open-data.s3.amazonaws.com/photos/531076802/medium.jpg,"The Queensway – Humber Bay, Etobicoke, ON, Canada",43.6224235821,-79.475383085,491.0,Song Sparrow
644,2025-01-14,CC-BY-NC,https://inaturalist-open-data.s3.amazonaws.com/photos/463951638/medium.jpeg,"Toronto, ON, Canada",43.6033194502,-79.4904160493,488.0,Greater Scaup
15392,2025-08-10,CC-BY-NC,https://inaturalist-open-data.s3.amazonaws.com/photos/550415402/medium.jpg,"Toronto, ON, CA",43.6235583333,-79.47683,5.0,Brown-headed Cowbird
11770,2025-06-01,CC-BY-NC,https://inaturalist-open-data.s3.amazonaws.com/photos/515800390/medium.jpg,"Rouge, Scarborough, ON, Canada",43.8025586004,-79.1349831874,74.0,American Goldfinch
6696,2025-04-26,CC-BY-NC,https://inaturalist-open-data.s3.amazonaws.com/photos/492526583/medium.jpg,"Toronto, CA-ON, CA",43.6949282507,-79.3617398266,35.0,Red-winged Blackbird
3437,2025-03-18,CC-BY-NC,,"Steeles, Scarborough, ON, Canada",43.8121204526,-79.3090360095,15.0,American Woodcock
17692,2025-09-20,CC-BY-NC,https://inaturalist-open-data.s3.amazonaws.com/photos/569582231/medium.jpg,"New Toronto, Etobicoke, ON, Canada",43.5922136099,-79.5118762835,156.0,American Pipit
9346,2025-05-10,CC-BY-NC,https://inaturalist-open-data.s3.amazonaws.com/photos/503056129/medium.jpg,"South Riverdale, Toronto, ON, Canada",43.6481048132,-79.3208324264,265.0,Northern Yellow Warbler
7208,2025-04-27,CC-BY-NC,https://inaturalist-open-data.s3.amazonaws.com/photos/495194630/medium.jpg,"Bayview Village, Toronto, ON, Canada",43.777636267,-79.3704431046,61.0,Song Sparrow
9254,2025-05-10,CC-BY-NC,https://inaturalist-open-data.s3.amazonaws.com/photos/502724344/medium.jpeg,"South Riverdale, Toronto, ON, Canada",43.6727112914,-79.3309696223,2.0,Palm Warbler
17627,2025-09-19,CC-BY-NC,https://inaturalist-open-data.s3.amazonaws.com/photos/569117345/medium.jpg,"Woodbine Beach Dune Habitat, Toronto, ON, Canada",43.6600570321,-79.3066745305,4.0,Swainson's Thrush
8534,2025-04-26,CC-BY-NC,https://inaturalist-open-data.s3.amazonaws.com/photos/500543328/medium.jpeg,"Colonel  Samuel Smith Park, Toronto, ON, Canada",43.5906511232,-79.5131823425,683.0,Long-tailed Duck
23783,2025-10-15,CC-BY,https://inaturalist-open-data.s3.amazonaws.com/photos/608248401/medium.jpg,"Toronto, ON, Canada",43.6948584724,-79.2549324407,154.0,Common Loon
19537,2025-10-14,CC-BY-NC,https://inaturalist-open-data.s3.amazonaws.com/photos/580328981/medium.jpg,"Bayview Woods-Steeles, North York, ON, Canada",43.7923773503,-79.3793507546,166.0,Hairy Woodpecker
5227,2025-04-16,CC-BY,https://inaturalist-open-data.s3.amazonaws.com/photos/488018708/medium.png,"Taylor-Massey, ON, Canada",43.6971769864,-79.3053087821,59.0,Hermit Thrush
13225,2025-06-27,CC-BY-NC,https://inaturalist-open-data.s3.amazonaws.com/photos/527712663/medium.jpg,Toronto,43.6199874878,-79.3753967285,83.0,Braunkopf-Kuhstärling
20254,2025-10-24,CC-BY-NC,https://inaturalist-open-data.s3.amazonaws.com/photos/583936560/medium.jpg,"Howard St, Toronto, ON, CA",43.6714866667,-79.3717416667,9.0,Feral Pigeon
8952,2025-04-27,CC-BY-NC,https://inaturalist-open-data.s3.amazonaws.com/photos/501485648/medium.jpeg,"Colonel  Samuel Smith Park, Toronto, ON, Canada",43.5906511232,-79.5131823425,683.0,Hermit Thrush
18970,2025-10-08,CC0,https://inaturalist-open-data.s3.amazonaws.com/photos/577787240/medium.jpg,"Dufferin Grove, Toronto, ON, Canada",43.657118669,-79.4323457892,4.0,Dark-eyed Junco
21336,2025-11-11,CC-BY-NC,https://inaturalist-open-data.s3.amazonaws.com/photos/590579459/medium.jpg,"High Park-Swansea, Toronto, ON, Canada",43.6403979518,-79.4602801949,2.0,Northern Cardinal
11988,2025-05-02,CC-BY-NC,https://inaturalist-open-data.s3.amazonaws.com/photos/516794457/medium.jpg,"Cabbagetown-South St.James Town, Toronto, ON, Canada",43.6702763734,-79.36450671,1.0,Black-and-white Warbler
11314,2025-05-30,CC-BY-NC,https://inaturalist-open-data.s3.amazonaws.com/photos/513208718/medium.jpg,"Humber River Recreational Tr, Toronto, ON, CA",43.6525,-79.49402,20.0,Mourning Dove
3875,2025-03-27,,https://static.inaturalist.org/photos/480284298/medium.jpg,"Humber Bay Park East, Toronto, ON, CA",43.6236883333,-79.4771416667,56.0,Red-necked Grebe
22651,2025-12-10,CC-BY-NC,https://inaturalist-open-data.s3.amazonaws.com/photos/598970215/medium.jpg,"Banbury-Don Mills, North York, ON, Canada",43.7343048926,-79.3542139909,65.0,Northern Cardinal
19636,2025-10-15,CC-BY-NC,https://inaturalist-open-data.s3.amazonaws.com/photos/580749604/medium.jpg,"Bayview Woods-Steeles, North York, ON, Canada",43.7994951897,-79.3825163691,933.0,White-throated Sparrow
21567,2025-11-14,CC-BY-NC,https://inaturalist-open-data.s3.amazonaws.com/photos/591317451/medium.jpg,"The Beaches, Toronto, ON, Canada",43.6778443978,-79.2928762711,31.0,Common Raven
19310,2025-10-10,CC-BY-NC,https://inaturalist-open-data.s3.amazonaws.com/photos/579512350/medium.jpg,"Bayview Village, Toronto, ON, Canada",43.777636267,-79.3704431046,61.0,Blue-headed Vireo
22286,2025-11-30,CC-BY-NC,https://inaturalist-open-data.s3.amazonaws.com/photos/596387675/medium.jpg,"Bayview Village, North York, ON, Canada",43.7802397621,-79.3838426683,591.0,American Goldfinch
17660,2025-09-19,,https://static.inaturalist.org/photos/569278974/medium.jpg,"Corktown Common, Toronto, ON, CA",43.6543792735,-79.3530358949,175.0,Northern Waterthrush
8742,2025-05-06,CC-BY-NC,https://inaturalist-open-data.s3.amazonaws.com/photos/501118960/medium.jpeg,"Tommy Thompson Park, Toronto, ON, Canada",43.649784027,-79.3244501576,61.0,Rose-breasted Grosbeak
21912,2025-11-22,CC-BY-NC,https://inaturalist-open-data.s3.amazonaws.com/photos/593741386/medium.jpg,"High Park-Swansea, Toronto, ON, Canada",43.6436161547,-79.4691047865,31.0,Hooded Merganser
23055,2025-12-23,,https://static.inaturalist.org/photos/602070434/medium.jpg,"Toronto, CA-ON, CA",43.6483676148,-79.3747773394,15.0,House Sparrow
7470,2025-04-28,,https://static.inaturalist.org/photos/496624533/medium.jpg,"Little Norway Park, Toronto, ON, CA",43.63432,-79.3981333333,21.0,Red-winged Blackbird
3005,2025-03-11,,https://static.inaturalist.org/photos/475885339/medium.jpg,"Corktown Common, Toronto, ON, CA",43.6542366667,-79.3527833333,8.0,Song Sparrow
990,2025-01-24,CC-BY-NC,https://inaturalist-open-data.s3.amazonaws.com/photos/465727389/medium.jpg,"Cardiff Rd, Toronto, ON, CA",43.7130178819,-79.384011999,39.0,Red-breasted Nuthatch
3929,2025-03-28,CC-BY-NC,https://inaturalist-open-data.s3.amazonaws.com/photos/481002744/medium.jpeg,"73 Cardiff Rd, North York, ON M4P 2P4, Canada",43.713027,-79.3841394,179.0,Red-winged Blackbird
7448,2025-04-28,CC-BY-NC,https://inaturalist-open-data.s3.amazonaws.com/photos/496340140/medium.jpg,"Bayview Woods-Steeles, North York, ON, Canada",43.7973988037,-79.3836663271,105.0,Downy Woodpecker
8060,2025-05-02,CC-BY-NC,https://inaturalist-open-data.s3.amazonaws.com/photos/499039146/medium.jpeg,"73 Cardiff Rd, North York, ON M4P 2P4, Canada",43.713027,-79.3841394,179.0,White-throated Sparrow
22318,2025-12-02,,https://static.inaturalist.org/photos/596824115/medium.jpg,"Corktown Common, Toronto, ON, CA",43.6546383333,-79.3528883333,5.0,Downy Woodpecker
4287,2025-04-05,CC-BY-NC,https://inaturalist-open-data.s3.amazonaws.com/photos/483319854/medium.jpeg,"Evergreen Brick Works, 550 Bayview Ave, Toronto, ON M4W 3X8, Canada",43.6843314,-79.3647127,165.0,Golden-crowned Kinglet
20681,2025-10-26,CC-BY-NC,https://inaturalist-open-data.s3.amazonaws.com/photos/586637209/medium.jpg,"Keele St at Wycombe Rd, North York, ON M3K 2C5, Canada",43.7427783877,-79.4834312797,55.0,Cooper's Hawk
22884,2025-12-18,CC-BY-NC,https://inaturalist-open-data.s3.amazonaws.com/photos/600852607/medium.jpg,"Bayview Village, North York, ON, Canada",43.7785915029,-79.3772766104,561.0,Black-capped Chickadee
10243,2025-05-15,CC-BY-NC,https://inaturalist-open-data.s3.amazonaws.com/photos/507688095/medium.jpg,"Colonel  Samuel Smith Park, Toronto, ON, Canada",43.5906511232,-79.5131823425,683.0,Barn Swallow
7963,2025-05-02,CC-BY-NC,https://inaturalist-open-data.s3.amazonaws.com/photos/498756038/medium.jpg,"Ashbridge's Bay Park, Toronto, ON, Canada",43.6615760646,-79.3130331837,8.0,Lincoln's Sparrow
3760,2025-03-22,,https://static.inaturalist.org/photos/479557005/medium.jpg,"High Park, Toronto, ON, CA",43.6428916667,-79.4647533333,18.0,White-throated Sparrow
11989,2025-05-02,CC-BY-NC,https://inaturalist-open-data.s3.amazonaws.com/photos/516794465/medium.jpg,"Cabbagetown-South St.James Town, Toronto, ON, Canada",43.6702628509,-79.364548048,1.0,White-breasted Nuthatch
1814,2025-02-06,CC-BY-NC,https://inaturalist-open-data.s3.amazonaws.com/photos/470291585/medium.jpg,"Bayview Village, North York, ON, Canada",43.7803529987,-79.3893516964,8.0,Northern Cardinal
15136,2025-08-06,CC-BY-NC,https://inaturalist-open-data.s3.amazonaws.com/photos/548402732/medium.jpg,"Toronto, ON M4L 3W6, Canada",43.65894568,-79.3076542,8.0,Eastern Whip-poor-will
12328,2025-06-11,CC-BY-NC,,"Rouge, ON M1B 0B7, Canada",43.80661796,-79.13608632,7.0,Carolina Wren
7184,2025-04-25,CC-BY-NC,https://inaturalist-open-data.s3.amazonaws.com/photos/494826353/medium.jpg,"High Park-Swansea, Toronto, ON, Canada",43.6409946387,-79.4583896066,77.0,Black-capped Chickadee
16334,2025-08-29,CC-BY-NC,https://inaturalist-open-data.s3.amazonaws.com/photos/559574070/medium.jpg,"Ashbridge's Bay Park, Toronto, ON, Canada",43.6553655747,-79.309215254,4.0,Northern Cardinal
17134,2025-09-12,CC-BY-NC,https://static.inaturalist.org/photos/566041622/medium.jpg,"Centre Island, Toronto, ON, Canada",43.6208582748,-79.3921908185,15.0,Yellow-bellied Flycatcher
559,2025-01-09,CC-BY-NC,https://inaturalist-open-data.s3.amazonaws.com/photos/463566435/medium.jpeg,"Colonel  Samuel Smith Park, Toronto, ON, Canada",43.5906511232,-79.5131823425,683.0,Greater Scaup
9696,2025-05-06,CC-BY-NC,https://inaturalist-open-data.s3.amazonaws.com/photos/505015942/medium.jpg,"Colonel  Samuel Smith Park, Toronto, ON, Canada",43.5906511232,-79.5131823425,683.0,Grey Catbird
11152,2025-05-28,,https://static.inaturalist.org/photos/512109587/medium.jpg,"Corktown Common, Toronto, ON, CA",43.65448,-79.352555,10.0,Blue Jay
18250,2025-05-31,,https://static.inaturalist.org/photos/572570233/medium.jpg,"Toronto, ON M6H 2W6, Canada",43.6569546359,-79.4278840721,4.0,American Robin
22510,2025-05-06,CC-BY,https://inaturalist-open-data.s3.amazonaws.com/photos/598397640/medium.jpg,"South Riverdale, Toronto, ON, Canada",43.6580429081,-79.3060507916,88.0,Ovenbird
3501,2025-03-19,CC-BY-NC,https://inaturalist-open-data.s3.amazonaws.com/photos/477891035/medium.jpeg,"The Queensway – Humber Bay, Etobicoke, ON, Canada",43.6234477563,-79.4719460859,31.0,Song Sparrow
1014,2025-01-24,,https://static.inaturalist.org/photos/465822001/medium.jpg,"Ontario, CA",43.7680537997,-79.3797565807,8.0,Gadwall
6293,2025-04-24,CC-BY-NC,https://inaturalist-open-data.s3.amazonaws.com/photos/491705927/medium.jpeg,"Centennial Park Picnic area 8, Park, Toronto, ON M9C 3S2, Canada",43.6471710885,-79.5941659436,225.0,Bufflehead
14805,2025-07-13,CC-BY-NC,https://inaturalist-open-data.s3.amazonaws.com/photos/545213079/medium.jpg,"Ontario, CA",43.7889034794,-79.5190319856,15.0,European Starling
20975,2025-11-04,CC-BY-NC,https://inaturalist-open-data.s3.amazonaws.com/photos/588259993/medium.jpg,"Downsview, Toronto, ON, Canada",43.743060288,-79.4820398432,266.0,Bufflehead
20448,2025-10-27,CC-BY-NC,https://inaturalist-open-data.s3.amazonaws.com/photos/585632429/medium.jpg,"Bayview Village, North York, ON, Canada",43.7813827498,-79.3721739604,441.0,Cedar Waxwing
6252,2025-04-25,CC-BY-NC,https://inaturalist-open-data.s3.amazonaws.com/photos/491636253/medium.jpeg,"High Park-Swansea, Toronto, ON, Canada",43.6432480865,-79.4584054729,63.0,Song Sparrow
4957,2025-04-14,CC-BY,https://inaturalist-open-data.s3.amazonaws.com/photos/486576084/medium.png,"The Beaches, Toronto, ON, Canada",43.6747783194,-79.2948660544,22.0,Mourning Dove
12337,2025-06-11,CC-BY-NC,https://inaturalist-open-data.s3.amazonaws.com/photos/519371294/medium.jpg,"Lake Ontario, Toronto, ON, CA",43.661998871,-79.305483748,120.0,Cliff Swallow
12684,2025-06-17,CC-BY-NC,https://inaturalist-open-data.s3.amazonaws.com/photos/522502744/medium.jpg,"Gerrard St W, Toronto, ON, CA",43.6583116667,-79.3854833333,14.0,Feral Pigeon
21806,2025-11-12,CC-BY-NC,https://inaturalist-open-data.s3.amazonaws.com/photos/592917882/medium.jpg,"Rouge Beach, Scarborough, ON, Canada",43.7944049,-79.1177828677,50.0,Bufflehead
494,2025-01-12,CC-BY-NC,https://inaturalist-open-data.s3.amazonaws.com/photos/463390615/medium.jpg,"Cardiff Rd, Toronto, ON, CA",43.7129959,-79.3841547,39.0,Northern Cardinal
11701,2025-06-03,CC-BY-NC,https://inaturalist-open-data.s3.amazonaws.com/photos/515563001/medium.jpg,"Rouge, Scarborough, ON, Canada",43.8224512829,-79.1666893042,317.0,Grey Catbird
379,2025-01-08,CC-BY,https://inaturalist-open-data.s3.amazonaws.com/photos/462718780/medium.jpeg,"Scarborough, ON M1P 3P5, Canada",43.7629911911,-79.2681954056,384.0,Red-tailed Hawk
19789,2025-10-16,CC-BY-NC,https://inaturalist-open-data.s3.amazonaws.com/photos/581270538/medium.jpg,"Rouge, Scarborough, ON, Canada",43.8148383333,-79.1575166667,15.0,Golden-crowned Kinglet
7247,2025-04-27,CC-BY-NC,https://inaturalist-open-data.s3.amazonaws.com/photos/495638291/medium.jpg,"Bayview Village, North York, ON, Canada",43.7795843089,-79.3718862256,567.0,Great Blue Heron
16661,2025-09-03,CC-BY-NC,https://inaturalist-open-data.s3.amazonaws.com/photos/562303957/medium.jpg,"High Park-Swansea, Toronto, ON, Canada",43.6443488743,-79.4580397808,61.0,Chimney Swift
14896,2025-07-23,CC-BY-NC,https://inaturalist-open-data.s3.amazonaws.com/photos/546317207/medium.jpg,"Great Lakes Waterfront Tr, 多倫多, ON, CA",43.6385,-79.3786866667,6.0,環嘴鷗
20743,2025-09-14,,https://static.inaturalist.org/photos/587182531/medium.jpg,"Colonel Danforth Park, 73 Colonel Danforth Trail, Toronto, ON M1C 1P8, Canada",43.7782674,-79.1653474,139.0,Turkey Vulture
10828,2025-05-25,CC-BY,https://inaturalist-open-data.s3.amazonaws.com/photos/510591905/medium.jpg,"Scarborough, ON M1P 3P5, Canada",43.763382,-79.2683459,39.0,Yellow-bellied Sapsucker
15623,2025-08-15,CC-BY-NC,https://inaturalist-open-data.s3.amazonaws.com/photos/552930450/medium.jpg,"Queen St W, Toronto, ON, CA",43.6430866667,-79.4237666667,39.0,Feral Pigeon
1044,2025-01-26,,https://static.inaturalist.org/photos/466187443/medium.jpeg,"Port Lands, Toronto, ON, Canada",43.6480117162,-79.3289548159,186.0,Trumpeter Swan
17587,2025-09-13,CC-BY-NC,https://inaturalist-open-data.s3.amazonaws.com/photos/568823175/medium.jpg,"Bayview Village, Toronto, ON, Canada",43.777636267,-79.3704431046,61.0,Bay-breasted Warbler
5327,2025-04-19,CC-BY-NC,https://inaturalist-open-data.s3.amazonaws.com/photos/488372107/medium.jpeg,"South Riverdale, Toronto, ON, Canada",43.6466481675,-79.3243221676,15.0,American Kestrel
7235,2025-04-28,CC-BY-NC,https://inaturalist-open-data.s3.amazonaws.com/photos/495534433/medium.jpeg,"North York, ON M2N 4A2, Canada",43.772293441,-79.4115574658,315.0,European Starling
19033,2025-10-03,CC0,https://inaturalist-open-data.s3.amazonaws.com/photos/578082302/medium.jpg,"Ontario, CA",43.7041324454,-79.3944876956,319.0,Mallard
10815,2025-05-25,CC-BY-NC,https://inaturalist-open-data.s3.amazonaws.com/photos/510570060/medium.jpg,"High Park-Swansea, Toronto, ON, Canada",43.6513921335,-79.4619736862,313.0,Black-and-white Warbler
13350,2025-06-27,CC-BY-NC,https://inaturalist-open-data.s3.amazonaws.com/photos/529139322/medium.jpg,"Great Lakes Waterfront Tr, Toronto, ON, CA",43.62742,-79.4756916667,2.0,American Goldfinch
20910,2025-10-23,CC0,https://inaturalist-open-data.s3.amazonaws.com/photos/588001234/medium.jpg,"Ontario, CA",43.702288061,-79.2559944041,146.0,White-throated Sparrow
1511,2025-02-08,CC-BY-NC,https://inaturalist-open-data.s3.amazonaws.com/photos/468824512/medium.jpeg,"Toronto, ON M4M 3M2, Canada",43.6468573967,-79.3231890723,7.0,Northern Cardinal
1503,2025-02-04,CC-BY-NC,https://inaturalist-open-data.s3.amazonaws.com/photos/468757463/medium.jpeg,"The Kingsway, Etobicoke, ON, Canada",43.6475136465,-79.5116521915,961.0,House Sparrow
14586,2025-07-01,CC-BY-NC,https://inaturalist-open-data.s3.amazonaws.com/photos/542953604/medium.jpg,"South Riverdale, Toronto, ON, Canada",43.6508014393,-79.3216513236,79.0,American Robin
19741,2025-10-07,CC-BY-NC,https://inaturalist-open-data.s3.amazonaws.com/photos/581096820/medium.jpg,"Rouge, Scarborough, ON, Canada",43.7903865638,-79.1217642291,15.0,White-throated Sparrow
21066,2025-11-06,CC-BY-NC,https://inaturalist-open-data.s3.amazonaws.com/photos/589051187/medium.jpg,"Ship Channel, Toronto, ON, CA",43.6520929322,-79.3313204517,760.0,American Herring Gull
1082,2025-01-26,CC-BY-NC,https://inaturalist-open-data.s3.amazonaws.com/photos/466428951/medium.jpg,"South Riverdale, Toronto, ON, Canada",43.6308621555,-79.3248831665,488.0,Northern Shoveler
859,2025-01-12,CC-BY-NC,https://inaturalist-open-data.s3.amazonaws.com/photos/464813247/medium.jpeg,"Colonel  Samuel Smith Park, Toronto, ON, Canada",43.5906511232,-79.5131823425,683.0,Gadwall
10113,2025-05-18,CC-BY-NC,https://inaturalist-open-data.s3.amazonaws.com/photos/507034907/medium.jpg,"South Riverdale, Toronto, ON, Canada",43.6591411267,-79.3101234018,64.0,Swainson's Thrush
1747,2025-02-13,CC-BY-NC,https://inaturalist-open-data.s3.amazonaws.com/photos/470001917/medium.jpeg,"73 Cardiff Rd, North York, ON M4P 2P4, Canada",43.713027,-79.3841394,179.0,Northern Cardinal
4213,2025-01-04,CC-BY,https://inaturalist-open-data.s3.amazonaws.com/photos/482817759/medium.png,"Leaside-Bennington, Toronto, ON, Canada",43.6887978599,-79.3666839191,50.0,American Tree Sparrow
13329,2025-05-11,,https://static.inaturalist.org/photos/528885946/medium.jpg,"E Don River Trail, Toronto, ON, CA",43.733775,-79.329195,4.0,Great Blue Heron
15682,2025-08-16,CC-BY-NC,https://inaturalist-open-data.s3.amazonaws.com/photos/553432422/medium.jpg,"Rouge, Scarborough, ON, Canada",43.8214123968,-79.1646779068,36.0,Eastern Kingbird
7606,2025-04-29,CC-BY-NC,https://inaturalist-open-data.s3.amazonaws.com/photos/497195542/medium.jpeg,"73 Cardiff Rd, North York, ON M4P 2P4, Canada",43.713027,-79.3841394,179.0,American Robin
16126,2025-08-26,CC-BY,https://inaturalist-open-data.s3.amazonaws.com/photos/558127869/medium.jpg,"Scarborough, ON M1P 3P5, Canada",43.7629911911,-79.2681954056,384.0,House Finch
13804,2025-07-09,,https://static.inaturalist.org/photos/534095165/medium.jpg,"Pretpark Centreville, Toronto, ON, CA",43.6170366667,-79.3724216667,5.0,Epauletspreeuw
20488,2025-10-28,,https://static.inaturalist.org/photos/585821344/medium.jpg,"Corktown Common, Toronto, ON, CA",43.6543466667,-79.3534916667,28.0,Hairy Woodpecker
19026,2025-10-05,CC-BY-NC,https://inaturalist-open-data.s3.amazonaws.com/photos/577933457/medium.jpg,"Toronto, ON M4T 2V8, Canada",43.6951388763,-79.3812686205,190.0,Hermit Thrush
23563,2025-12-31,CC-BY-NC,https://inaturalist-open-data.s3.amazonaws.com/photos/604294346/medium.jpg,"Bayview Village, North York, ON, Canada",43.7814001922,-79.3861671415,536.0,American Robin
13607,2025-06-20,,https://static.inaturalist.org/photos/531602274/medium.jpg,"Colonel Samuel Smith Park Dr, Toronto, ON, CA",43.5922366667,-79.5124583333,10.0,Mallard
16626,2025-08-20,CC-BY,https://inaturalist-open-data.s3.amazonaws.com/photos/562003198/medium.jpg,"High Park-Swansea, Toronto, ON, Canada",43.644622537,-79.4624886624,666.0,Cedar Waxwing
4184,2025-04-03,CC-BY-NC,https://inaturalist-open-data.s3.amazonaws.com/photos/482576646/medium.jpeg,"The Beaches, Toronto, ON, Canada",43.6785856253,-79.2935576688,31.0,Winter Wren
8839,2025-04-27,CC-BY-NC,https://inaturalist-open-data.s3.amazonaws.com/photos/501403681/medium.jpeg,"Colonel  Samuel Smith Park, Toronto, ON, Canada",43.5906511232,-79.5131823425,683.0,Red-necked Grebe
18713,2025-10-03,CC-BY-NC,https://inaturalist-open-data.s3.amazonaws.com/photos/575598413/medium.jpg,"Bayview Village, North York, ON, Canada",43.7856754888,-79.3771956513,450.0,Mallard
15003,2025-08-03,CC-BY-NC,https://inaturalist-open-data.s3.amazonaws.com/photos/547222132/medium.jpg,"Northcrest Rd, Toronto, ON, CA",43.6943083333,-79.55053,9.0,Mourning Dove
12673,2025-06-15,,https://static.inaturalist.org/photos/522394895/medium.jpg,"South Riverdale, Toronto, ON, Canada",43.6457775572,-79.3211743642,1.0,Common Raven
730,2025-01-12,CC-BY-NC,https://inaturalist-open-data.s3.amazonaws.com/photos/464254463/medium.jpeg,"Colonel  Samuel Smith Park, Toronto, ON, Canada",43.5906511232,-79.5131823425,683.0,Mute Swan
12418,2025-06-10,CC-BY-NC,https://inaturalist-open-data.s3.amazonaws.com/photos/520018650/medium.jpg,"Rouge, Scarborough, ON, Canada",43.8225208418,-79.1665615567,457.0,American Redstart
9186,2025-05-09,CC-BY-NC,https://inaturalist-open-data.s3.amazonaws.com/photos/502364473/medium.jpg,"Ashbridge's Bay Park, Toronto, ON, Canada",43.6562844184,-79.3072955673,4.0,Lesser Black-backed Gull
13795,2025-07-04,CC-BY-NC,https://inaturalist-open-data.s3.amazonaws.com/photos/534023833/medium.jpg,"South Riverdale, Toronto, ON, Canada",43.6683344885,-79.3271304587,839.0,Red-tailed Hawk
4026,2025-04-01,,https://static.inaturalist.org/photos/481866996/medium.jpg,"Beltline Tr, Toronto, ON, CA",43.6905376381,-79.4211541583,8.0,Common Raven
50,2025-01-03,CC-BY-NC,https://inaturalist-open-data.s3.amazonaws.com/photos/461507663/medium.jpg,"South Riverdale, Toronto, ON, Canada",43.64753258,-79.3285623455,8.0,Redhead
19931,2025-05-12,CC-BY-NC,https://inaturalist-open-data.s3.amazonaws.com/photos/582242390/medium.jpg,"Humber Arboretum, 205 Humber College Blvd, Etobicoke, ON M9W 5L7, Canadá",43.7248385,-79.6074844,649.0,Merganso-cabeçudo
4547,2025-04-09,CC-BY-NC,https://inaturalist-open-data.s3.amazonaws.com/photos/484746987/medium.jpeg,"Toronto, ON M4W 2R8, Canada",43.680379425,-79.3842629716,129.0,Downy Woodpecker
7887,2025-05-01,CC-BY-NC,https://inaturalist-open-data.s3.amazonaws.com/photos/498365810/medium.jpg,"Bayview Village, North York, ON, Canada",43.7803744601,-79.3725729078,420.0,Nashville Warbler
17847,2025-09-21,CC-BY-NC,https://inaturalist-open-data.s3.amazonaws.com/photos/570197072/medium.jpg,"HFVP+MC, Toronto, ON M8V 4B6, Canada",43.5927121845,-79.5121631026,31.0,Gray Catbird
17557,2025-09-18,,https://static.inaturalist.org/photos/568731554/medium.jpg,"Toronto, ON M6S 2V5, Canada",43.6478940533,-79.4702874497,31.0,Black-and-white Warbler
3222,2025-02-17,CC-BY,https://static.inaturalist.org/photos/476549542/medium.jpg,"New Toronto, Etobicoke, ON, Canada",43.592033602,-79.5125757244,40.0,White-winged Crossbill
7741,2025-04-30,CC-BY-NC,https://inaturalist-open-data.s3.amazonaws.com/photos/497816502/medium.jpg,"Nipigon Ave, Toronto, ON, CA",43.7983556149,-79.4161356959,128.0,Baltimore Oriole
1388,2025-02-03,CC-BY-NC,https://inaturalist-open-data.s3.amazonaws.com/photos/467904516/medium.jpeg,"Toronto, ON, Canada",43.6348913732,-79.4603416615,211.0,Lesser Scaup
20673,2025-04-02,CC-BY-NC,https://inaturalist-open-data.s3.amazonaws.com/photos/586493493/medium.jpg,"High Park-Centre, Toronto, ON, Canada",43.6454712084,-79.4632833811,495.0,Gadwall
13803,2025-07-09,,https://static.inaturalist.org/photos/534061424/medium.jpg,"Spadina Ave, Toronto, ON, CA",43.64048,-79.3931716667,13.0,Roodkopgier
11978,2025-01-11,CC-BY-NC,https://inaturalist-open-data.s3.amazonaws.com/photos/516677621/medium.jpg,"Toronto, ON, Canada",43.6073909071,-79.4876789905,15.0,Tufted Duck
7607,2025-04-28,CC-BY-NC,https://inaturalist-open-data.s3.amazonaws.com/photos/497222289/medium.jpg,"Downsview Park, Toronto, ON, CA",43.7426435455,-79.4817886837,26.0,White-throated Sparrow
4247,2025-04-04,CC-BY-NC,https://inaturalist-open-data.s3.amazonaws.com/photos/482923172/medium.jpeg,"Leaside-Bennington, Toronto, ON, Canada",43.7202712092,-79.3544453382,8.0,Red-winged Blackbird
21173,2025-11-04,CC-BY-NC,https://inaturalist-open-data.s3.amazonaws.com/photos/589665710/medium.jpg,"Bayview Village, North York, ON, Canada",43.7818003336,-79.375748103,777.0,American Robin
5874,2025-04-22,CC-BY-NC,https://inaturalist-open-data.s3.amazonaws.com/photos/490128057/medium.jpg,"Bayview Village, North York, ON, Canada",43.7814960364,-79.388696724,219.0,Northern Flicker
14735,2025-07-25,,https://static.inaturalist.org/photos/544632375/medium.jpg,"Marina Quay West, Toronto, ON, CA",43.636505,-79.3955533333,2.0,Red-winged Blackbird
12847,2025-06-14,,https://static.inaturalist.org/photos/523919004/medium.jpg,"Toronto, ON M5J 2W2, Canada",43.6131299801,-79.386075139,55.0,Cedar Waxwing
13416,2025-07-01,CC-BY-NC,https://inaturalist-open-data.s3.amazonaws.com/photos/529820239/medium.jpg,"Bayview Village, North York, ON, Canada",43.7802660266,-79.3700408936,259.0,Red-winged Blackbird
8691,2025-04-26,CC-BY-NC,https://inaturalist-open-data.s3.amazonaws.com/photos/500794058/medium.jpeg,"Colonel  Samuel Smith Park, Toronto, ON, Canada",43.5906511232,-79.5131823425,683.0,American Robin
10275,2025-05-16,,https://static.inaturalist.org/photos/507772673/medium.jpg,"Birch Cliff, Scarborough, ON, Canada",43.696374064,-79.255858851,15.0,House Sparrow
5203,2025-04-18,CC-BY-NC,https://inaturalist-open-data.s3.amazonaws.com/photos/487978543/medium.jpeg,"South Riverdale, Toronto, ON, Canada",43.6280502715,-79.3258652389,259.0,American Coot
10420,2025-05-14,CC-BY-NC,https://inaturalist-open-data.s3.amazonaws.com/photos/508467301/medium.jpg,"Avenue of the Islands, Toronto, ON, CA",43.61858,-79.3733133333,4.0,Canada Goose
1768,2025-02-14,CC-BY-NC,https://inaturalist-open-data.s3.amazonaws.com/photos/470097800/medium.jpg,"Bayview Village, North York, ON, Canada",43.7807355173,-79.3819543931,688.0,House Sparrow
20943,2025-10-25,CC-BY-NC,https://inaturalist-open-data.s3.amazonaws.com/photos/588080307/medium.jpg,"Rouge Park, Beare Wetlands, Toronto, ON, Canada",43.8241136556,-79.1666983393,15.0,Song Sparrow
1229,2025-02-01,CC-BY-NC,https://inaturalist-open-data.s3.amazonaws.com/photos/467453449/medium.jpeg,"High Park-Swansea, Toronto, ON, Canada",43.6502417173,-79.4643280147,99.0,Dark-eyed Junco
1595,2025-02-05,CC-BY-NC,https://inaturalist-open-data.s3.amazonaws.com/photos/468959008/medium.jpeg,"Toronto, ON, Canada",43.5901476322,-79.5188033034,46.0,Tufted Duck
14751,2025-07-15,CC-BY-NC,https://inaturalist-open-data.s3.amazonaws.com/photos/544748753/medium.jpg,"Edenbridge-Humber Valley, Etobicoke, ON, Canada",43.6702728164,-79.5122826788,182.0,Canada Goose
14798,2025-07-30,CC-BY-NC,https://inaturalist-open-data.s3.amazonaws.com/photos/545188664/medium.jpg,"Tam O'Shanter Golf Course, Toronto, ON, CA",43.7913366667,-79.29518,4.0,Red-tailed Hawk
22843,2025-12-17,CC-BY-NC,https://inaturalist-open-data.s3.amazonaws.com/photos/600752176/medium.jpg,"G. Ross Lord Reservoir, Toronto, ON M3H 5W5, Canada",43.7724864,-79.4635155,294.0,Pied-billed Grebe
9595,2025-05-13,CC-BY-NC,https://inaturalist-open-data.s3.amazonaws.com/photos/504439357/medium.jpeg,"Toronto, CA-ON, CA",43.6408466667,-79.45878,4.0,Wood Duck
14289,2025-05-05,CC-BY-NC,https://inaturalist-open-data.s3.amazonaws.com/photos/539374525/medium.jpg,"McCaul St, Toronto, ON, CA",43.6527052015,-79.3908668714,66.0,Bernache du Canada
19254,2025-10-11,CC-BY-NC,https://inaturalist-open-data.s3.amazonaws.com/photos/579238791/medium.jpg,"Bayview Village, Toronto, ON, Canada",43.777636267,-79.3704431046,61.0,Mallard
20973,2025-11-04,CC-BY-NC,https://inaturalist-open-data.s3.amazonaws.com/photos/588258965/medium.jpg,"Downsview, Toronto, ON, Canada",43.743060288,-79.4820398432,266.0,American Goldfinch
1312,2025-02-01,CC-BY-NC,https://inaturalist-open-data.s3.amazonaws.com/photos/467643051/medium.jpeg,"73 Cardiff Rd, North York, ON M4P 2P4, Canada",43.713027,-79.3841394,179.0,White-breasted Nuthatch
22824,2025-12-17,CC-BY-NC,https://inaturalist-open-data.s3.amazonaws.com/photos/600576377/medium.jpg,Toronto,43.6964225769,-79.287979126,4.0,Feral Pigeon
18039,2025-09-24,CC-BY-NC,https://inaturalist-open-data.s3.amazonaws.com/photos/571674040/medium.jpg,"Tommy Thompson Park, Toronto, ON, Canada",43.6489788777,-79.3241999496,122.0,American Pipit
1432,2025-02-05,CC-BY-NC,https://inaturalist-open-data.s3.amazonaws.com/photos/468276126/medium.jpeg,"Unwin Bridge, Toronto, ON, Canada",43.6470022411,-79.3273645299,2.0,Pied-billed Grebe
12309,2025-06-10,,https://static.inaturalist.org/photos/519089933/medium.jpg,"Toronto, ON M6R 2Z3, Canada",43.6443458624,-79.4686519727,63.0,Black-crowned Night Heron
20549,2025-10-29,CC-BY-NC,https://inaturalist-open-data.s3.amazonaws.com/photos/586207565/medium.jpg,"New Toronto, Etobicoke, ON, Canada",43.5912702556,-79.5131561259,410.0,Bufflehead
2675,2025-03-04,CC-BY-NC,https://inaturalist-open-data.s3.amazonaws.com/photos/474211424/medium.jpeg,"Toronto, ON, Canada",43.6365233802,-79.4572514755,155.0,Common Goldeneye
12430,2025-06-10,CC-BY-NC,https://inaturalist-open-data.s3.amazonaws.com/photos/520028574/medium.jpg,"Rouge, Scarborough, ON, Canada",43.8225208418,-79.1665615567,457.0,Osprey
17849,2025-09-21,CC-BY-NC,https://inaturalist-open-data.s3.amazonaws.com/photos/570198889/medium.jpg,"HFVP+MC, Toronto, ON M8V 4B6, Canada",43.5935137509,-79.5119052753,57.0,Black-and-white Warbler
6413,2025-04-25,,https://static.inaturalist.org/photos/491846526/medium.jpg,"W Humber River Trail, Toronto, ON, CA",43.7274033333,-79.6127166667,5.0,Mallard
9813,2025-05-15,CC-BY,https://inaturalist-open-data.s3.amazonaws.com/photos/505538990/medium.jpg,"The Beaches, Toronto, ON, Canada",43.6789466257,-79.2932522024,78.0,Yellow-bellied Flycatcher
6906,2025-04-26,CC-BY-NC,https://inaturalist-open-data.s3.amazonaws.com/photos/493745406/medium.jpeg,"Colonel  Samuel Smith Park, Toronto, ON, Canada",43.5906511232,-79.5131823425,683.0,Double-crested Cormorant
18880,2025-09-26,,https://static.inaturalist.org/photos/576678910/medium.jpg,"Pickering, ON L1V 1H5, Canada",43.8346191685,-79.162969999,202.0,Mourning Dove
2098,2025-02-21,CC-BY-NC,https://inaturalist-open-data.s3.amazonaws.com/photos/471830950/medium.jpg,"High Park, Toronto, ON, CA",43.6437416667,-79.4665133333,3.0,Eastern Red-tailed Hawk
17433,2025-09-16,CC-BY-NC,https://inaturalist-open-data.s3.amazonaws.com/photos/567749340/medium.jpg,Toronto,43.6610336304,-79.3926696777,33.0,Common Yellowthroat
23020,2025-12-22,,https://static.inaturalist.org/photos/601858845/medium.jpg,"Charles St W, Toronto, ON, CA",43.6678236489,-79.3913026976,59.0,Pine Grosbeak
14638,2025-07-27,,https://static.inaturalist.org/photos/543765878/medium.jpg,"East York, ON M4W 2E6, Canada",43.6872999307,-79.366699867,3.0,Great Blue Heron
8516,2025-04-26,CC-BY-NC,https://inaturalist-open-data.s3.amazonaws.com/photos/500538355/medium.jpeg,"Colonel  Samuel Smith Park, Toronto, ON, Canada",43.5906511232,-79.5131823425,683.0,Red-necked Grebe
2226,2025-02-24,CC-BY-NC,https://inaturalist-open-data.s3.amazonaws.com/photos/472346299/medium.jpeg,"Toronto, ON, Canada",43.6561994078,-79.3112620571,61.0,Common Goldeneye × Hooded Merganser
19864,2025-10-18,,https://inaturalist-open-data.s3.amazonaws.com/photos/581767327/medium.jpg,"Scarborough City Centre, Scarborough, ON, Canada",43.7776666667,-79.252875,9.0,Golden-crowned Kinglet
409,2025-01-11,CC-BY-NC,https://inaturalist-open-data.s3.amazonaws.com/photos/463194917/medium.jpg,"Lake Ontario, Toronto, ON, CA",43.6026050311,-79.4921468777,49.0,Tufted Duck
17191,2025-09-13,CC-BY-NC,https://inaturalist-open-data.s3.amazonaws.com/photos/566439791/medium.jpg,"Lake Ontario, Toronto, ON, CA",43.6248979124,-79.324445996,37.0,Gadwall
205,2025-01-03,CC-BY-NC,https://inaturalist-open-data.s3.amazonaws.com/photos/462246345/medium.jpeg,"Colonel  Samuel Smith Park, Toronto, ON, Canada",43.5906511232,-79.5131823425,683.0,Northern Cardinal
14984,2025-08-03,CC-BY-NC,https://inaturalist-open-data.s3.amazonaws.com/photos/547057281/medium.jpg,"Inner Harbour, Toronto, ON, CA",43.64138,-79.3745716667,34.0,Double-crested Cormorant
2180,2025-02-23,CC-BY-NC,https://inaturalist-open-data.s3.amazonaws.com/photos/472132263/medium.jpg,"Humber River, Toronto, ON, CA",43.6326770202,-79.4730561429,132.0,Red-breasted Merganser
11543,2025-06-02,,https://static.inaturalist.org/photos/514898666/medium.jpg,"Corktown Common, Toronto, ON, CA",43.6544216667,-79.35257,4.0,Eastern Wood-Pewee
9104,2025-05-08,CC-BY-NC,https://inaturalist-open-data.s3.amazonaws.com/photos/501966194/medium.jpg,"Ashbridge's Bay Park, Toronto, ON, Canada",43.6562435038,-79.3074713247,4.0,Ring-billed Gull
10982,2025-05-26,CC-BY-NC,https://inaturalist-open-data.s3.amazonaws.com/photos/511179165/medium.jpg,"Bayview Village, North York, ON, Canada",43.7878679381,-79.3747388844,28.0,Mallard
20334,2025-10-24,CC-BY-NC,https://inaturalist-open-data.s3.amazonaws.com/photos/584763776/medium.jpg,"Bayview Village, Toronto, ON, Canada",43.777636267,-79.3704431046,61.0,American Goldfinch
10451,2025-05-19,CC-BY-NC,https://inaturalist-open-data.s3.amazonaws.com/photos/508754370/medium.jpg,"Colonel  Samuel Smith Park, Toronto, ON, Canada",43.5906511232,-79.5131823425,683.0,Ruddy Turnstone
2083,2025-02-21,CC-BY-NC,https://inaturalist-open-data.s3.amazonaws.com/photos/471663068/medium.jpg,"Humber River, Toronto, ON, CA",43.63213,-79.4710383333,1.0,Redhead
18190,2025-07-13,CC-BY-NC,https://inaturalist-open-data.s3.amazonaws.com/photos/572250950/medium.jpg,"Toronto, ON, CA",43.7022366667,-79.236725,2.0,Ring-billed Gull
16444,2025-08-26,CC-BY-NC,https://inaturalist-open-data.s3.amazonaws.com/photos/560430565/medium.jpg,"York, ON M6N 3X7, Canada",43.6783120652,-79.4810970873,155.0,Ruby-throated Hummingbird
1067,2025-01-26,CC-BY-NC,https://inaturalist-open-data.s3.amazonaws.com/photos/466286137/medium.jpeg,"Etobicoke, ON M9A 4N1, Canada",43.6672611754,-79.5142334327,226.0,House Finch
17216,2025-09-13,CC-BY-NC,https://inaturalist-open-data.s3.amazonaws.com/photos/566784221/medium.jpg,"Rosetta McClain Gardens, 5 Glen Everest Rd, Scarborough, ON M1N 1J2, Canada",43.6968253,-79.2557466,193.0,Black-throated Green Warbler
13988,2025-06-28,CC-BY-NC,https://inaturalist-open-data.s3.amazonaws.com/photos/536182731/medium.jpg,"Colonel  Samuel Smith Park, Toronto, ON, Canada",43.5906511232,-79.5131823425,683.0,Red-necked Grebe
1533,2025-01-28,,https://static.inaturalist.org/photos/468889080/medium.jpeg,"Toronto, ON M5A 1A3, Canada",43.6420331782,-79.3444040045,115.0,American Herring Gull
17280,2025-09-12,CC-BY-NC,https://inaturalist-open-data.s3.amazonaws.com/photos/567105003/medium.jpg,"Bayview Village, Toronto, ON, Canada",43.777636267,-79.3704431046,61.0,Red-bellied Woodpecker
9268,2025-05-09,CC-BY-NC,https://inaturalist-open-data.s3.amazonaws.com/photos/502834099/medium.jpeg,"East End-Danforth, Toronto, ON, Canada",43.684951401,-79.3065798422,73.0,Baltimore Oriole
23411,2025-12-28,CC-BY-NC,https://inaturalist-open-data.s3.amazonaws.com/photos/603438623/medium.jpg,"Bayview Village, North York, ON, Canada",43.7796496468,-79.3719593837,720.0,Downy Woodpecker
7308,2025-04-28,CC-BY-NC,https://inaturalist-open-data.s3.amazonaws.com/photos/496008901/medium.jpg,"Toronto, ON, CA",43.6963455371,-79.2552703973,142.0,Black-capped Chickadee
18310,2025-09-27,,https://static.inaturalist.org/photos/572979972/medium.jpg,"West Humber River, Toronto, ON, CA",43.73142,-79.6215216667,4.0,Great Blue Heron
17964,2025-09-23,CC-BY-NC,https://inaturalist-open-data.s3.amazonaws.com/photos/571147666/medium.jpg,"E.T. Seton Park, North York, ON, Canada",43.7154048633,-79.3425870733,2.0,Wood Duck
5424,2025-04-18,CC-BY,https://inaturalist-open-data.s3.amazonaws.com/photos/488799854/medium.jpg,"West side of Grenadier Pond, Toronto, ON",43.641932,-79.468886,50.0,Common Grackle
6938,2025-04-25,CC-BY-NC,https://inaturalist-open-data.s3.amazonaws.com/photos/493953286/medium.jpg,"Rosetta McClain Gardens, 5 Glen Everest Rd, Scarborough, ON M1N 1J2, Canada",43.6968253,-79.2557466,193.0,Red-winged Blackbird
8228,2025-05-03,CC-BY-NC,https://inaturalist-open-data.s3.amazonaws.com/photos/499537811/medium.jpg,"Bayview Village, North York, ON, Canada",43.7819889788,-79.3720881297,300.0,Canada Goose
2290,2025-02-25,CC-BY-NC,https://inaturalist-open-data.s3.amazonaws.com/photos/472604685/medium.jpg,"Scarborough, ON, Canada",43.7088969605,-79.231747209,520.0,Trumpeter Swan
981,2025-01-23,CC-BY-NC,https://inaturalist-open-data.s3.amazonaws.com/photos/465646491/medium.jpeg,"The Kingsway, Etobicoke, ON, Canada",43.6475291733,-79.5116951068,935.0,European Starling
18541,2025-10-01,CC-BY-NC,https://inaturalist-open-data.s3.amazonaws.com/photos/574676047/medium.jpg,"W Humber River Trail, Toronto, ON, CA",43.7243450369,-79.6054405979,500.0,Mallard
10596,2025-05-23,CC-BY-NC,https://inaturalist-open-data.s3.amazonaws.com/photos/509630231/medium.jpg,"HFVP+MC, Toronto, ON M8V 4B6, Canada",43.5933780123,-79.5126760751,94.0,Common Nighthawk
22936,2025-11-14,CC-BY-NC,https://inaturalist-open-data.s3.amazonaws.com/photos/600921411/medium.jpg,"The Kingsway, Etobicoke, ON, Canada",43.6474049591,-79.5115878185,992.0,Downy Woodpecker
19183,2025-10-10,CC-BY-NC,https://inaturalist-open-data.s3.amazonaws.com/photos/578615100/medium.jpg,"Leaside-Bennington, Toronto, ON, Canada",43.6887915952,-79.3664173766,15.0,Purple Finch
1674,2025-02-07,CC-BY-NC,https://inaturalist-open-data.s3.amazonaws.com/photos/469601201/medium.jpeg,"Agricultural Fields, Scarborough, ON, Canada",43.8484577386,-79.1711250691,1000.0,Horned Lark
22960,2025-06-28,CC-BY-NC,https://inaturalist-open-data.s3.amazonaws.com/photos/601233090/medium.jpg,"South Riverdale, Toronto, ON, Canada",43.6431063419,-79.3214168757,30.0,Song Sparrow
7177,2025-04-28,CC-BY,https://inaturalist-open-data.s3.amazonaws.com/photos/494809566/medium.jpeg,"Scarborough, ON M1P 3P5, Canada",43.7633616,-79.2683566,44.0,American Robin
14775,2025-07-30,CC-BY-NC,https://inaturalist-open-data.s3.amazonaws.com/photos/545107806/medium.jpg,"טורונטו, אונטריו M6S 5B3, קנדה",43.6258101036,-79.476525262,69.0,Spinus tristis
11513,2025-05-27,CC-BY-NC,https://inaturalist-open-data.s3.amazonaws.com/photos/514748748/medium.jpg,"Scarborough, ON M1C 2Y9, Canada",43.7911232831,-79.1213394329,22.0,Gray Catbird
9821,2025-05-15,CC-BY,https://inaturalist-open-data.s3.amazonaws.com/photos/505539115/medium.jpg,"The Beaches, Toronto, ON, Canada",43.6784034539,-79.2933008011,57.0,Northern Parula
12727,2025-05-16,,https://static.inaturalist.org/photos/522714368/medium.jpg,"Birch Cliff, Scarborough, ON, Canada",43.6969229915,-79.2546273113,2.0,Red-eyed Vireo
14375,2025-07-20,CC-BY-NC,https://inaturalist-open-data.s3.amazonaws.com/photos/540575930/medium.jpg,"73 Cardiff Rd, North York, ON M4P 2P4, Canada",43.713027,-79.3841394,179.0,Black-capped Chickadee
21844,2025-11-19,CC-BY-NC,https://inaturalist-open-data.s3.amazonaws.com/photos/593042813/medium.jpg,"Bayview Woods-Steeles, North York, ON, Canada",43.7899285532,-79.3784534468,198.0,American Crow
8754,2025-05-06,CC-BY-NC,https://inaturalist-open-data.s3.amazonaws.com/photos/501140989/medium.jpg,"Ashbridge's Bay Park, Toronto, ON, Canada",43.6554299654,-79.3109113074,4.0,Barn Swallow
22194,2025-03-18,CC-BY,https://inaturalist-open-data.s3.amazonaws.com/photos/595925605/medium.jpg,"South Riverdale, Toronto, ON, Canada",43.6504797974,-79.3221481248,234.0,European Starling
20432,2025-10-27,CC-BY-NC,https://inaturalist-open-data.s3.amazonaws.com/photos/585623058/medium.jpg,"Bayview Village, Toronto, ON, Canada",43.777636267,-79.3704431046,61.0,Mallard
20920,2025-10-26,CC0,https://inaturalist-open-data.s3.amazonaws.com/photos/588001686/medium.jpg,"Ontario, CA",43.6049361076,-79.3863155691,141.0,White-throated Sparrow
12645,2025-06-16,CC-BY-NC,https://inaturalist-open-data.s3.amazonaws.com/photos/522161554/medium.jpg,"The Beaches, Toronto, ON, Canada",43.6754937481,-79.294808781,2.0,Black-crowned Night Heron
22503,2025-05-05,CC-BY,https://inaturalist-open-data.s3.amazonaws.com/photos/598395319/medium.jpg,"South Riverdale, Toronto, ON, Canada",43.6281478552,-79.3250122227,80.0,裏海燕鷗
3151,2025-03-11,CC-BY-NC,https://inaturalist-open-data.s3.amazonaws.com/photos/476350602/medium.jpeg,"Toronto, ON, Canada",43.6469995355,-79.3272562314,122.0,American Coot
3767,2025-03-21,CC-BY-NC,https://inaturalist-open-data.s3.amazonaws.com/photos/479564013/medium.jpg,"Bayview Village, North York, ON, Canada",43.7814777428,-79.3731313446,761.0,Red-winged Blackbird
5605,2025-04-19,CC-BY-NC,https://inaturalist-open-data.s3.amazonaws.com/photos/489066474/medium.jpg,"Bayview Village, Toronto, ON, Canada",43.777636267,-79.3704431046,61.0,Spotted Sandpiper
21837,2025-11-19,CC-BY-NC,https://inaturalist-open-data.s3.amazonaws.com/photos/593041657/medium.jpg,"Bayview Village, North York, ON, Canada",43.7833355619,-79.3875250668,323.0,American Robin
10254,2025-05-15,CC-BY-NC,https://inaturalist-open-data.s3.amazonaws.com/photos/507692091/medium.jpg,"Colonel  Samuel Smith Park, Toronto, ON, Canada",43.5906511232,-79.5131823425,683.0,Red-necked Grebe
7547,2025-04-27,CC-BY-NC,https://inaturalist-open-data.s3.amazonaws.com/photos/496843414/medium.jpg,"Bayview Village, Toronto, ON, Canada",43.777636267,-79.3704431046,61.0,Blue-grey Gnatcatcher
13776,2025-07-08,,https://static.inaturalist.org/photos/533674958/medium.jpg,"Toronto, ON M6S 2V5, Canada",43.6487521381,-79.4706482068,17.0,Mallard
218,2025-01-03,CC-BY-NC,https://inaturalist-open-data.s3.amazonaws.com/photos/462250370/medium.jpeg,"Colonel  Samuel Smith Park, Toronto, ON, Canada",43.5906511232,-79.5131823425,683.0,Bufflehead
21255,2025-11-03,CC-BY-NC,https://inaturalist-open-data.s3.amazonaws.com/photos/590131861/medium.jpg,"Rouge Marsh, Toronto, ON, Canada",43.7930075512,-79.1212124116,30.0,Wood Duck
938,2025-01-22,CC-BY-NC,https://inaturalist-open-data.s3.amazonaws.com/photos/465323313/medium.jpeg,"73 Cardiff Rd, North York, ON M4P 2P4, Canada",43.713027,-79.3841394,179.0,Dark-eyed Junco
6473,2025-04-24,CC-BY-NC,https://inaturalist-open-data.s3.amazonaws.com/photos/491887862/medium.jpeg,"Rouge Park, Beare Wetlands, Toronto, ON, Canada",43.8230467756,-79.1671856138,75.0,Green Heron
13856,2025-07-10,CC0,https://inaturalist-open-data.s3.amazonaws.com/photos/534551104/medium.jpg,"Swansea, Toronto, ON, Canada",43.632107612,-79.4711310318,15.0,Cliff Swallow
13552,2025-07-03,CC-BY-NC,https://inaturalist-open-data.s3.amazonaws.com/photos/531257420/medium.jpg,"Rouge, Scarborough, ON, Canada",43.8232675835,-79.1677406902,179.0,Green Heron
2856,2025-03-09,CC-BY-NC,https://inaturalist-open-data.s3.amazonaws.com/photos/475476026/medium.jpeg,"Scarborough, ON M1L 0E3, Canada",43.7056477829,-79.2819239572,168.0,Eastern Screech-Owl
17274,2025-09-06,,https://inaturalist-open-data.s3.amazonaws.com/photos/567095889/medium.jpg,"Scarborough City Centre, Scarborough, ON, Canada",43.7774777778,-79.2510611111,13.0,Ruby-throated Hummingbird
13972,2025-04-27,CC-BY-NC,https://inaturalist-open-data.s3.amazonaws.com/photos/535798492/medium.jpg,"High Park Tr, Toronto, ON, CA",43.6414083333,-79.46328,4.0,Great Egret
12586,2025-06-15,CC-BY-NC,https://inaturalist-open-data.s3.amazonaws.com/photos/521428194/medium.jpg,"Tommy Thompson Park, Toronto, ON, CA",43.651834079,-79.3234402911,22.0,Gray Catbird
9292,2025-05-10,CC-BY,https://inaturalist-open-data.s3.amazonaws.com/photos/502913750/medium.jpg,"Wychwood Park, Toronto, ON M6G, Canada",43.6779251518,-79.4202738997,303.0,Cape May Warbler
149,2025-01-05,CC-BY-NC,https://inaturalist-open-data.s3.amazonaws.com/photos/461985704/medium.jpeg,"Toronto, ON, Canada",43.6254671769,-79.3289866671,316.0,Greater Scaup
3868,2025-03-26,CC-BY-NC,https://inaturalist-open-data.s3.amazonaws.com/photos/480221513/medium.jpeg,"Tommy Thompson Park, Toronto, ON, Canada",43.6479671304,-79.3200968566,244.0,Ring-necked Duck
8964,2025-05-07,,https://static.inaturalist.org/photos/501512997/medium.jpeg,"South Riverdale, Toronto, ON, Canada",43.6607792602,-79.3124244256,31.0,Barn Swallow
13839,2025-07-09,,https://static.inaturalist.org/photos/534349390/medium.jpg,"Toronto Island Park, Toronto, ON, CA",43.622005,-79.3770916667,2.0,Baltimoretroepiaal
7478,2025-04-28,CC-BY-NC,https://inaturalist-open-data.s3.amazonaws.com/photos/496644745/medium.jpeg,"Colonel  Samuel Smith Park, Toronto, ON, Canada",43.5906511232,-79.5131823425,683.0,Common Grackle
21738,2025-11-17,,https://static.inaturalist.org/photos/592394872/medium.jpg,"Corktown Common, Toronto, ON, CA",43.6546166667,-79.3529133333,4.0,Northern Cardinal
11994,2025-06-06,CC-BY-NC,https://inaturalist-open-data.s3.amazonaws.com/photos/516811960/medium.jpg,"Bayview Village, North York, ON, Canada",43.7799538058,-79.3695407263,864.0,Red-winged Blackbird
18779,2025-10-04,CC-BY-NC,https://inaturalist-open-data.s3.amazonaws.com/photos/576075780/medium.jpg,"Parkside Dr, Toronto, ON, CA",43.6550814032,-79.4584714173,115.0,Red-tailed Hawk
15645,2025-08-16,CC-BY-NC,https://inaturalist-open-data.s3.amazonaws.com/photos/553376720/medium.jpg,"Toronto, ON M6P 4B9, Canada",43.6650548764,-79.4491503015,12.0,American Robin
22415,2025-11-30,,https://static.inaturalist.org/photos/598074736/medium.jpg,"South Riverdale, Toronto, ON, Canada",43.6226826756,-79.3311093003,173.0,Pied-billed Grebe
19659,2025-10-16,CC-BY-NC,https://inaturalist-open-data.s3.amazonaws.com/photos/580906258/medium.jpg,"North York General Hospital, Toronto, ON, CA",43.768399554,-79.3612642449,22.0,Ruby-crowned Kinglet
14703,2025-07-28,CC-BY-NC,https://inaturalist-open-data.s3.amazonaws.com/photos/544419690/medium.jpg,"Fleet St at Bathurst St, Toronto, ON M5V 1B7, Canada",43.6364092867,-79.4001634419,35.0,American Crow
7450,2025-04-28,CC-BY-NC,https://inaturalist-open-data.s3.amazonaws.com/photos/496340167/medium.jpg,"Bayview Woods-Steeles, North York, ON, Canada",43.7973988037,-79.3836663271,105.0,Palm Warbler
16109,2025-08-26,CC-BY-NC,https://inaturalist-open-data.s3.amazonaws.com/photos/558090850/medium.jpg,"Leslie St, Toronto, ON, CA",43.76985755,-79.3656,47.0,Chipping Sparrow
17752,2025-09-20,CC-BY-NC,https://inaturalist-open-data.s3.amazonaws.com/photos/569752199/medium.jpg,"Manse Valley, Scarborough, ON, Canada",43.7699258978,-79.147133857,389.0,Mallard
15160,2025-07-31,CC-BY-NC,https://inaturalist-open-data.s3.amazonaws.com/photos/548653616/medium.jpg,"Falstaff Ave, Toronto, ON, CA",43.716264236,-79.494858676,6.0,Canada Goose
22765,2025-12-14,CC-BY-NC,https://inaturalist-open-data.s3.amazonaws.com/photos/599955954/medium.jpg,"Bayview Woods-Steeles, North York, ON, Canada",43.7975985475,-79.3817531773,193.0,American Goldfinch
22632,2025-11-06,CC0,https://inaturalist-open-data.s3.amazonaws.com/photos/598830137/medium.jpg,"Ontario, CA",43.6489522115,-79.3203440497,244.0,Northern Cardinal
21231,2025-11-09,CC-BY-NC,https://inaturalist-open-data.s3.amazonaws.com/photos/589950811/medium.jpg,"73 Cardiff Rd, North York, ON M4P 2P4, Canada",43.713027,-79.3841394,179.0,Dark-eyed Junco
7604,2025-04-29,CC-BY-NC,https://inaturalist-open-data.s3.amazonaws.com/photos/497195503/medium.jpeg,"73 Cardiff Rd, North York, ON M4P 2P4, Canada",43.713027,-79.3841394,179.0,White-throated Sparrow
14582,2025-07-01,CC-BY-NC,https://inaturalist-open-data.s3.amazonaws.com/photos/542953570/medium.jpg,"South Riverdale, Toronto, ON, Canada",43.6313143013,-79.3252138637,882.0,Mallard
2333,2025-02-25,CC-BY-NC,https://inaturalist-open-data.s3.amazonaws.com/photos/472606773/medium.jpg,"Scarborough, ON, Canada",43.7088969605,-79.231747209,520.0,Trumpeter Swan
14367,2025-04-19,,https://static.inaturalist.org/photos/540421978/medium.jpg,"Sheppard Ave East at Yonge St, Avondale, ON M2N 2Z8, Canada",43.7617322981,-79.4092524424,20.0,House Sparrow
10116,2025-05-18,CC-BY,https://inaturalist-open-data.s3.amazonaws.com/photos/507085569/medium.jpg,"Tommy Thompson Park, Toronto, ON, CA",43.6430583333,-79.3212283333,4.0,Trumpeter Swan
10236,2025-05-15,CC-BY-NC,https://inaturalist-open-data.s3.amazonaws.com/photos/507687364/medium.jpg,"Colonel  Samuel Smith Park, Toronto, ON, Canada",43.5906511232,-79.5131823425,683.0,Northern Cardinal
7666,2025-04-30,CC-BY-NC,https://inaturalist-open-data.s3.amazonaws.com/photos/497558606/medium.jpg,"Bayview Village, Toronto, ON, Canada",43.777636267,-79.3704431046,61.0,White-throated Sparrow
20184,2025-10-20,CC-BY-NC,https://inaturalist-open-data.s3.amazonaws.com/photos/583436512/medium.jpg,"Bayview Village, Toronto, ON, Canada",43.777636267,-79.3704431046,61.0,Hermit Thrush
11704,2025-06-03,CC-BY-NC,https://inaturalist-open-data.s3.amazonaws.com/photos/515563678/medium.jpg,"Rouge, Scarborough, ON, Canada",43.8224512829,-79.1666893042,317.0,American Goldfinch
9329,2025-05-10,CC-BY-NC,https://inaturalist-open-data.s3.amazonaws.com/photos/502968500/medium.jpeg,"Toronto, CA-ON, CA",43.6956443787,-79.3736419678,18.0,Chipping Sparrow
7830,2025-05-01,CC-BY-NC,https://inaturalist-open-data.s3.amazonaws.com/photos/498241070/medium.jpg,"Bayview Village, North York, ON, Canada",43.7803519328,-79.3893152642,104.0,Chipping Sparrow
18993,2025-10-08,CC-BY-NC,https://inaturalist-open-data.s3.amazonaws.com/photos/577858369/medium.jpg,"Rosetta McClain Gardens, 5 Glen Everest Rd, Scarborough, ON M1N 1J2, Canada",43.6968253,-79.2557466,193.0,Turkey Vulture
12458,2025-06-13,CC-BY-NC,https://inaturalist-open-data.s3.amazonaws.com/photos/520255163/medium.jpg,"Don Valley Brick Works, Toronto, ON, CA",43.6863666146,-79.366846915,24.0,Black-crowned Night Heron
9915,2025-05-16,CC-BY-NC,https://inaturalist-open-data.s3.amazonaws.com/photos/505924298/medium.jpg,"North Bendale, Scarborough, ON M1H, Canada",43.7707527808,-79.2453630833,44.0,Cooper's Hawk
5228,2025-04-16,CC-BY,https://inaturalist-open-data.s3.amazonaws.com/photos/488018502/medium.png,"Taylor-Massey, ON, Canada",43.6969326269,-79.304370956,148.0,American Robin
14874,2025-08-01,,https://static.inaturalist.org/photos/546022210/medium.jpg,"Dundas St W, Toronto, ON, CA",43.63273,-79.5447533333,14.0,Feral Pigeon
15704,2025-08-16,CC-BY-NC,https://inaturalist-open-data.s3.amazonaws.com/photos/553684773/medium.jpg,"Rouge, Scarborough, ON, Canada",43.8214498205,-79.1647306576,86.0,Solitary Sandpiper
16855,2025-08-27,CC-BY-NC,https://inaturalist-open-data.s3.amazonaws.com/photos/563812712/medium.jpg,"East End-Danforth, Toronto, ON, Canada",43.6849508355,-79.3065902219,13.0,Blue Jay
16904,2025-09-08,CC-BY-NC,https://inaturalist-open-data.s3.amazonaws.com/photos/564442943/medium.jpg,"73 Cardiff Rd, North York, ON M4P 2P4, Canada",43.713027,-79.3841394,179.0,Northern Cardinal
19938,2025-10-19,CC-BY-NC,https://inaturalist-open-data.s3.amazonaws.com/photos/582272809/medium.jpg,"Bayview Village, Toronto, ON, Canada",43.777636267,-79.3704431046,61.0,Hairy Woodpecker
22044,2025-11-24,CC-BY-NC,https://inaturalist-open-data.s3.amazonaws.com/photos/594734189/medium.jpg,"Bayview Village, Toronto, ON, Canada",43.777636267,-79.3704431046,61.0,White-breasted Nuthatch
835,2025-01-13,CC-BY-NC,https://inaturalist-open-data.s3.amazonaws.com/photos/464606858/medium.jpeg,"Rouge, Scarborough, ON, Canada",43.8228598347,-79.1859973829,2.0,Dark-eyed Junco
16595,2025-08-30,CC-BY-NC,https://inaturalist-open-data.s3.amazonaws.com/photos/561684640/medium.jpg,"Bayview Village, Toronto, ON, Canada",43.777636267,-79.3704431046,61.0,Tennessee Warbler
11945,2025-05-29,CC-BY-NC,https://inaturalist-open-data.s3.amazonaws.com/photos/516596281/medium.jpg,"Colonel  Samuel Smith Park, Toronto, ON, Canada",43.5906511232,-79.5131823425,683.0,Blue-grey Gnatcatcher
6712,2025-04-26,,https://static.inaturalist.org/photos/492605065/medium.jpg,"High Park, Toronto, ON, CA",43.64127,-79.45928,43.0,Wood Duck
4798,2025-04-12,CC-BY-NC,https://inaturalist-open-data.s3.amazonaws.com/photos/486020542/medium.jpg,"High Park, Toronto, ON, CA",43.6428424376,-79.4663739087,533.0,Common Grackle
23559,2025-12-31,CC-BY-NC,https://inaturalist-open-data.s3.amazonaws.com/photos/604294132/medium.jpg,"Bayview Village, North York, ON, Canada",43.7835211026,-79.376660345,578.0,Hairy Woodpecker
13615,2025-07-05,CC-BY-NC,https://inaturalist-open-data.s3.amazonaws.com/photos/531861028/medium.jpg,"Colonel Samuel Smith Park, 3145 Lake Shore Blvd W, Etobicoke, ON M8V 4B6, Canada",43.591398,-79.5133857,198.0,Cliff Swallow
6421,2025-04-25,CC-BY-NC,https://inaturalist-open-data.s3.amazonaws.com/photos/491838687/medium.jpg,"Rosetta McClain Gardens, 5 Glen Everest Rd, Scarborough, ON M1N 1J2, Canada",43.6968253,-79.2557466,193.0,Red-bellied Woodpecker
203,2025-01-06,CC-BY-NC,https://inaturalist-open-data.s3.amazonaws.com/photos/462237430/medium.jpg,"Cardiff Rd, Toronto, ON, CA",43.7129992818,-79.3839745692,39.0,American Robin
10247,2025-05-15,CC-BY-NC,https://inaturalist-open-data.s3.amazonaws.com/photos/507688318/medium.jpg,"Colonel  Samuel Smith Park, Toronto, ON, Canada",43.5906511232,-79.5131823425,683.0,Barn Swallow
7199,2025-04-19,CC-BY-NC,https://inaturalist-open-data.s3.amazonaws.com/photos/495079780/medium.jpg,"High Park, Toronto, ON, CA",43.640975,-79.4628616667,2.0,Mallard
7924,2025-04-28,CC-BY,https://inaturalist-open-data.s3.amazonaws.com/photos/498606678/medium.png,"Flemingdon Park, North York, ON, Canada",43.715374509,-79.341495301,55.0,Brown Creeper
16124,2025-08-26,CC-BY,https://inaturalist-open-data.s3.amazonaws.com/photos/558126909/medium.jpg,"Scarborough, ON M1P 3P5, Canada",43.7629911911,-79.2681954056,384.0,Downy Woodpecker
20945,2025-10-25,CC-BY-NC,https://inaturalist-open-data.s3.amazonaws.com/photos/588080319/medium.jpg,"Rouge, Scarborough, ON, Canada",43.8203274417,-79.1620664524,200.0,American Robin
16148,2025-08-20,CC-BY-NC,https://inaturalist-open-data.s3.amazonaws.com/photos/558151558/medium.jpg,"Rosetta McClain Gardens, 5 Glen Everest Rd, Scarborough, ON M1N 1J2, Canada",43.6968253,-79.2557466,193.0,American Robin
19208,2025-09-20,CC-BY-NC,https://inaturalist-open-data.s3.amazonaws.com/photos/578830896/medium.jpg,"Leaside-Bennington, Toronto, ON, Canada",43.6869673509,-79.3669008584,1.0,Great Egret
8489,2025-04-28,CC-BY-NC,https://inaturalist-open-data.s3.amazonaws.com/photos/500350437/medium.jpeg,"Edenbridge-Humber Valley, Etobicoke, ON, Canada",43.6712506245,-79.5120895605,182.0,Spotted Sandpiper
7966,2025-05-02,,https://static.inaturalist.org/photos/498763251/medium.jpg,"Corktown Common, Toronto, ON, CA",43.6546033333,-79.35257,9.0,Hermit Thrush
8110,2025-04-28,CC-BY-NC,https://inaturalist-open-data.s3.amazonaws.com/photos/499304400/medium.jpeg,"Colonel  Samuel Smith Park, Toronto, ON, Canada",43.5906511232,-79.5131823425,683.0,Double-crested Cormorant
5433,2025-04-19,CC-BY-NC,https://inaturalist-open-data.s3.amazonaws.com/photos/488812030/medium.jpeg,"South Riverdale, Toronto, ON, Canada",43.6457203228,-79.3204832884,8.0,Red-breasted Merganser
18854,2025-09-25,,https://static.inaturalist.org/photos/576645518/medium.jpg,"Corktown Common, Toronto, ON, CA",43.65387,-79.3519583333,7.0,Chestnut-sided Warbler
15797,2025-08-19,,https://static.inaturalist.org/photos/554700534/medium.jpg,"Don Valley Brick Works, Toronto, ON, CA",43.6871603856,-79.366863076,7.0,Downy Woodpecker
947,2025-01-12,CC-BY-NC,https://inaturalist-open-data.s3.amazonaws.com/photos/465453848/medium.jpeg,"Colonel  Samuel Smith Park, Toronto, ON, Canada",43.5906511232,-79.5131823425,683.0,Canvasback
3247,2025-03-14,CC-BY-NC,https://inaturalist-open-data.s3.amazonaws.com/photos/476605634/medium.jpeg,"Sherwood Park, Toronto, ON, Canada",43.7130908735,-79.3841491965,15.0,Dark-eyed Junco
10,2025-01-01,CC-BY-NC,https://inaturalist-open-data.s3.amazonaws.com/photos/461085509/medium.jpg,"Lake Ontario, Toronto, ON, CA",43.6422602552,-79.3205225565,29.0,White-winged Scoter
23903,2025-05-26,CC-BY,https://inaturalist-open-data.s3.amazonaws.com/photos/614870555/medium.jpg,"South Riverdale, Toronto, ON, Canada",43.6495442756,-79.3222193569,131.0,Yellow-bellied Flycatcher
10680,2025-05-24,CC-BY-NC,https://inaturalist-open-data.s3.amazonaws.com/photos/509938764/medium.jpg,"Lower Reesor Pond, Toronto, ON M1B 5W5, Canada",43.8280937,-79.1899396,175.0,Red-winged Blackbird
4914,2025-04-14,CC-BY-NC,https://inaturalist-open-data.s3.amazonaws.com/photos/486474812/medium.jpg,"Bayview Village, North York, ON, Canada",43.7803055758,-79.3893452682,94.0,Northern Cardinal
1835,2025-02-14,CC-BY-NC,https://inaturalist-open-data.s3.amazonaws.com/photos/470385980/medium.jpeg,"MM4R+GR, Toronto, ON M4L 3W6, Canada",43.6569255278,-79.3094035238,39.0,Greater Scaup
5253,2025-04-17,CC-BY-NC,https://inaturalist-open-data.s3.amazonaws.com/photos/488113778/medium.jpeg,"Leaside-Bennington, Toronto, ON, Canada",43.7200283452,-79.3545864555,15.0,Brown-headed Cowbird
1996,2025-02-17,CC-BY-NC,https://inaturalist-open-data.s3.amazonaws.com/photos/471037996/medium.jpg,"Bayview Village, Toronto, ON, Canada",43.777636267,-79.3704431046,61.0,American Robin
20075,2025-09-16,CC-BY-NC,https://inaturalist-open-data.s3.amazonaws.com/photos/583006501/medium.jpg,"Humbermede, North York, ON, Canada",43.7421992624,-79.5467114233,1.0,Solitary Sandpiper
17197,2025-09-13,CC-BY-NC,https://inaturalist-open-data.s3.amazonaws.com/photos/566599735/medium.jpg,"Toronto, ON M6G 2T8, Canada",43.663088129,-79.4143627211,43.0,Red-tailed Hawk
12687,2025-06-17,CC-BY-NC,https://inaturalist-open-data.s3.amazonaws.com/photos/522505617/medium.jpg,"Bayview Village, North York, ON, Canada",43.7802519678,-79.3730966403,475.0,Song Sparrow
12891,2025-06-14,CC-BY-NC,https://inaturalist-open-data.s3.amazonaws.com/photos/524395891/medium.jpg,"Rouge National Urban Park, Toronto, ON, CA",43.8148366667,-79.1582333333,6.0,Downy Woodpecker
10840,2025-05-25,CC-BY,https://inaturalist-open-data.s3.amazonaws.com/photos/510604910/medium.jpg,"Scarborough, ON M1P 3P5, Canada",43.7633808,-79.2683456,45.0,Yellow-rumped Warbler
5534,2025-04-20,CC-BY-NC,https://inaturalist-open-data.s3.amazonaws.com/photos/489058044/medium.jpg,"Bayview Village, Toronto, ON, Canada",43.777636267,-79.3704431046,61.0,Black-capped Chickadee
6502,2025-04-25,CC-BY-NC,https://inaturalist-open-data.s3.amazonaws.com/photos/491928617/medium.jpg,"Toronto, ON, Canada",43.694081704,-79.2564225199,474.0,Cooper's Hawk
15541,2025-07-09,CC-BY-NC,https://inaturalist-open-data.s3.amazonaws.com/photos/552169084/medium.jpg,"High Park-Swansea, Toronto, ON, Canada",43.6416116944,-79.4646883056,15.0,Agelaius phoeniceus
21981,2025-11-23,CC-BY-NC,https://inaturalist-open-data.s3.amazonaws.com/photos/594161064/medium.jpg,"High Park-Swansea, Toronto, ON, Canada",43.6431947146,-79.466421876,8.0,White-throated Sparrow
7390,2025-04-28,CC-BY-NC,https://inaturalist-open-data.s3.amazonaws.com/photos/496221546/medium.jpg,"Bayview Village, North York, ON, Canada",43.7815652658,-79.388346418,292.0,American Robin
11008,2025-05-24,,https://static.inaturalist.org/photos/511203813/medium.jpg,Colonel Samuel Smith Park,43.5926216785,-79.5131125598,209.0,Brant
19068,2025-10-08,CC0,https://inaturalist-open-data.s3.amazonaws.com/photos/578082891/medium.jpg,"Ontario, CA",43.7930787762,-79.3411339925,493.0,House Finch
14173,2025-07-18,CC-BY-NC,https://inaturalist-open-data.s3.amazonaws.com/photos/538449983/medium.jpg,"Cardiff Rd, Toronto, ON, CA",43.7130466667,-79.3841466667,12.0,House Finch
15896,2025-08-15,CC-BY-NC,https://inaturalist-open-data.s3.amazonaws.com/photos/555730810/medium.jpg,"Cedar Trail, Rouge Park, Scarborough, ON, Canada",43.8270737233,-79.1712575852,35.0,Cedar Waxwing
14744,2025-02-10,,https://static.inaturalist.org/photos/544727295/medium.jpg,"Yonge St, Toronto, ON, CA",43.6604883333,-79.3827366667,23.0,Red-tailed Hawk
9564,2025-05-10,CC0,https://inaturalist-open-data.s3.amazonaws.com/photos/504131963/medium.jpg,"Ontario, CA",43.6433430172,-79.2670078643,266.0,Mallard
1502,2025-02-04,CC-BY-NC,https://inaturalist-open-data.s3.amazonaws.com/photos/468757447/medium.jpeg,"The Kingsway, Etobicoke, ON, Canada",43.647606807,-79.5116736492,885.0,House Sparrow
10751,2025-05-25,CC-BY-NC,https://inaturalist-open-data.s3.amazonaws.com/photos/510305118/medium.jpg,"Ashbridge's Bay Park, Toronto, ON, Canada",43.661561759,-79.3130121916,4.0,Least Flycatcher
23567,2025-12-31,CC-BY-NC,https://inaturalist-open-data.s3.amazonaws.com/photos/604294379/medium.jpg,"Bayview Village, North York, ON, Canada",43.7814001922,-79.3861671415,536.0,Red-bellied Woodpecker
22053,2025-11-25,CC-BY-NC,https://inaturalist-open-data.s3.amazonaws.com/photos/594738472/medium.jpg,"Bayview Village, North York, ON, Canada",43.7823231763,-79.3717482449,525.0,White-breasted Nuthatch
10978,2025-05-26,CC-BY-NC,https://inaturalist-open-data.s3.amazonaws.com/photos/511165088/medium.jpg,"Sunnyside, Toronto, ON, Canada",43.6363942927,-79.4491257849,8.0,Ruddy Turnstone
1256,2025-01-27,CC-BY-NC,https://inaturalist-open-data.s3.amazonaws.com/photos/467496377/medium.jpeg,"Edenbridge-Humber Valley, Etobicoke, ON, Canada",43.6661865306,-79.513353611,31.0,House Sparrow
22544,2025-12-09,CC-BY-NC,https://inaturalist-open-data.s3.amazonaws.com/photos/598562330/medium.jpg,"Ashbridges Bay Park, Toronto, ON, Canada",43.6573110517,-79.3124085114,8.0,Common Goldeneye × Hooded Merganser
1379,2025-02-03,CC-BY-NC,https://inaturalist-open-data.s3.amazonaws.com/photos/467902860/medium.jpeg,"High Park-Swansea, Toronto, ON, Canada",43.6404997197,-79.4617534251,42.0,White-breasted Nuthatch
21386,2025-11-12,CC-BY-NC,https://inaturalist-open-data.s3.amazonaws.com/photos/590754460/medium.jpg,"The Beaches, Toronto, ON, Canada",43.6755328855,-79.2947053696,8.0,Summer Tanager
2340,2025-02-25,CC-BY-NC,https://inaturalist-open-data.s3.amazonaws.com/photos/472606843/medium.jpg,"Scarborough, ON, Canada",43.7088969605,-79.231747209,520.0,Feral Pigeon
11839,2025-05-05,CC-BY-NC,https://inaturalist-open-data.s3.amazonaws.com/photos/515936313/medium.jpg,"Ontario, CA",43.7680248361,-79.316735543,61.0,Great Egret
9119,2025-05-07,,https://static.inaturalist.org/photos/502068997/medium.jpg,"Don Valley Brick Works, Toronto, ON, CA",43.6872583333,-79.3668883333,9.0,Palm Warbler
10729,2025-05-23,CC-BY-NC,https://inaturalist-open-data.s3.amazonaws.com/photos/510241928/medium.jpg,"High Park Tr, Toronto, ON, CA",43.6416731831,-79.4649386296,5.0,Mute Swan
21791,2025-11-19,CC-BY-NC,https://inaturalist-open-data.s3.amazonaws.com/photos/592889274/medium.jpg,"Ashbridges Bay Park, Toronto, ON, Canada",43.6616595127,-79.3148686282,4.0,Gadwall
21348,2025-11-11,,https://static.inaturalist.org/photos/590694532/medium.jpg,"High Park-Swansea, Toronto, ON, Canada",43.6493556913,-79.4621198017,247.0,Great Horned Owl
3916,2025-03-28,CC-BY-NC,https://inaturalist-open-data.s3.amazonaws.com/photos/480655459/medium.png,"Toronto, ON, Canada",43.6181404112,-79.3666086071,1000.0,Bufflehead
1356,2025-02-02,CC-BY-NC,https://inaturalist-open-data.s3.amazonaws.com/photos/467709103/medium.jpeg,"Colonel  Samuel Smith Park, Toronto, ON, Canada",43.5906511232,-79.5131823425,683.0,Northern Cardinal
13744,2025-06-15,CC-BY,https://inaturalist-open-data.s3.amazonaws.com/photos/533228794/medium.jpg,"Cecil Cres, Toronto, ON, CA",43.70468,-79.24218,27.0,Turkey Vulture
5371,2025-04-19,CC-BY-NC,https://inaturalist-open-data.s3.amazonaws.com/photos/488501963/medium.jpeg,"Ontario, CA",43.7577545676,-79.3376339768,16.0,Yellow-bellied Sapsucker
19021,2025-10-08,CC-BY-NC,https://inaturalist-open-data.s3.amazonaws.com/photos/577899447/medium.jpg,"Morningside, Scarborough, ON, Canada",43.788343187,-79.2052821627,122.0,Blue Jay
10922,2025-05-03,CC-BY-NC,https://inaturalist-open-data.s3.amazonaws.com/photos/510951670/medium.jpg,"High Park Tr, Toronto, ON, CA",43.6428216667,-79.4646916667,5.0,White-breasted Nuthatch
17939,2025-08-18,CC-BY,https://inaturalist-open-data.s3.amazonaws.com/photos/570888739/medium.jpg,"Port Lands, Toronto, ON, Canada",43.6503240891,-79.3479222927,130.0,Double-crested Cormorant
8639,2025-04-26,CC-BY-NC,https://inaturalist-open-data.s3.amazonaws.com/photos/500757951/medium.jpeg,"Colonel  Samuel Smith Park, Toronto, ON, Canada",43.5906511232,-79.5131823425,683.0,Red-breasted Merganser
3560,2025-03-19,CC-BY-NC,https://inaturalist-open-data.s3.amazonaws.com/photos/478051429/medium.jpeg,"73 Cardiff Rd, North York, ON M4P 2P4, Canada",43.713027,-79.3841394,179.0,Dark-eyed Junco
17101,2025-09-10,CC-BY-NC,https://inaturalist-open-data.s3.amazonaws.com/photos/565831777/medium.jpg,"Rosetta McClain Gardens, 5 Glen Everest Rd, Scarborough, ON M1N 1J2, Canada",43.6968253,-79.2557466,193.0,Northern Flicker
10507,2025-05-23,CC-BY-NC,https://inaturalist-open-data.s3.amazonaws.com/photos/509288391/medium.jpg,"High Park-Swansea, Toronto, ON, Canada",43.6528825882,-79.4628319931,258.0,Eastern Kingbird
5426,2025-04-20,,https://static.inaturalist.org/photos/488804208/medium.jpg,"Toronto, ON, CA",43.6859790025,-79.36597429,158.0,Song Sparrow
4087,2025-04-01,CC-BY-NC,https://inaturalist-open-data.s3.amazonaws.com/photos/481997264/medium.jpeg,"Toronto, ON M4T 2B7, Canada",43.6872252576,-79.3881712854,52.0,Red-breasted Nuthatch
7444,2025-04-28,CC-BY-NC,https://inaturalist-open-data.s3.amazonaws.com/photos/496339947/medium.jpg,"Bayview Woods-Steeles, North York, ON, Canada",43.7973988037,-79.3836663271,105.0,Red-bellied Woodpecker
1648,2025-02-10,,https://static.inaturalist.org/photos/469379332/medium.jpg,"Corktown Common, Toronto, ON, CA",43.65432,-79.3528216667,11.0,Downy Woodpecker
19983,2025-10-20,CC-BY-NC,https://static.inaturalist.org/photos/582673159/medium.jpg,"South Riverdale, Toronto, ON, Canada",43.6484869141,-79.3248850788,61.0,Golden-crowned Kinglet
17822,2025-09-21,CC-BY-NC,https://inaturalist-open-data.s3.amazonaws.com/photos/570131725/medium.jpg,"Ashbridges Bay Park, Toronto, ON, CA",43.6603972271,-79.3116391276,24.0,Black-throated Green Warbler
1614,2025-02-09,CC-BY-NC,https://inaturalist-open-data.s3.amazonaws.com/photos/469199319/medium.jpg,"Bayview Village, North York, ON, Canada",43.781447103,-79.3702463777,88.0,Mallard
3148,2025-03-13,,https://static.inaturalist.org/photos/476345981/medium.jpg,"Beltline Tr, Toronto, ON, CA",43.6876,-79.3676916667,11.0,Hairy Woodpecker
17418,2025-09-16,CC-BY-NC,https://inaturalist-open-data.s3.amazonaws.com/photos/567719049/medium.jpg,"Indian Line, Toronto, ON, CA",43.736845,-79.6303416667,6.0,Cooper's Hawk
12022,2025-06-06,CC-BY-NC,https://inaturalist-open-data.s3.amazonaws.com/photos/516849172/medium.jpg,"Downsview, Toronto, ON, Canada",43.743060288,-79.4820398432,266.0,Red-winged Blackbird
22689,2025-12-12,CC-BY-NC,https://inaturalist-open-data.s3.amazonaws.com/photos/599328040/medium.jpg,"Downsview, North York, ON, Canada",43.7460830705,-79.4708711313,452.0,Northern Red-tailed Hawk
13085,2025-06-25,CC-BY-NC,https://inaturalist-open-data.s3.amazonaws.com/photos/526695919/medium.jpg,"Rouge, Scarborough, ON, Canada",43.7945542528,-79.1183818051,8.0,Trumpeter Swan
638,2025-01-14,CC-BY-NC,https://inaturalist-open-data.s3.amazonaws.com/photos/463875510/medium.jpeg,"Mimico-Queensway, Etobicoke, ON, Canada",43.6035180736,-79.4918105011,683.0,House Finch
8599,2025-05-05,CC-BY-NC,https://inaturalist-open-data.s3.amazonaws.com/photos/500707856/medium.jpg,"L'Amoreaux North Park Tr, Toronto, ON, CA",43.8108927152,-79.3074295019,5.0,Brown-headed Cowbird
15909,2025-08-21,CC-BY-NC,https://inaturalist-open-data.s3.amazonaws.com/photos/555837170/medium.jpg,"Bayview Village, Toronto, ON, Canada",43.777636267,-79.3704431046,197.0,Canada Goose
16061,2025-08-15,CC-BY-NC,https://inaturalist-open-data.s3.amazonaws.com/photos/557305051/medium.jpg,"Toronto, ON M4M 0C3, Canada",43.6595806151,-79.325263761,4.0,Northern Yellow Warbler
13780,2025-07-08,CC-BY,https://inaturalist-open-data.s3.amazonaws.com/photos/533698369/medium.jpg,"PQ37+M4, Scarborough, Ontario, Kanada",43.7033040116,-79.2372537777,170.0,Wanderdrossel
19506,2025-10-10,CC-BY-NC,https://inaturalist-open-data.s3.amazonaws.com/photos/580140324/medium.jpg,"Bayview Village, Toronto, ON, Canada",43.777636267,-79.3704431046,61.0,Black-throated Blue Warbler
17285,2025-09-12,CC-BY-NC,https://inaturalist-open-data.s3.amazonaws.com/photos/567110511/medium.jpg,"Bayview Village, North York, ON, Canada",43.7817101229,-79.3736545398,905.0,Swainson's Thrush
23545,2025-12-31,,https://static.inaturalist.org/photos/604248062/medium.jpg,"Toronto, ON, Canada",43.5915507319,-79.5108220258,4.0,Mute Swan
21371,2025-11-11,CC-BY-NC,https://inaturalist-open-data.s3.amazonaws.com/photos/590746606/medium.jpg,"The Kingsway, Etobicoke, ON, Canada",43.647482593,-79.5116951068,990.0,Dark-eyed Junco
2131,2025-02-23,CC-BY-NC,https://inaturalist-open-data.s3.amazonaws.com/photos/472053140/medium.jpeg,"South Riverdale, Toronto, ON, Canada",43.6472667532,-79.3270226868,1.0,Black-capped Chickadee
19535,2025-10-14,CC-BY-NC,https://inaturalist-open-data.s3.amazonaws.com/photos/580328963/medium.jpg,"Bayview Woods-Steeles, North York, ON, Canada",43.7923773503,-79.3793507546,166.0,Northern Cardinal
18534,2025-09-30,CC-BY-NC,https://inaturalist-open-data.s3.amazonaws.com/photos/574641128/medium.jpg,"University of Toronto - St. George Campus, Toronto, ON, CA",43.6659966667,-79.3948283333,2.0,Ruby-crowned Kinglet
8476,2025-04-30,CC-BY-NC,https://inaturalist-open-data.s3.amazonaws.com/photos/500329546/medium.jpeg,"Toronto, ON M5V 3C7, Canada",43.6464335584,-79.386950545,30.0,Hermit Thrush
17389,2025-09-15,CC-BY-NC,https://inaturalist-open-data.s3.amazonaws.com/photos/567402492/medium.jpg,"South Riverdale, Toronto, ON, Canada",43.62744661,-79.3249256119,61.0,Canvasback
7407,2025-04-28,CC-BY-NC,https://inaturalist-open-data.s3.amazonaws.com/photos/496263651/medium.jpg,"Queen's Park, Toronto, ON, CA",43.6671533333,-79.393805,42.0,American Robin
19354,2025-01-20,CC-BY,https://inaturalist-open-data.s3.amazonaws.com/photos/579609997/medium.jpg,"Toronto, ON, Canada",43.6440198873,-79.3301689481,330.0,Great Black-backed Gull
8180,2025-05-02,CC-BY-NC,https://inaturalist-open-data.s3.amazonaws.com/photos/499411696/medium.jpg,"Bayview Village, North York, ON, Canada",43.7815087261,-79.3734399631,529.0,Black-and-white Warbler
2167,2025-02-23,,https://static.inaturalist.org/photos/472116558/medium.jpg,"South Riverdale, Toronto, ON, Canada",43.6256467807,-79.3312673665,122.0,Bufflehead
3687,2025-03-15,CC-BY-NC,https://inaturalist-open-data.s3.amazonaws.com/photos/478799972/medium.jpeg,"Sunnyside Beach, Sunnyside, ON, Canada",43.636766,-79.4520176,885.0,Ring-billed Gull
17641,2025-09-19,CC-BY-NC,https://inaturalist-open-data.s3.amazonaws.com/photos/569226517/medium.jpg,"Bayview Village, Toronto, ON, Canada",43.777636267,-79.3704431046,61.0,Song Sparrow
16346,2025-08-29,CC-BY-NC,https://inaturalist-open-data.s3.amazonaws.com/photos/559597097/medium.jpg,"4001 Leslie St, North York, ON M2K 1E1, Canada",43.7692131,-79.3628187,218.0,Turkey Vulture
22781,2025-12-14,,https://static.inaturalist.org/photos/600095663/medium.jpg,"York, ON M6S 1W6, Canada",43.6517144624,-79.4911848754,26.0,Great Blue Heron
5772,2025-04-20,CC-BY-NC,https://inaturalist-open-data.s3.amazonaws.com/photos/489541602/medium.jpg,"Great Lakes Waterfront Tr, Toronto, ON, CA",43.592769402,-79.513624633,59.0,American Bittern
20723,2025-11-01,CC-BY-NC,https://inaturalist-open-data.s3.amazonaws.com/photos/587098243/medium.jpg,"Leaside-Bennington, Toronto, ON, Canada",43.688829949,-79.3671065868,29.0,Winter Wren
21805,2025-11-12,CC-BY-NC,https://inaturalist-open-data.s3.amazonaws.com/photos/592917807/medium.jpg,"Rouge Beach, Scarborough, ON, Canada",43.7944049,-79.1177828677,50.0,Bufflehead
2158,2025-02-23,,https://static.inaturalist.org/photos/472116378/medium.jpg,"South Riverdale, Toronto, ON, Canada",43.6256467807,-79.3312673665,122.0,Canvasback
5068,2025-04-16,CC-BY-NC,https://inaturalist-open-data.s3.amazonaws.com/photos/487202936/medium.jpg,"Cardiff Rd, Toronto, ON, CA",43.7130229546,-79.3840003022,39.0,Northern Cardinal
4761,2025-04-12,CC-BY-NC,https://inaturalist-open-data.s3.amazonaws.com/photos/485916773/medium.jpeg,"The Kingsway, Etobicoke, ON, Canada",43.6474981197,-79.5116951068,923.0,Black-capped Chickadee
15399,2025-08-10,,https://static.inaturalist.org/photos/550496901/medium.jpg,"Colborne Lodge Dr at Swimming Pool, Toronto, ON M6S 0A4, Canada",43.6478712485,-79.463969171,9.0,Brown-headed Cowbird
1419,2025-02-04,CC-BY-NC,https://inaturalist-open-data.s3.amazonaws.com/photos/468164184/medium.jpg,"Cardiff Rd, Toronto, ON, CA",43.7130297183,-79.3840143384,39.0,Northern Cardinal
18576,2025-09-11,CC-BY,https://inaturalist-open-data.s3.amazonaws.com/photos/574902545/medium.jpg,"The Beaches, Toronto, ON, Canada",43.6785925989,-79.2937618002,63.0,Cedar Waxwing
20402,2025-10-26,CC-BY-NC,https://inaturalist-open-data.s3.amazonaws.com/photos/585235869/medium.jpg,"Bayview Village, North York, ON, Canada",43.7819262805,-79.3723234053,389.0,American Tree Sparrow
13030,2025-06-20,CC-BY,https://inaturalist-open-data.s3.amazonaws.com/photos/525868866/medium.jpg,"High Park-Swansea, Toronto, ON, Canada",43.6458291236,-79.4683367908,84.0,Eastern Wood-Pewee
22075,2025-04-28,,https://static.inaturalist.org/photos/594872548/medium.jpg,"Evergreen Brick Works, Toronto, ON, CA",43.6848563811,-79.3652426524,410.0,House Sparrow
2525,2025-03-01,CC-BY-NC,https://inaturalist-open-data.s3.amazonaws.com/photos/473418836/medium.jpeg,"73 Cardiff Rd, North York, ON M4P 2P4, Canada",43.713027,-79.3841394,179.0,Northern Cardinal
5728,2025-04-19,CC-BY-NC,https://inaturalist-open-data.s3.amazonaws.com/photos/489397949/medium.jpg,"Downsview, North York, ON, Canada",43.7431151654,-79.4804097065,62.0,Savannah Sparrow
6459,2025-04-25,CC-BY-NC,https://inaturalist-open-data.s3.amazonaws.com/photos/491845513/medium.jpg,"Rosetta McClain Gardens, 5 Glen Everest Rd, Scarborough, ON M1N 1J2, Canada",43.6968253,-79.2557466,193.0,Yellow-rumped Warbler
21883,2025-11-21,,https://static.inaturalist.org/photos/593484688/medium.jpg,"Corktown Common, Toronto, ON, CA",43.6542366667,-79.3528966667,4.0,Common Raven
16019,2025-08-24,CC-BY-NC,https://inaturalist-open-data.s3.amazonaws.com/photos/557227619/medium.jpg,"Toronto, ON, Canada",43.6352060426,-79.460345728,122.0,Killdeer
16464,2025-08-30,CC-BY-NC,https://inaturalist-open-data.s3.amazonaws.com/photos/560711314/medium.jpg,"Bayview Village, Toronto, ON, Canada",43.777636267,-79.3704431046,61.0,Black-and-white Warbler
20993,2025-10-11,CC-BY-NC,https://inaturalist-open-data.s3.amazonaws.com/photos/588434305/medium.jpg,"Ashbridges Bay, Toronto, ON, Canada",43.6603169,-79.3151711,572.0,Gadwall
5080,2025-04-16,CC-BY-NC,https://inaturalist-open-data.s3.amazonaws.com/photos/487227909/medium.jpg,"North York General Hospital, Toronto, ON, CA",43.7686533333,-79.3634333333,56.0,Canada Goose
772,2025-01-12,CC-BY-NC,https://inaturalist-open-data.s3.amazonaws.com/photos/464514732/medium.jpeg,"Colonel  Samuel Smith Park, Toronto, ON, Canada",43.5906511232,-79.5131823425,683.0,Red-breasted Merganser
16287,2025-08-29,CC-BY-NC,https://inaturalist-open-data.s3.amazonaws.com/photos/559332747/medium.jpg,"Broadview North, Toronto, ON, CA",43.6952633333,-79.3598633333,14.0,Double-crested Cormorant
15245,2025-01-01,CC-BY-NC,https://inaturalist-open-data.s3.amazonaws.com/photos/549942280/medium.jpg,"York University Heights, North York, ON, Canada",43.7694196555,-79.4970781732,15.0,European Starling
12688,2025-06-17,CC-BY-NC,https://inaturalist-open-data.s3.amazonaws.com/photos/522510766/medium.jpg,"Bayview Village, Toronto, ON, Canada",43.777636267,-79.3704431046,61.0,Song Sparrow
1233,2025-02-01,CC-BY-NC,https://inaturalist-open-data.s3.amazonaws.com/photos/467460250/medium.jpg,"Rouge, Scarborough, ON, Canada",43.7943104942,-79.1179940227,96.0,Canada Goose
22404,2025-12-07,CC-BY-NC,https://inaturalist-open-data.s3.amazonaws.com/photos/597967002/medium.jpg,"Coe Hill Dr, Toronto, ON, CA",43.638805,-79.4687883333,19.0,Northern Cardinal
4124,2025-03-28,CC-BY-NC,https://inaturalist-open-data.s3.amazonaws.com/photos/482227842/medium.jpeg,"The Kingsway, Etobicoke, ON, Canada",43.6474670667,-79.51175948,928.0,Dark-eyed Junco
15316,2025-05-06,CC-BY-NC,https://inaturalist-open-data.s3.amazonaws.com/photos/549995468/medium.jpg,"High Park-Swansea, Toronto, ON, Canada",43.6483208035,-79.4616790145,8.0,Scarlet Tanager
912,2025-01-12,CC-BY-NC,https://inaturalist-open-data.s3.amazonaws.com/photos/465160794/medium.jpeg,"Colonel  Samuel Smith Park, Toronto, ON, Canada",43.5906511232,-79.5131823425,683.0,Red-breasted Merganser
3089,2025-02-05,CC-BY-NC,https://inaturalist-open-data.s3.amazonaws.com/photos/476141558/medium.jpeg,"The Queensway – Humber Bay, Etobicoke, ON, Canada",43.6234058506,-79.4763418997,619.0,Mallard
3785,2025-03-24,CC-BY-NC,https://inaturalist-open-data.s3.amazonaws.com/photos/479566709/medium.jpg,"Toronto, ON, Canada",43.6566094643,-79.3127775572,527.0,Lesser Scaup
17832,2025-09-21,CC-BY-NC,https://inaturalist-open-data.s3.amazonaws.com/photos/570140087/medium.jpg,"Ashbridges Bay Park, Toronto, ON, CA",43.6581994673,-79.3072358658,13.0,Philadelphia Vireo
6228,2025-04-25,CC-BY-NC,https://inaturalist-open-data.s3.amazonaws.com/photos/491622408/medium.jpg,"Queens Quay W, Toronto, ON, CA",43.6367737147,-79.3949696758,161.0,Mirlo primavera
4381,2025-04-07,CC-BY-NC,https://inaturalist-open-data.s3.amazonaws.com/photos/483902125/medium.jpg,"Old Toronto, Toronto, ON, Canada",43.6396809608,-79.4598895572,2.0,Bonaparte's Gull
5011,2025-04-15,,https://static.inaturalist.org/photos/486878347/medium.jpg,"Spadina Ave, Toronto, ON, CA",43.6585189356,-79.399995301,23.0,Canada Goose
5129,2025-04-17,CC-BY-NC,https://inaturalist-open-data.s3.amazonaws.com/photos/487589309/medium.jpeg,"Tommy Thompson Park, Toronto, ON, Canada",43.648648907,-79.3232904375,244.0,Neotropic Cormorant
14192,2025-07-13,CC0,https://inaturalist-open-data.s3.amazonaws.com/photos/538555195/medium.jpg,"Ontario, CA",43.788233493,-79.2046447815,899.0,Northern Cardinal
11407,2025-02-27,CC-BY-NC,https://inaturalist-open-data.s3.amazonaws.com/photos/513798513/medium.jpg,"Sugar Beach Park, Toronto, ON, CA",43.6426466667,-79.3674383333,4.0,Long-tailed Duck
14844,2025-07-31,CC-BY,https://inaturalist-open-data.s3.amazonaws.com/photos/545608976/medium.jpg,"Sunnyside, Toronto, ON, Canada",43.6366186937,-79.4596588611,129.0,Spotted Sandpiper
10974,2025-05-26,CC-BY-NC,https://inaturalist-open-data.s3.amazonaws.com/photos/511157759/medium.jpg,"Toronto Islands, Toronto, ON, CA",43.6212116667,-79.3749466667,4.0,Common Grackle
22592,2025-11-08,CC0,https://inaturalist-open-data.s3.amazonaws.com/photos/598829497/medium.jpg,"Ontario, CA",43.654036232,-79.3223437932,693.0,Mallard
497,2025-01-12,CC-BY-NC,https://inaturalist-open-data.s3.amazonaws.com/photos/463392329/medium.jpeg,"Mimico-Queensway, Etobicoke, ON, Canada",43.6073821992,-79.4890152267,8.0,House Finch
7192,2025-04-26,CC-BY-NC,https://inaturalist-open-data.s3.amazonaws.com/photos/494845686/medium.jpg,"Leaside-Bennington, Toronto, ON, Canada",43.686556673,-79.3666584575,44.0,Chimney Swift
18759,2025-10-04,CC-BY-NC,https://inaturalist-open-data.s3.amazonaws.com/photos/576010061/medium.jpg,"Bayview Village, North York, ON, Canada",43.7778848685,-79.3785211656,909.0,Mallard
3514,2025-03-18,CC-BY-NC,https://inaturalist-open-data.s3.amazonaws.com/photos/477914012/medium.jpg,"Bayview Village, North York, ON, Canada",43.7781598274,-79.3697149428,657.0,Turkey Vulture
14132,2025-06-30,CC-BY-NC,https://inaturalist-open-data.s3.amazonaws.com/photos/537798168/medium.jpg,"Etobicoke, ON M8X 2S9, Canada",43.651722953,-79.5000804216,94.0,Red-winged Blackbird
935,2025-01-19,CC-BY-NC,https://inaturalist-open-data.s3.amazonaws.com/photos/465315002/medium.jpeg,"Rouge Beach, Toronto, ON, Canada",43.7941017463,-79.117375172,25.0,Trumpeter Swan
22527,2025-12-08,CC-BY-NC,https://inaturalist-open-data.s3.amazonaws.com/photos/598432169/medium.jpg,"Nipigon Ave, Toronto, ON, CA",43.7984779465,-79.4157093268,432.0,Pine Siskin
1111,2025-01-24,,https://static.inaturalist.org/photos/466579231/medium.jpeg,"Toronto, ON M4R 1K8, Canada",43.7068908898,-79.3995532393,343.0,Feral Pigeon
15184,2025-08-06,CC-BY-NC,https://inaturalist-open-data.s3.amazonaws.com/photos/549087102/medium.jpg,"Marie Curtis Park, Toronto, ON, CA",43.5869116667,-79.5436966667,1.0,Domestic Mallard
17050,2025-09-11,CC-BY-NC,https://inaturalist-open-data.s3.amazonaws.com/photos/565566960/medium.jpg,"E.T. Seton Park, North York, ON, Canada",43.7145264733,-79.3428776486,8.0,Eastern Wood-Pewee
22372,2025-12-05,,https://static.inaturalist.org/photos/597526291/medium.jpg,"Corktown Common, Toronto, ON, CA",43.653595,-79.3532783333,6.0,Black-capped Chickadee
10649,2025-05-24,CC-BY-NC,https://inaturalist-open-data.s3.amazonaws.com/photos/509850197/medium.jpg,"Lower Reesor Pond, Toronto, ON M1B 5W5, Canada",43.8280937,-79.1899396,175.0,Trumpeter Swan
3839,2025-03-26,CC-BY-NC,https://inaturalist-open-data.s3.amazonaws.com/photos/479944232/medium.jpg,"Bayview Village, Toronto, ON, Canada",43.777636267,-79.3704431046,61.0,Mallard
9016,2025-05-04,CC-BY-NC,https://inaturalist-open-data.s3.amazonaws.com/photos/501602405/medium.jpeg,"South Riverdale, Toronto, ON, Canada",43.6283545052,-79.3225791747,60.0,Killdeer
21662,2025-10-24,CC-BY-NC,https://inaturalist-open-data.s3.amazonaws.com/photos/591978244/medium.jpg,"South Riverdale, Toronto, ON, Canada",43.6505129128,-79.3214725176,133.0,Black-capped Chickadee
9199,2025-05-09,CC-BY-NC,https://inaturalist-open-data.s3.amazonaws.com/photos/502425415/medium.jpeg,"Cliffside, Scarborough, ON, Canada",43.6990346222,-79.2540592579,15.0,Prairie Warbler
8414,2025-05-04,,https://static.inaturalist.org/photos/502111595/medium.jpeg,"Toronto, ON M5J 2T5, Canada",43.6396949281,-79.3772033975,7.0,Feral Pigeon
12111,2025-05-04,CC-BY-NC,https://inaturalist-open-data.s3.amazonaws.com/photos/517713524/medium.jpg,"Toronto, ON M4L 1G5, Canada",43.6650551189,-79.3120853975,9.0,Northern Yellow Warbler
23829,2025-05-03,CC-BY-NC,https://inaturalist-open-data.s3.amazonaws.com/photos/610800680/medium.jpg,"South Riverdale, Toronto, ON, Canada",43.6500624102,-79.3217201819,31.0,Rose-breasted Grosbeak
16734,2025-03-10,CC-BY-NC,https://inaturalist-open-data.s3.amazonaws.com/photos/562889283/medium.jpg,"CF Toronto Eaton Centre, Toronto, ON, CA",43.6549027009,-79.381012432,442.0,Feral Pigeon
20214,2025-10-15,CC-BY-NC,https://inaturalist-open-data.s3.amazonaws.com/photos/583639197/medium.jpg,"Rouge Marsh, Toronto, ON, Canada",43.7927096215,-79.1212932109,15.0,Northern Shoveler
14938,2025-08-02,,https://static.inaturalist.org/photos/546585092/medium.jpg,"Corktown Common, Toronto, ON, CA",43.654555,-79.3529666667,13.0,American Robin
16338,2025-08-29,CC-BY-NC,https://inaturalist-open-data.s3.amazonaws.com/photos/559583138/medium.jpg,"Ashbridge's Bay Park, Toronto, ON, Canada",43.6581597112,-79.3081688546,4.0,Yellow-rumped Warbler
12123,2025-06-08,CC-BY-NC,https://inaturalist-open-data.s3.amazonaws.com/photos/517868620/medium.jpg,"Toronto, CA-ON, CA",43.5935592651,-79.5085449219,918.0,Green Heron
12549,2025-06-07,CC-BY-NC,https://inaturalist-open-data.s3.amazonaws.com/photos/521062466/medium.jpg,"Rouge Park, Beare Wetlands, Toronto, ON, Canada",43.8218790874,-79.1653572413,35.0,Osprey
8801,2025-05-06,,https://static.inaturalist.org/photos/501229035/medium.jpg,"Corktown Common, Toronto, ON, CA",43.654605,-79.3528966667,6.0,Blue-headed Vireo
21212,2025-11-04,CC-BY-NC,https://inaturalist-open-data.s3.amazonaws.com/photos/589848088/medium.jpg,"The Queensway – Humber Bay, Etobicoke, ON, Canada",43.6222373559,-79.4758980466,295.0,Black-crowned Night Heron
17784,2025-09-21,CC-BY-NC,https://inaturalist-open-data.s3.amazonaws.com/photos/570090046/medium.jpg,"New Toronto, Etobicoke, ON, Canada",43.5916544334,-79.5129029033,491.0,Red-necked Grebe
13112,2025-06-25,CC-BY,https://inaturalist-open-data.s3.amazonaws.com/photos/526847624/medium.jpg,"High Park-Swansea, Toronto, ON, Canada",43.64470283,-79.45633599,25.0,Brown-headed Cowbird
9646,2025-05-12,CC-BY-NC,https://inaturalist-open-data.s3.amazonaws.com/photos/504660567/medium.jpg,"Toronto, ON M4M 3M2, Canada",43.6313374333,-79.3231917545,38.0,Common Grackle
12553,2025-06-14,,https://static.inaturalist.org/photos/521106668/medium.jpg,"2000 Meadowvale Rd, Toronto, ON M1B 5K7, Canada",43.8178667,-79.1854373,725.0,Red-winged Blackbird
21762,2025-11-18,CC-BY-NC,https://inaturalist-open-data.s3.amazonaws.com/photos/592705978/medium.jpg,"High Park-Swansea, Toronto, ON, Canada",43.6438115665,-79.4672264976,4.0,House Sparrow
13538,2025-07-03,CC-BY-NC,https://inaturalist-open-data.s3.amazonaws.com/photos/531256992/medium.jpg,"Rouge, Scarborough, ON, Canada",43.8217889728,-79.1643128274,315.0,American Goldfinch
20048,2025-02-25,CC-BY,https://inaturalist-open-data.s3.amazonaws.com/photos/582905505/medium.jpg,"Toronto, ON, Canada",43.6572040331,-79.3080968113,27.0,Common Merganser
6785,2025-04-07,CC-BY-NC,https://inaturalist-open-data.s3.amazonaws.com/photos/492956627/medium.jpg,"Bathurst St, Toronto, ON, CA",43.65775,-79.4081416667,24.0,House Sparrow
20830,2025-11-02,CC-BY-NC,https://inaturalist-open-data.s3.amazonaws.com/photos/587564513/medium.jpg,"Bayview Village, North York, ON, Canada",43.7812969632,-79.3723627724,425.0,White-breasted Nuthatch
3169,2025-03-13,CC-BY-NC,https://inaturalist-open-data.s3.amazonaws.com/photos/476368163/medium.jpeg,"Steeles, Scarborough, ON, Canada",43.8132320317,-79.3066717941,8.0,Great Blue Heron
2849,2025-03-09,CC-BY-NC,https://inaturalist-open-data.s3.amazonaws.com/photos/475425100/medium.jpg,"Mount Pleasant Cemetery, Toronto, ON, CA",43.6926783333,-79.3904033333,4.0,Cooper's Hawk
14041,2025-07-14,CC-BY-NC,https://inaturalist-open-data.s3.amazonaws.com/photos/536760052/medium.jpg,"Huntingwood Dr, Toronto, ON, CA",43.7978591592,-79.2733563146,8.0,American Robin
1896,2025-02-16,CC-BY-NC,https://inaturalist-open-data.s3.amazonaws.com/photos/470648286/medium.jpg,"Bayview Village, North York, ON, Canada",43.7815231477,-79.3883587644,219.0,Northern Cardinal
6786,2025-04-26,CC-BY-NC,https://inaturalist-open-data.s3.amazonaws.com/photos/492979499/medium.jpg,"High Park Tr, Toronto, ON, CA",43.6445099255,-79.4682366495,7.0,Canada Goose
798,2025-01-18,CC-BY-NC,https://inaturalist-open-data.s3.amazonaws.com/photos/464537142/medium.jpg,"Rouge, Scarborough, ON, Canada",43.7943451911,-79.117841925,84.0,Mallard
2668,2025-03-04,,https://static.inaturalist.org/photos/474198428/medium.jpg,"Corktown Common, Toronto, ON, CA",43.654605,-79.3528666667,8.0,Red-winged Blackbird
18024,2025-09-24,,https://static.inaturalist.org/photos/571561224/medium.jpg,"Toronto, ON M5J 2H3, Canada",43.6406586757,-79.3751572073,107.0,Ring-billed Gull
23258,2025-05-19,CC-BY,https://inaturalist-open-data.s3.amazonaws.com/photos/602843959/medium.jpg,"Fallingbrook, Scarborough, ON, Canada",43.6733288626,-79.2783820473,118.0,Cliff Swallow
22236,2025-11-29,CC-BY-NC,https://inaturalist-open-data.s3.amazonaws.com/photos/595984653/medium.jpg,"Colonel Samuel Smith Park, 3145 Lake Shore Blvd W, Etobicoke, ON M8V 4B6, Canada",43.591398,-79.5133857,198.0,Northern Cardinal
2284,2025-02-25,CC-BY-NC,https://inaturalist-open-data.s3.amazonaws.com/photos/472604583/medium.jpg,"Scarborough, ON, Canada",43.7088969605,-79.231747209,520.0,American Herring Gull
9778,2025-05-10,CC-BY-NC,https://inaturalist-open-data.s3.amazonaws.com/photos/505430973/medium.jpg,"South Riverdale, Toronto, ON, Canada",43.6460283468,-79.3209169762,8.0,Barn Swallow
18433,2025-09-28,,https://static.inaturalist.org/photos/573638433/medium.jpg,"High Park, Toronto, ON, CA",43.6424565554,-79.4580154445,20.0,Wood Duck
22551,2025-12-09,,https://static.inaturalist.org/photos/598613395/medium.jpg,"Corktown Common, Toronto, ON, CA",43.6544616667,-79.3526166667,4.0,Downy Woodpecker
22560,2025-12-09,CC-BY-NC,https://inaturalist-open-data.s3.amazonaws.com/photos/598731082/medium.jpg,"Ontario, CA",43.6186188559,-79.3245396548,8.0,Northern Cardinal
8512,2025-04-26,CC-BY-NC,https://inaturalist-open-data.s3.amazonaws.com/photos/500533466/medium.jpeg,"Colonel  Samuel Smith Park, Toronto, ON, Canada",43.5906511232,-79.5131823425,683.0,Common Grackle
6947,2025-04-25,CC-BY-NC,https://inaturalist-open-data.s3.amazonaws.com/photos/493953672/medium.jpg,"Rosetta McClain Gardens, 5 Glen Everest Rd, Scarborough, ON M1N 1J2, Canada",43.6968253,-79.2557466,193.0,Palm Warbler
14445,2025-07-24,CC-BY-NC,https://inaturalist-open-data.s3.amazonaws.com/photos/541767966/medium.jpg,"South Riverdale, Toronto, ON, Canada",43.6613686979,-79.3070508403,1.0,Stilt Sandpiper
9531,2025-05-12,CC-BY-NC,https://inaturalist-open-data.s3.amazonaws.com/photos/504024896/medium.jpg,"Tommy Thompson Park, Toronto, ON, CA",43.6457033333,-79.320825,28.0,Cliff Swallow
6594,2025-04-25,CC-BY-NC,https://inaturalist-open-data.s3.amazonaws.com/photos/492067172/medium.jpeg,"Colonel  Samuel Smith Park, Toronto, ON, Canada",43.5906511232,-79.5131823425,683.0,American Robin
1276,2025-02-01,CC-BY-NC,https://inaturalist-open-data.s3.amazonaws.com/photos/467564546/medium.jpg,"Centennial Scarborough, Scarborough, ON, Canada",43.775053,-79.133669,11.0,Mute Swan
13275,2025-06-01,CC-BY-NC,https://inaturalist-open-data.s3.amazonaws.com/photos/528354586/medium.jpg,"Toronto, ON, Canada",43.7019951526,-79.2423500375,89.0,Black-crowned Night Heron
22834,2025-12-17,CC-BY-NC,https://inaturalist-open-data.s3.amazonaws.com/photos/600626798/medium.jpg,"South Riverdale, Toronto, ON, Canada",43.6223685767,-79.3269278203,8.0,Rough-legged Hawk
19576,2025-10-14,CC-BY-NC,https://inaturalist-open-data.s3.amazonaws.com/photos/580383769/medium.jpg,"Bayview Village, North York, ON, Canada",43.7817787803,-79.3725433734,510.0,American Goldfinch
23504,2025-12-29,CC-BY-NC,https://inaturalist-open-data.s3.amazonaws.com/photos/604035009/medium.jpg,"Bayview Village, Toronto, ON, Canada",43.777636267,-79.3704431046,61.0,Dark-eyed Junco
10856,2025-05-05,CC-BY,https://inaturalist-open-data.s3.amazonaws.com/photos/510623730/medium.jpg,"Scarborough, ON M1P 3P5, Canada",43.7629911911,-79.2681954056,384.0,Black-throated Blue Warbler
22083,2025-11-26,CC-BY-NC,https://inaturalist-open-data.s3.amazonaws.com/photos/595012778/medium.jpg,"Bayview Village, North York, ON, Canada",43.7817101229,-79.3713156535,344.0,Black-capped Chickadee
16013,2025-08-19,CC-BY-NC,https://inaturalist-open-data.s3.amazonaws.com/photos/557222224/medium.jpg,"Rouge Park, Beare Wetlands, Toronto, ON, Canada",43.8229500173,-79.1668852064,35.0,Mallard
18625,2025-09-30,CC0,https://inaturalist-open-data.s3.amazonaws.com/photos/575118377/medium.jpg,"Ontario, CA",43.6740520227,-79.2816570063,246.0,House Sparrow
14826,2025-07-15,CC-BY-NC,https://inaturalist-open-data.s3.amazonaws.com/photos/545394691/medium.jpg,"James Gardens 99 Edenbridge Dr, Etobicoke, ON M9A 3G4, Canada",43.6716852,-79.5142997,182.0,Mallard
10229,2025-05-15,CC-BY-NC,https://inaturalist-open-data.s3.amazonaws.com/photos/507685915/medium.jpg,"Colonel  Samuel Smith Park, Toronto, ON, Canada",43.5906511232,-79.5131823425,683.0,Tree Swallow
5968,2025-04-17,CC-BY-NC,https://inaturalist-open-data.s3.amazonaws.com/photos/490413925/medium.jpg,"Rockcliffe - Smythe, Toronto, ON, Canada",43.6740439521,-79.5010085993,430.0,Canada Goose
19829,2025-10-16,CC-BY,https://inaturalist-open-data.s3.amazonaws.com/photos/581493053/medium.jpg,"The Beaches, Toronto, ON, Canada",43.6758262545,-79.2942843938,31.0,Dark-eyed Junco
20657,2025-04-02,CC-BY-NC,https://inaturalist-open-data.s3.amazonaws.com/photos/586493300/medium.jpg,"High Park-Centre, Toronto, ON, Canada",43.6454712084,-79.4632833811,495.0,Common Grackle
20393,2025-10-24,CC-BY-NC,https://inaturalist-open-data.s3.amazonaws.com/photos/585231280/medium.jpg,"Bayview Village, Toronto, ON, Canada",43.777636267,-79.3704431046,61.0,American Goldfinch
16319,2025-08-29,CC-BY-NC,https://inaturalist-open-data.s3.amazonaws.com/photos/559533370/medium.jpg,"St Lawrence-East Bayfront-The Islands, Toronto, ON, Canada",43.6544623832,-79.3529885068,17.0,Red-winged Blackbird
13751,2025-07-06,CC-BY-NC,https://inaturalist-open-data.s3.amazonaws.com/photos/533335282/medium.jpg,"Bayview Village, North York, ON, Canada",43.7781824145,-79.3696821366,602.0,Northern Cardinal
5202,2025-04-18,CC-BY-NC,https://inaturalist-open-data.s3.amazonaws.com/photos/487972300/medium.jpeg,Toronto,43.638053894,-79.3852539063,19.0,Long-tailed Duck
9862,2025-05-16,,https://static.inaturalist.org/photos/505726950/medium.jpg,"Corktown Common, Toronto, ON, CA",43.6535333333,-79.3530966667,25.0,Blackburnian Warbler
4645,2025-04-11,,https://static.inaturalist.org/photos/485289442/medium.jpeg,"Toronto, ON M6S 2V4, Canada",43.6470306188,-79.4697228447,236.0,Eastern Phoebe
841,2025-01-19,CC-BY-NC,https://inaturalist-open-data.s3.amazonaws.com/photos/464718365/medium.jpg,"Forest Hill Rd, Toronto, ON, CA",43.6866154926,-79.4024931496,114.0,Cooper's Hawk
9426,2025-05-10,CC-BY-NC,https://inaturalist-open-data.s3.amazonaws.com/photos/503377986/medium.jpg,"High Park, Toronto, ON, CA",43.648118152,-79.4652979298,621.0,Lesser Scaup
5683,2025-04-13,,https://inaturalist-open-data.s3.amazonaws.com/photos/489216563/medium.jpg,"Leaside-Bennington, Toronto, ON, Canada",43.6881583623,-79.3665823838,3.0,Red-winged Blackbird
3990,2025-03-31,,https://static.inaturalist.org/photos/481614347/medium.jpg,"Corktown Common, Toronto, ON, CA",43.6541333333,-79.352495,12.0,Brown Creeper
21055,2025-11-06,CC-BY-NC,https://inaturalist-open-data.s3.amazonaws.com/photos/588895967/medium.jpg,"Bayview Village, North York, ON, Canada",43.7815060173,-79.3716173039,351.0,Fox Sparrow
2212,2025-02-22,,https://static.inaturalist.org/photos/472195474/medium.jpeg,"Scarborough, ON M1X 1P2, Canada",43.8521003346,-79.168863818,116.0,Dark-eyed Junco
14225,2025-07-18,CC-BY,https://inaturalist-open-data.s3.amazonaws.com/photos/538743263/medium.jpg,"Great Lakes Waterfront Tr, Toronto, ON, CA",43.6301216667,-79.4203633333,8.0,Mallard
4520,2025-04-08,CC-BY-NC,https://inaturalist-open-data.s3.amazonaws.com/photos/484596623/medium.jpg,"Bayview Village, Toronto, ON, Canada",43.777636267,-79.3704431046,61.0,Northern Cardinal
4890,2025-04-14,CC-BY-NC,https://inaturalist-open-data.s3.amazonaws.com/photos/486459186/medium.jpg,"Bayview Village, North York, ON, Canada",43.7818550979,-79.3864481999,103.0,Black-capped Chickadee
14833,2025-07-31,CC-BY-NC,https://inaturalist-open-data.s3.amazonaws.com/photos/545508425/medium.jpg,"Fairlawn Ave, Toronto, ON, CA",43.7308166667,-79.4057533333,4.0,American Goldfinch
4478,2025-04-09,,https://static.inaturalist.org/photos/484554188/medium.jpg,"Toronto, ON, CA",43.6868724482,-79.3660432872,306.0,Eastern Phoebe
19076,2025-10-08,CC0,https://inaturalist-open-data.s3.amazonaws.com/photos/578082949/medium.jpg,"Ontario, CA",43.6528406949,-79.3309497559,493.0,Turkey Vulture
22020,2025-10-04,CC-BY-NC,https://inaturalist-open-data.s3.amazonaws.com/photos/594584263/medium.jpg,"Port Lands, Toronto, ON, Canada",43.6437126247,-79.3336091191,19.0,Gadwall
5974,2025-04-18,CC-BY-NC,https://inaturalist-open-data.s3.amazonaws.com/photos/490417661/medium.jpeg,"Colonel  Samuel Smith Park, Toronto, ON, Canada",43.5906511232,-79.5131823425,683.0,Brown Creeper
2859,2025-03-08,CC-BY-NC,https://inaturalist-open-data.s3.amazonaws.com/photos/475522250/medium.jpg,"Tommy Thompson Park, Toronto, ON, CA",43.6419966667,-79.3221133333,4.0,Redhead
3312,2025-03-13,CC-BY-NC,https://inaturalist-open-data.s3.amazonaws.com/photos/476974273/medium.jpeg,"Rouge Marsh, Toronto, ON, Canada",43.7945359345,-79.1192701261,15.0,Trumpeter Swan
16829,2025-09-06,,https://static.inaturalist.org/photos/563445466/medium.jpg,"Humber River, Toronto, ON, CA",43.635875,-79.476295,22.0,Great Blue Heron
12628,2025-06-16,,https://static.inaturalist.org/photos/521954321/medium.jpg,"Dundas St E, Toronto, ON, CA",43.6613829313,-79.3621212103,91.0,Turkey Vulture
16936,2025-09-09,CC-BY-NC,https://inaturalist-open-data.s3.amazonaws.com/photos/564801452/medium.jpg,"Bayview Village, Toronto, ON, Canada",43.777636267,-79.3704431046,61.0,Northern Cardinal
19172,2025-10-09,CC-BY-NC,https://inaturalist-open-data.s3.amazonaws.com/photos/578495741/medium.jpg,"Woodbine Beach Dune Habitat, Toronto, ON, Canada",43.6601488066,-79.3084987553,2.0,Swamp Sparrow
17478,2025-09-15,CC-BY-NC,https://inaturalist-open-data.s3.amazonaws.com/photos/568056728/medium.jpg,"Colonel  Samuel Smith Park, Toronto, ON, Canada",43.5906511232,-79.5131823425,683.0,Mallard
21653,2025-11-15,CC-BY-NC,https://inaturalist-open-data.s3.amazonaws.com/photos/591955444/medium.jpg,"Bayview Village, Toronto, ON, Canada",43.777636267,-79.3704431046,61.0,Dark-eyed Junco
20815,2025-11-02,,https://static.inaturalist.org/photos/587532964/medium.jpg,"North Queen St, Toronto, ON, CA",43.6165372713,-79.5543571998,9.0,Canada Goose
21233,2025-11-09,CC-BY-NC,https://inaturalist-open-data.s3.amazonaws.com/photos/589950850/medium.jpg,"73 Cardiff Rd, North York, ON M4P 2P4, Canada",43.713027,-79.3841394,179.0,White-throated Sparrow
12240,2025-05-30,CC-BY-NC,https://inaturalist-open-data.s3.amazonaws.com/photos/518640277/medium.jpg,"Colonel  Samuel Smith Park, Toronto, ON, Canada",43.5906511232,-79.5131823425,683.0,Red-necked Grebe
5337,2025-04-19,CC-BY-NC,https://inaturalist-open-data.s3.amazonaws.com/photos/488416567/medium.jpg,"Woodbine Beach Dune Habitat, Toronto, ON, Canada",43.6600291776,-79.3065702253,4.0,Killdeer
17894,2025-09-21,CC-BY-NC,https://inaturalist-open-data.s3.amazonaws.com/photos/570383048/medium.jpg,"Colonel  Samuel Smith Park, Toronto, ON, Canada",43.5906511232,-79.5131823425,683.0,Magnolia Warbler
20138,2025-10-21,CC-BY-NC,https://inaturalist-open-data.s3.amazonaws.com/photos/583362823/medium.jpg,"Bayview Village, North York, ON, Canada",43.7786285291,-79.3780061814,922.0,American Robin
20022,2025-10-17,CC-BY-NC,https://inaturalist-open-data.s3.amazonaws.com/photos/582714405/medium.jpg,"Bayview Village, North York, ON, Canada",43.7813673163,-79.3722597911,389.0,Winter Wren
6396,2025-04-25,CC-BY-NC,https://inaturalist-open-data.s3.amazonaws.com/photos/491835024/medium.jpg,"Bayview Village, North York, ON, Canada",43.7799538058,-79.3688540808,409.0,Mallard
737,2025-01-17,CC-BY-NC,https://inaturalist-open-data.s3.amazonaws.com/photos/464308898/medium.jpg,"Cardiff Rd, Toronto, ON, CA",43.713034791,-79.3840026416,39.0,Black-capped Chickadee
20833,2025-11-02,CC-BY-NC,https://inaturalist-open-data.s3.amazonaws.com/photos/587566451/medium.jpg,"Bayview Village, North York, ON, Canada",43.7813579742,-79.3723456218,413.0,Northern Cardinal
21085,2025-11-07,CC-BY-NC,https://inaturalist-open-data.s3.amazonaws.com/photos/589205962/medium.jpg,"73 Cardiff Rd, North York, ON M4P 2P4, Canada",43.713027,-79.3841394,179.0,Black-capped Chickadee
10436,2025-05-20,CC-BY-NC,https://inaturalist-open-data.s3.amazonaws.com/photos/508731429/medium.jpg,"Colonel  Samuel Smith Park, Toronto, ON, Canada",43.5906511232,-79.5131823425,683.0,Song Sparrow
16078,2025-08-25,CC-BY-NC,https://inaturalist-open-data.s3.amazonaws.com/photos/557507877/medium.jpg,"North York, ON M3C 3N4, Canada",43.73022763,-79.32618883,6.0,Double-crested Cormorant
5199,2025-04-18,CC-BY-NC,https://inaturalist-open-data.s3.amazonaws.com/photos/487934359/medium.jpeg,Toronto,43.6394958496,-79.3802642822,24.0,House Sparrow
16418,2025-08-30,,https://inaturalist-open-data.s3.amazonaws.com/photos/560083646/medium.jpg,"Scarborough City Centre, Scarborough, ON, Canada",43.7771194444,-79.2510444444,15.0,Ruby-throated Hummingbird
11902,2025-06-05,CC-BY-NC,https://inaturalist-open-data.s3.amazonaws.com/photos/516326584/medium.jpg,"The Beaches, Toronto, ON, Canada",43.6775287614,-79.292665647,15.0,Olive-sided Flycatcher
15922,2025-03-25,CC-BY-NC,https://inaturalist-open-data.s3.amazonaws.com/photos/556109851/medium.jpg,"High Park Tr, Toronto, ON, CA",43.6434568058,-79.4667600782,406.0,White-breasted Nuthatch
12928,2025-06-19,CC-BY-NC,https://inaturalist-open-data.s3.amazonaws.com/photos/524788380/medium.jpg,"Colonel  Samuel Smith Park, Toronto, ON, Canada",43.5906511232,-79.5131823425,683.0,Mallard
1497,2025-02-03,CC-BY-NC,https://inaturalist-open-data.s3.amazonaws.com/photos/468757301/medium.jpeg,"The Kingsway, Etobicoke, ON, Canada",43.647606807,-79.5118023952,957.0,House Sparrow
4976,2025-04-14,CC-BY-NC,https://inaturalist-open-data.s3.amazonaws.com/photos/486595270/medium.jpg,"Martingrove Gardens Park, Toronto, ON, CA",43.68978,-79.5627966667,12.0,Canada Goose
12950,2025-06-21,CC-BY-NC,https://inaturalist-open-data.s3.amazonaws.com/photos/524869737/medium.jpg,"Briar Hill-Belgravia, Toronto, ON, CA",43.7015820559,-79.4558378266,24.0,Red-tailed Hawk
6524,2025-04-25,CC-BY-NC,https://inaturalist-open-data.s3.amazonaws.com/photos/491929171/medium.jpg,"Toronto, ON, Canada",43.694081704,-79.2564225199,474.0,Red-winged Blackbird
18436,2025-09-28,CC-BY-NC,https://inaturalist-open-data.s3.amazonaws.com/photos/573642605/medium.jpg,"Union, Toronto, ON, CA",43.6456395878,-79.3803754147,17.0,House Sparrow
3722,2025-03-23,CC-BY-NC,https://inaturalist-open-data.s3.amazonaws.com/photos/479102863/medium.jpeg,"73 Cardiff Rd, North York, ON M4P 2P4, Canada",43.713027,-79.3841394,179.0,Song Sparrow
880,2025-01-19,CC-BY-NC,https://inaturalist-open-data.s3.amazonaws.com/photos/464862501/medium.jpeg,"73 Cardiff Rd, North York, ON M4P 2P4, Canada",43.713027,-79.3841394,179.0,White-breasted Nuthatch
7106,2025-04-27,CC-BY-NC,https://inaturalist-open-data.s3.amazonaws.com/photos/494589425/medium.jpeg,"305 Erskine Ave, Toronto, ON M4P 1Z7, Canada",43.7141847,-79.3850113,133.0,Chipping Sparrow
11650,2025-06-03,,https://static.inaturalist.org/photos/515382749/medium.jpg,"Toronto, ON M6S 0A4, Canada",43.6477882778,-79.4675539434,146.0,Great Crested Flycatcher
13133,2025-06-25,CC-BY-NC,https://inaturalist-open-data.s3.amazonaws.com/photos/526927928/medium.jpg,"Langbourne Pl, Toronto, ON, CA",43.738269233,-79.3498919365,332.0,American Goldfinch
14499,2025-07-25,,https://static.inaturalist.org/photos/542324719/medium.jpg,"Toronto, ON, CA",43.629395,-79.3258216667,4.0,Trumpeter Swan
18714,2025-10-03,CC-BY-NC,https://inaturalist-open-data.s3.amazonaws.com/photos/575599892/medium.jpg,"Bayview Village, North York, ON, Canada",43.7782455398,-79.3693646487,480.0,Downy Woodpecker
13506,2025-07-03,CC-BY,https://inaturalist-open-data.s3.amazonaws.com/photos/530769768/medium.jpg,"Ontario, CA",43.7170766694,-79.5145680451,9.0,Mourning Dove
4548,2025-04-09,CC-BY-NC,https://inaturalist-open-data.s3.amazonaws.com/photos/484747146/medium.jpeg,"Toronto, ON M4T 1B4, Canada",43.6854527141,-79.3877548724,105.0,Downy Woodpecker
20982,2025-11-03,CC-BY-NC,https://inaturalist-open-data.s3.amazonaws.com/photos/588407272/medium.jpg,"Tommy Thompson Park, Toronto, ON, CA",43.6247390411,-79.3314275294,192.0,Barrow's Goldeneye
16759,2025-09-05,CC-BY-NC,https://inaturalist-open-data.s3.amazonaws.com/photos/562949727/medium.jpg,"Bayview Village, Toronto, ON, Canada",43.777636267,-79.3704431046,61.0,Veery
10918,2025-05-26,CC-BY-NC,https://inaturalist-open-data.s3.amazonaws.com/photos/510922700/medium.jpg,"West Deane Park — Outdoor Pool, Toronto, ON, CA",43.6614037397,-79.5591982378,3.0,Mallard
22684,2025-12-12,CC-BY-NC,https://static.inaturalist.org/photos/599296007/medium.jpg,"Toronto, ON, Canada",43.6238851731,-79.4745192444,31.0,Common Merganser
8548,2025-05-02,CC-BY-NC,https://inaturalist-open-data.s3.amazonaws.com/photos/500566718/medium.jpeg,"Evergreen Brick Works, 550 Bayview Ave, Toronto, ON M4W 3X8, Canada",43.6843314,-79.3647127,165.0,Red-tailed Hawk
20311,2025-10-25,,https://inaturalist-open-data.s3.amazonaws.com/photos/584461580/medium.jpg,"Scarborough City Centre, Scarborough, ON, Canada",43.7766888889,-79.251175,36.0,Dark-eyed Junco
11503,2025-06-01,CC-BY-NC,https://inaturalist-open-data.s3.amazonaws.com/photos/514490081/medium.jpg,"Milliken Park, Scarborough, ON, Canada",43.830084254,-79.2678081276,59.0,Chipping Sparrow
11219,2025-05-29,CC-BY-NC,https://inaturalist-open-data.s3.amazonaws.com/photos/512622364/medium.jpg,"The Beaches, Toronto, ON, Canada",43.6707840542,-79.2946552668,4.0,House Sparrow
17888,2025-09-21,CC-BY-NC,https://inaturalist-open-data.s3.amazonaws.com/photos/570382486/medium.jpg,"Colonel  Samuel Smith Park, Toronto, ON, Canada",43.5906511232,-79.5131823425,683.0,White-throated Sparrow
21603,2025-11-15,CC-BY-NC,https://inaturalist-open-data.s3.amazonaws.com/photos/591599936/medium.jpg,"Thomas McClintock Ln, Toronto, ON, CA",43.6792567459,-79.3492761745,199.0,House Sparrow
18021,2025-09-24,CC-BY-NC,https://inaturalist-open-data.s3.amazonaws.com/photos/571540412/medium.jpg,"Ashbridge's Bay Park, Toronto, ON, Canada",43.6567409653,-79.3060475828,4.0,White-throated Sparrow
10259,2025-05-15,CC-BY-NC,https://inaturalist-open-data.s3.amazonaws.com/photos/507697517/medium.jpg,"Colonel  Samuel Smith Park, Toronto, ON, Canada",43.5906511232,-79.5131823425,683.0,Common Grackle
21702,2025-11-16,CC-BY-NC,https://inaturalist-open-data.s3.amazonaws.com/photos/592128973/medium.jpg,"73 Cardiff Rd, North York, ON M4P 2P4, Canada",43.713027,-79.3841394,179.0,Red-breasted Nuthatch
23240,2025-05-16,CC-BY,https://inaturalist-open-data.s3.amazonaws.com/photos/602838653/medium.jpg,"High Park-Swansea, Toronto, ON, Canada",43.6417251175,-79.4596942194,140.0,Black-and-white Warbler
11851,2025-05-27,CC-BY-NC,https://inaturalist-open-data.s3.amazonaws.com/photos/515959423/medium.jpg,"Colonel  Samuel Smith Park, Toronto, ON, Canada",43.5906511232,-79.5131823425,683.0,Common Grackle
2988,2025-03-11,,https://static.inaturalist.org/photos/475804721/medium.jpg,"Don Valley Brick Works, Toronto, ON, CA",43.6867760115,-79.3664831221,109.0,Downy Woodpecker
18966,2025-10-08,CC-BY-NC,https://inaturalist-open-data.s3.amazonaws.com/photos/577676708/medium.jpg,"Orfus Rd, Toronto, ON, CA",43.71822,-79.4648583333,12.0,Feral Pigeon
23013,2025-12-21,CC-BY-NC,https://inaturalist-open-data.s3.amazonaws.com/photos/601612876/medium.jpg,"Downsview Airport, North York, ON, Canada",43.7483810829,-79.4738359727,8.0,Northern Red-tailed Hawk
22838,2025-12-17,CC-BY-NC,https://inaturalist-open-data.s3.amazonaws.com/photos/600662753/medium.jpg,"High Park-Centre, Toronto, ON, Canada",43.6454712084,-79.4632833811,430.0,Feral Pigeon
4442,2025-04-04,CC-BY-NC,https://inaturalist-open-data.s3.amazonaws.com/photos/484128126/medium.jpeg,"Rouge, Scarborough, ON, Canada",43.831722523,-79.1595804092,100.0,American Robin
16388,2025-08-29,CC-BY-NC,https://inaturalist-open-data.s3.amazonaws.com/photos/559759772/medium.jpg,"Bayview Village, North York, ON, Canada",43.7770002473,-79.3695520413,637.0,Black-crowned Night Heron
11006,2025-05-24,,https://static.inaturalist.org/photos/511202820/medium.jpg,Colonel Samuel Smith Park,43.5926216785,-79.5131125598,209.0,Common Grackle
23728,2025-11-10,,https://static.inaturalist.org/photos/607216318/medium.jpg,"Evergreen Brick Works, 550 Bayview Ave, Toronto, ON M4W 3X8, Canada",43.6843314,-79.3647127,177.0,Song Sparrow
3862,2025-03-26,CC-BY-NC,https://inaturalist-open-data.s3.amazonaws.com/photos/480178123/medium.jpg,"Rouge, Scarborough, ON, Canada",43.7945442598,-79.1184570757,1.0,Ring-billed Gull
1001,2025-01-24,CC-BY-NC,https://inaturalist-open-data.s3.amazonaws.com/photos/465807820/medium.jpeg,"The Kingsway, Etobicoke, ON, Canada",43.6475136471,-79.5116307345,969.0,House Sparrow
619,2025-01-07,CC-BY-NC,https://inaturalist-open-data.s3.amazonaws.com/photos/463848431/medium.jpeg,"Colonel  Samuel Smith Park, Toronto, ON, Canada",43.5906511232,-79.5131823425,683.0,Red-breasted Merganser
17212,2025-09-14,CC-BY-NC,,"Ontario, CA",43.7512357856,-79.5883376665,24.0,Northern Flicker
8474,2025-04-28,CC-BY-NC,https://inaturalist-open-data.s3.amazonaws.com/photos/500322889/medium.jpeg,"Lambton, York, ON, Canada",43.6706297956,-79.5119608137,182.0,Killdeer
17271,2025-09-14,CC-BY-NC,https://inaturalist-open-data.s3.amazonaws.com/photos/567091716/medium.jpg,"Bayview Village, Toronto, ON, Canada",43.777636267,-79.3704431046,61.0,Wilson's Warbler
18849,2025-09-25,,https://static.inaturalist.org/photos/576641791/medium.jpg,"Corktown Common, Toronto, ON, CA",43.6537966667,-79.351945,10.0,Ovenbird
20464,2025-10-28,,https://static.inaturalist.org/photos/585673008/medium.jpg,"York University Heights, North York, ON, Canada",43.7729557933,-79.5014921285,40.0,White-throated Sparrow
10279,2025-05-16,,https://static.inaturalist.org/photos/507772758/medium.jpg,"Birch Cliff, Scarborough, ON, Canada",43.696374064,-79.255858851,15.0,Eastern Kingbird
9265,2025-05-10,CC-BY-NC,https://inaturalist-open-data.s3.amazonaws.com/photos/502803088/medium.jpeg,"New Toronto, Etobicoke, ON, Canada",43.5914791551,-79.5143245247,4.0,House Finch
10182,2025-05-18,CC-BY-NC,https://inaturalist-open-data.s3.amazonaws.com/photos/507569440/medium.jpg,"Etobicoke, ON M8V 3W8, Canada",43.5932048783,-79.5110151172,59.0,Baltimore Oriole
13363,2025-06-25,CC-BY-NC,https://inaturalist-open-data.s3.amazonaws.com/photos/529291077/medium.jpg,"Rouge, Scarborough, ON, Canada",43.8060901408,-79.1350490565,375.0,Common Grackle
6262,2025-04-25,CC-BY-NC,https://inaturalist-open-data.s3.amazonaws.com/photos/491648801/medium.jpeg,"High Park-Swansea, Toronto, ON, Canada",43.6417983604,-79.463288528,45.0,House Sparrow
21199,2025-10-13,CC-BY-NC,https://inaturalist-open-data.s3.amazonaws.com/photos/589835608/medium.jpg,"Downsview, North York, ON, Canada",43.7395743039,-79.4809800441,31.0,White-crowned Sparrow
15949,2025-08-21,,https://static.inaturalist.org/photos/556637907/medium.jpg,"Corktown Common, Toronto, ON, CA",43.6541283333,-79.353425,14.0,American Goldfinch
1369,2025-01-28,CC-BY-NC,https://inaturalist-open-data.s3.amazonaws.com/photos/467810085/medium.jpeg,"Rouge, Scarborough, ON, Canada",43.8317322316,-79.1595411335,350.0,American Robin
1942,2025-02-17,CC-BY-NC,https://inaturalist-open-data.s3.amazonaws.com/photos/470858790/medium.jpeg,"Toronto, ON, Canada",43.6647487966,-79.3025052175,15.0,Ring-billed Gull
12180,2025-05-30,CC-BY-NC,https://inaturalist-open-data.s3.amazonaws.com/photos/518103342/medium.jpg,"Colonel  Samuel Smith Park, Toronto, ON, Canada",43.5906511232,-79.5131823425,683.0,Common Nighthawk
8070,2025-05-02,CC-BY-NC,https://inaturalist-open-data.s3.amazonaws.com/photos/499097490/medium.jpeg,"Colonel  Samuel Smith Park, Toronto, ON, Canada",43.5906511232,-79.5131823425,683.0,Great Blue Heron
12755,2025-06-14,CC-BY-NC,https://inaturalist-open-data.s3.amazonaws.com/photos/523075196/medium.jpg,"Rouge National Urban Park, Toronto, ON, CA",43.7943533333,-79.1187445,13.0,Cliff Swallow
21564,2025-11-13,CC-BY-NC,https://inaturalist-open-data.s3.amazonaws.com/photos/591314133/medium.jpg,"Bayview Village, North York, ON, Canada",43.7809793951,-79.385096426,394.0,White-throated Sparrow
22698,2025-12-09,CC-BY-NC,https://inaturalist-open-data.s3.amazonaws.com/photos/599358625/medium.jpg,"Bayview Village, North York, ON, Canada",43.7801072279,-79.3727272205,503.0,Northern Cardinal
14290,2025-07-19,,https://static.inaturalist.org/photos/539387144/medium.jpg,"New College, Toronto, ON, CA",43.6621533333,-79.400245,15.0,European Starling
6509,2025-04-25,CC-BY-NC,https://inaturalist-open-data.s3.amazonaws.com/photos/491928882/medium.jpg,"Toronto, ON, Canada",43.694081704,-79.2564225199,474.0,House Sparrow
9184,2025-04-27,,https://static.inaturalist.org/photos/502357941/medium.jpg,"Bayview Multi-Use Tr, Toronto, ON, CA",43.679645,-79.3675083333,4.0,Wild Turkey
22182,2025-11-29,CC-BY-NC,https://inaturalist-open-data.s3.amazonaws.com/photos/595840923/medium.jpg,"Long Branch, Etobicoke, ON, Canada",43.5845946955,-79.5442164448,15.0,Black-capped Chickadee
3435,2025-03-11,,https://static.inaturalist.org/photos/477690258/medium.jpeg,"Toronto, ON, Canada",43.6412099363,-79.3230348453,57.0,Common Goldeneye × Hooded Merganser
23682,2025-12-30,CC-BY-NC,https://inaturalist-open-data.s3.amazonaws.com/photos/606028520/medium.jpg,"The Kingsway, Etobicoke, ON, Canada",43.6474981197,-79.5116951068,973.0,House Sparrow
8526,2025-04-26,CC-BY-NC,https://inaturalist-open-data.s3.amazonaws.com/photos/500541484/medium.jpeg,"Colonel  Samuel Smith Park, Toronto, ON, Canada",43.5906511232,-79.5131823425,683.0,Ring-billed Gull
2078,2025-02-21,CC-BY-NC,https://inaturalist-open-data.s3.amazonaws.com/photos/471585201/medium.jpeg,"Toronto, ON M5J 2E9, Canada",43.614345,-79.3778016667,4.0,Mute Swan
15943,2025-08-23,CC-BY-NC,https://inaturalist-open-data.s3.amazonaws.com/photos/556469164/medium.jpg,"Broadway Ave, Toronto, ON, CA",43.7122116667,-79.38578,5.0,Red-tailed Hawk
19236,2025-10-11,CC-BY-NC,https://inaturalist-open-data.s3.amazonaws.com/photos/579020328/medium.jpg,"Queens Quay W, Toronto, ON, CA",43.6396333333,-79.3759,63.0,Double-crested Cormorant
10896,2025-05-25,CC-BY-NC,https://inaturalist-open-data.s3.amazonaws.com/photos/510838394/medium.jpg,"Etobicoke, ON M8V 4B7, Canada",43.5924178775,-79.5122103766,38.0,Barn Swallow
16114,2025-08-26,CC-BY,https://inaturalist-open-data.s3.amazonaws.com/photos/558119319/medium.jpg,"Scarborough, ON M1P 3P5, Canada",43.7629911911,-79.2681954056,384.0,American Robin
23296,2025-06-04,CC-BY,https://inaturalist-open-data.s3.amazonaws.com/photos/602851460/medium.jpg,"High Park-Swansea, Toronto, ON, Canada",43.6525218572,-79.4622695663,119.0,Brown-headed Cowbird
14431,2025-06-28,CC-BY-NC,https://inaturalist-open-data.s3.amazonaws.com/photos/541505372/medium.jpg,"Brimley Rd S, Toronto, ON, CA",43.7070833333,-79.2308666667,20.0,Mallard
18258,2025-09-26,CC-BY-NC,https://inaturalist-open-data.s3.amazonaws.com/photos/572624147/medium.jpg,"Bayview Village, North York, ON, Canada",43.7782961331,-79.3692121181,181.0,Mallard
12342,2025-06-11,CC-BY-NC,https://inaturalist-open-data.s3.amazonaws.com/photos/519374652/medium.jpg,"Toronto, CA-ON, CA",43.6609391449,-79.3078011822,107.0,American Robin
15823,2025-08-19,,https://static.inaturalist.org/photos/554908004/medium.jpg,"South Riverdale, Toronto, ON, Kanada",43.6321190795,-79.323563772,8.0,Setophaga aestiva
16304,2025-06-07,CC-BY-NC,https://inaturalist-open-data.s3.amazonaws.com/photos/559443498/medium.jpg,"Toronto, ON, Canada",43.5900927056,-79.5156046624,31.0,Barn Swallow
18844,2025-09-30,CC-BY-NC,https://inaturalist-open-data.s3.amazonaws.com/photos/576625997/medium.jpg,Colonel Samuel Smith Park,43.5913979907,-79.5133858547,199.0,Mallard
3869,2025-03-26,CC-BY-NC,https://inaturalist-open-data.s3.amazonaws.com/photos/480222258/medium.jpeg,"Tommy Thompson Park Toronto, ON, Canada",43.6491365333,-79.3202012032,122.0,Red-necked Grebe
10562,2025-05-16,CC-BY-NC,https://inaturalist-open-data.s3.amazonaws.com/photos/509425853/medium.jpg,"Colonel  Samuel Smith Park, Toronto, ON, Canada",43.5906511232,-79.5131823425,683.0,Common Grackle
4031,2025-04-01,CC-BY-NC,https://inaturalist-open-data.s3.amazonaws.com/photos/481884609/medium.jpg,"Bayview Village, North York, ON, Canada",43.7787450262,-79.3701475096,743.0,Hairy Woodpecker
7941,2025-04-28,CC-BY,https://inaturalist-open-data.s3.amazonaws.com/photos/498617989/medium.png,"Old East York, East York, ON, Canada",43.701202606,-79.3196835921,32.0,Song Sparrow
11491,2025-06-01,CC-BY-NC,https://inaturalist-open-data.s3.amazonaws.com/photos/514413835/medium.jpg,"Bayview Woods-Steeles, North York, ON, Canada",43.7994951897,-79.3825163691,933.0,Indigo Bunting
11189,2025-05-29,CC-BY-NC,https://inaturalist-open-data.s3.amazonaws.com/photos/512426813/medium.jpg,"Woodbine Beach Dune Habitat, Toronto, ON, Canada",43.66150559,-79.306717665,4.0,Great Blue Heron
6243,2025-04-25,CC-BY-NC,https://inaturalist-open-data.s3.amazonaws.com/photos/491635999/medium.jpeg,"High Park-Swansea, Toronto, ON, Canada",43.6515421458,-79.4620386206,91.0,White-throated Sparrow
15615,2025-08-15,CC-BY-NC,https://inaturalist-open-data.s3.amazonaws.com/photos/552840446/medium.jpg,"Bayview Village, North York, ON, Canada",43.7805644338,-79.3865166354,447.0,Northern Flicker
13812,2025-07-09,CC-BY-NC,https://inaturalist-open-data.s3.amazonaws.com/photos/534117930/medium.jpg,"Queens Quay W, Toronto, ON, CA",43.6370466667,-79.394425,7.0,Red-winged Blackbird
6106,2025-04-25,CC-BY-NC,https://inaturalist-open-data.s3.amazonaws.com/photos/491347796/medium.jpg,"Evergreen Brick Works, Toronto, ON, CA",43.6850384354,-79.3666944133,8.0,American Robin
6960,2025-04-27,,https://static.inaturalist.org/photos/493958529/medium.jpg,"High Park-Swansea, Toronto, ON, Canada",43.6417006888,-79.4657016439,8.0,Mute Swan
14020,2025-07-12,CC-BY-NC,https://inaturalist-open-data.s3.amazonaws.com/photos/536507238/medium.jpg,"Bayview Village, North York, ON, Canada",43.7784610338,-79.3688264887,437.0,Northern Cardinal
16415,2025-08-30,,https://inaturalist-open-data.s3.amazonaws.com/photos/560083344/medium.jpg,"Scarborough City Centre, Scarborough, ON, Canada",43.7740166667,-79.256675,19.0,Ovenbird
1728,2025-02-12,CC-BY-NC-ND,https://inaturalist-open-data.s3.amazonaws.com/photos/469879094/medium.jpeg,"Colonel Samuel Smith Park, 3145 Lake Shore Blvd W, Etobicoke, ON M8V 4B6, Canada",43.591398,-79.5133857,198.0,Long-tailed Duck
1806,2025-02-15,CC-BY-NC,https://inaturalist-open-data.s3.amazonaws.com/photos/470290996/medium.jpg,"Bayview Village, North York, ON, Canada",43.7872029839,-79.3818851149,15.0,Northern Cardinal
20205,2025-10-23,,https://static.inaturalist.org/photos/583593495/medium.jpg,"Simcoe St, Toronto, ON, CA",43.6449920466,-79.3850876266,9.0,Purple Finch
15974,2025-08-23,CC-BY-NC,https://inaturalist-open-data.s3.amazonaws.com/photos/556768377/medium.jpg,"73 Cardiff Rd, North York, ON M4P 2P4, Canada",43.713027,-79.3841394,179.0,Downy Woodpecker
281,2025-01-07,CC0,https://inaturalist-open-data.s3.amazonaws.com/photos/462347935/medium.jpg,"Humber Polytechnic, Toronto, ON, CA",43.7257518576,-79.6098029228,20.0,Red-bellied Woodpecker
17916,2025-09-22,CC-BY-NC,,"Monarch Park, Toronto, ON, CA",43.678328508,-79.3260633393,4.0,Blue Jay
2880,2025-03-10,CC-BY-NC,https://inaturalist-open-data.s3.amazonaws.com/photos/475573692/medium.jpg,"Bayview Woods-Steeles, North York, ON, Canada",43.7917320758,-79.3816322555,457.0,Blue Jay
114,2025-01-04,CC-BY-NC-SA,https://inaturalist-open-data.s3.amazonaws.com/photos/461811631/medium.jpg,"New Toronto, Etobicoke, ON, Canada",43.5918233312,-79.5108151645,8.0,Feral Pigeon
10446,2025-05-20,CC-BY-NC,https://inaturalist-open-data.s3.amazonaws.com/photos/508738404/medium.jpg,"Colonel  Samuel Smith Park, Toronto, ON, Canada",43.5906511232,-79.5131823425,683.0,Northern Yellow Warbler
17529,2025-09-17,CC-BY-NC,https://inaturalist-open-data.s3.amazonaws.com/photos/568424799/medium.jpg,"Rouge, Scarborough, ON, Canada",43.79229843,-79.1222859008,31.0,Ring-billed Gull
3585,2025-03-20,CC-BY-NC,https://inaturalist-open-data.s3.amazonaws.com/photos/478242093/medium.jpg,"Nipigon Ave, Toronto, ON, CA",43.7982818507,-79.4158522817,11.0,Red-winged Blackbird
17799,2025-09-21,CC-BY-NC,https://inaturalist-open-data.s3.amazonaws.com/photos/570090694/medium.jpg,"New Toronto, Etobicoke, ON, Canada",43.5916544334,-79.5129029033,491.0,Swainson's Thrush
17186,2025-09-13,CC-BY-NC,https://inaturalist-open-data.s3.amazonaws.com/photos/566436454/medium.jpg,"Ontario, CA",43.7920645092,-79.2496670975,20.0,Veery
9546,2025-05-12,CC-BY-NC,https://inaturalist-open-data.s3.amazonaws.com/photos/504105474/medium.jpg,"Bayview Village, Toronto, ON, Canada",43.777636267,-79.3704431046,61.0,Grey Catbird
22602,2025-11-16,CC0,https://inaturalist-open-data.s3.amazonaws.com/photos/598829739/medium.jpg,"Ontario, CA",43.7458049094,-79.2000936369,389.0,Mallard
3063,2025-03-12,CC-BY-NC,https://inaturalist-open-data.s3.amazonaws.com/photos/476060277/medium.jpg,"North York General Hospital, Toronto, ON, CA",43.7692097353,-79.362623083,365.0,European Starling
6707,2025-04-26,,https://static.inaturalist.org/photos/492596808/medium.jpg,"High Park, Toronto, ON, CA",43.6450783333,-79.4590916667,43.0,Wood Duck
2363,2025-02-26,CC-BY-NC,https://inaturalist-open-data.s3.amazonaws.com/photos/472800190/medium.jpeg,"Toronto, ON, Canada",43.6363311712,-79.4524467534,74.0,Mute Swan
15553,2025-02-04,CC-BY-NC,https://inaturalist-open-data.s3.amazonaws.com/photos/552407786/medium.jpg,"Midland Ave at Ellesmere Rd, Dorset Park, ON M1P 2W9, Canada",43.7680824273,-79.2711206898,547.0,Red-tailed Hawk
1771,2025-02-14,CC-BY-NC,https://inaturalist-open-data.s3.amazonaws.com/photos/470097822/medium.jpg,"Bayview Village, North York, ON, Canada",43.7807355173,-79.3819543931,688.0,Northern Cardinal
17337,2025-09-11,CC-BY-NC,https://inaturalist-open-data.s3.amazonaws.com/photos/567333543/medium.jpg,"Colonel  Samuel Smith Park, Toronto, ON, Canada",43.5906511232,-79.5131823425,683.0,Ring-billed Gull
16092,2025-08-24,CC-BY-NC,https://inaturalist-open-data.s3.amazonaws.com/photos/557715821/medium.jpg,"Bayview Village, North York, ON, Canada",43.7780265348,-79.3698368688,495.0,Mallard
23266,2025-05-20,CC-BY,https://inaturalist-open-data.s3.amazonaws.com/photos/602844602/medium.jpg,"South Riverdale, Toronto, ON, Canada",43.6313720572,-79.3236690278,146.0,Bay-breasted Warbler
13964,2025-06-27,CC0,https://inaturalist-open-data.s3.amazonaws.com/photos/535680580/medium.jpg,"David A. Balfour Park, Toronto, ON, Canada",43.6861071742,-79.3875819794,2.0,American Goldfinch
10556,2025-05-16,CC-BY-NC,https://inaturalist-open-data.s3.amazonaws.com/photos/509410948/medium.jpg,"Colonel  Samuel Smith Park, Toronto, ON, Canada",43.5906511232,-79.5131823425,683.0,American Robin
11809,2025-05-23,CC-BY-NC,https://inaturalist-open-data.s3.amazonaws.com/photos/515922151/medium.jpg,"New Toronto, Etobicoke, ON, Canada",43.5945758266,-79.5122525477,15.0,Grey Catbird
19204,2025-10-11,CC-BY-NC,https://inaturalist-open-data.s3.amazonaws.com/photos/578782615/medium.jpg,"St Albans Rd, Toronto, ON, CA",43.6371861869,-79.5368928598,9.0,Northern Mockingbird
1718,2025-02-12,,https://static.inaturalist.org/photos/469827329/medium.jpg,"Great Lakes Waterfront Tr, Toronto, ON, CA",43.5905657281,-79.5170566334,118.0,White-winged Scoter
8477,2025-04-28,CC-BY-NC,https://inaturalist-open-data.s3.amazonaws.com/photos/500327098/medium.jpeg,"Lambton, York, ON, Canada",43.6690074566,-79.5114838683,31.0,Common Merganser
5345,2025-04-13,,https://static.inaturalist.org/photos/488421257/medium.jpg,"New Toronto, Etobicoke, ON, Canada",43.5913153422,-79.514377919,31.0,Tree Swallow
163,2025-01-05,CC-BY-NC-ND,https://inaturalist-open-data.s3.amazonaws.com/photos/461993104/medium.jpg,"Colonel Samuel Smith Park, Toronto, ON, Canada",43.5911244367,-79.5098425534,34.0,Tufted Duck
1200,2025-01-30,CC-BY-NC,https://inaturalist-open-data.s3.amazonaws.com/photos/467371018/medium.jpg,"The Queensway – Humber Bay, Etobicoke, ON, Canada",43.6232716349,-79.4767916106,35.0,Trumpeter Swan
21308,2025-11-11,CC-BY-NC,https://inaturalist-open-data.s3.amazonaws.com/photos/590444537/medium.jpg,"High Park, Toronto, ON, CA",43.6430083333,-79.46415,6.0,House Sparrow
34,2025-01-02,CC-BY-NC,https://inaturalist-open-data.s3.amazonaws.com/photos/461323618/medium.jpg,"Kewbeach Ave, Toronto, ON, CA",43.6654466667,-79.3013083333,4.0,Harlequin Duck
19852,2025-10-11,CC-BY-NC,https://inaturalist-open-data.s3.amazonaws.com/photos/581696173/medium.jpg,"Toronto, CA-ON, CA",43.6661148071,-79.3933105469,3.0,Common Grackle
12461,2025-06-13,CC-BY-NC,https://inaturalist-open-data.s3.amazonaws.com/photos/520256253/medium.jpg,"Bennington Heights Dr, Toronto, ON, CA",43.6925648309,-79.3737437099,116.0,Blue Jay
18389,2025-09-28,CC-BY-NC,https://inaturalist-open-data.s3.amazonaws.com/photos/573406920/medium.jpg,"Tommy Thompson Park, Toronto, ON, CA",43.6275666667,-79.327325,3.0,Trumpeter Swan
11510,2025-06-02,CC-BY-NC,https://inaturalist-open-data.s3.amazonaws.com/photos/514716492/medium.jpg,"Bayview Village, Toronto, ON, Canada",43.777636267,-79.3704431046,61.0,Mallard
23907,2025-05-26,CC-BY,https://inaturalist-open-data.s3.amazonaws.com/photos/614870264/medium.jpg,"South Riverdale, Toronto, ON, Canada",43.6429679098,-79.3215010074,155.0,Willow Flycatcher
14919,2025-06-30,CC-BY-NC,https://inaturalist-open-data.s3.amazonaws.com/photos/546431682/medium.jpg,"High Park Tr, Toronto, ON, CA",43.6439289002,-79.467863849,7.0,Mallard
9350,2025-05-10,CC-BY-NC,https://inaturalist-open-data.s3.amazonaws.com/photos/503067983/medium.jpg,"South Riverdale, Toronto, ON, Canada",43.6438911633,-79.3210209233,149.0,Eastern Kingbird
17078,2025-09-11,CC-BY-NC,https://inaturalist-open-data.s3.amazonaws.com/photos/565656596/medium.jpg,"Toronto, ON M4W 2S7, Canada",43.683453903,-79.3841761351,57.0,Chestnut-sided Warbler
1343,2025-02-02,CC-BY-NC,https://inaturalist-open-data.s3.amazonaws.com/photos/467700913/medium.jpeg,"Toronto, ON, Canada",43.6660999372,-79.2946463391,22.0,Iceland Gull
9828,2025-04-29,CC-BY,https://inaturalist-open-data.s3.amazonaws.com/photos/505544326/medium.jpg,"The Beaches, Toronto, ON, Canada",43.674687335,-79.2949438622,22.0,Common Grackle
15689,2025-08-14,,https://static.inaturalist.org/photos/553529282/medium.jpg,"Avenue of the Islands, Toronto, ON, CA",43.6172979093,-79.3732276932,4.0,Mallard
8117,2025-04-28,CC-BY-NC,https://inaturalist-open-data.s3.amazonaws.com/photos/499315430/medium.jpeg,"Colonel  Samuel Smith Park, Toronto, ON, Canada",43.5906511232,-79.5131823425,683.0,American Robin
6901,2025-04-26,CC-BY-NC,https://inaturalist-open-data.s3.amazonaws.com/photos/493743177/medium.jpeg,"Colonel  Samuel Smith Park, Toronto, ON, Canada",43.5906511232,-79.5131823425,683.0,Canada Goose
11765,2025-06-04,CC-BY-NC,https://inaturalist-open-data.s3.amazonaws.com/photos/515763415/medium.jpg,"Toronto, ON, Canada",43.6615232225,-79.3142750859,15.0,Black-crowned Night Heron
5304,2025-04-19,CC-BY-NC,https://inaturalist-open-data.s3.amazonaws.com/photos/488342893/medium.jpeg,"East End-Danforth, Toronto, ON, Canada",43.6849509726,-79.3065863104,100.0,House Finch
15275,2025-03-27,CC-BY-NC,https://inaturalist-open-data.s3.amazonaws.com/photos/549971018/medium.jpg,"Humbermede, North York, ON, Canada",43.7428663045,-79.5489075342,15.0,Song Sparrow
9077,2025-05-08,CC-BY-NC,https://inaturalist-open-data.s3.amazonaws.com/photos/501886816/medium.jpg,"Toronto Metropolitan University, Toronto, ON, CA",43.6585553075,-79.3787211696,26.0,Veery
20460,2025-10-24,CC-BY-NC,https://inaturalist-open-data.s3.amazonaws.com/photos/585638983/medium.jpg,"Bayview Village, North York, ON, Canada",43.7821525314,-79.3733535435,562.0,Fox Sparrow
20487,2025-10-28,,https://static.inaturalist.org/photos/585819601/medium.jpg,"Corktown Common, Toronto, ON, CA",43.654245,-79.3529666667,7.0,Northern Cardinal
19695,2025-10-16,CC-BY-NC,https://inaturalist-open-data.s3.amazonaws.com/photos/581064266/medium.jpg,"Wellington St W, Toronto, ON, CA",43.6472882155,-79.3806814831,45.0,Feral Pigeon
2339,2025-02-25,CC-BY-NC,https://inaturalist-open-data.s3.amazonaws.com/photos/472606825/medium.jpg,"Scarborough, ON, Canada",43.7088969605,-79.231747209,520.0,Bufflehead
12459,2025-06-13,CC-BY-NC,https://inaturalist-open-data.s3.amazonaws.com/photos/520255499/medium.jpg,"Don Valley Brick Works, Toronto, ON, CA",43.6878429883,-79.3664137956,28.0,Red-winged Blackbird
22453,2025-05-02,CC-BY,https://inaturalist-open-data.s3.amazonaws.com/photos/598135795/medium.jpg,"South Riverdale, Toronto, ON, Canada",43.6578931598,-79.3061659762,97.0,Black-and-white Warbler
4357,2025-04-06,CC-BY-NC,https://inaturalist-open-data.s3.amazonaws.com/photos/483708588/medium.jpeg,"Evergreen Brick Works, 550 Bayview Ave, Toronto, ON M4W 3X8, Canada",43.6843314,-79.3647127,165.0,Golden-crowned Kinglet
21546,2025-11-13,CC-BY-NC,https://inaturalist-open-data.s3.amazonaws.com/photos/591313724/medium.jpg,"Bayview Village, North York, ON, Canada",43.7820227937,-79.3747671207,685.0,Northern Cardinal
21834,2025-11-19,CC-BY-NC,https://inaturalist-open-data.s3.amazonaws.com/photos/593041607/medium.jpg,"Bayview Village, North York, ON, Canada",43.7833355619,-79.3875250668,323.0,American Robin
10517,2025-05-23,CC-BY-NC,https://inaturalist-open-data.s3.amazonaws.com/photos/509294901/medium.jpg,"High Park-Swansea, Toronto, ON, Canada",43.6530437091,-79.4622454845,99.0,Indigo Bunting
17025,2025-09-06,CC-BY-NC,https://inaturalist-open-data.s3.amazonaws.com/photos/565358045/medium.jpg,"Rouge, Scarborough, ON, Canada",43.794634256,-79.1192487814,75.0,Mallard
7837,2025-05-01,CC-BY-NC,https://inaturalist-open-data.s3.amazonaws.com/photos/498241383/medium.jpg,"Bayview Village, North York, ON, Canada",43.7803519328,-79.3893152642,104.0,Northern Cardinal
7791,2025-04-28,CC-BY-NC,https://inaturalist-open-data.s3.amazonaws.com/photos/498104377/medium.jpeg,"Colonel  Samuel Smith Park, Toronto, ON, Canada",43.5906511232,-79.5131823425,683.0,Common Grackle
17324,2025-09-11,CC-BY-NC,https://inaturalist-open-data.s3.amazonaws.com/photos/567310608/medium.jpg,"Colonel  Samuel Smith Park, Toronto, ON, Canada",43.5906511232,-79.5131823425,683.0,Black-crowned Night Heron
12936,2025-06-19,CC-BY-NC,https://inaturalist-open-data.s3.amazonaws.com/photos/524798174/medium.jpg,"Colonel  Samuel Smith Park, Toronto, ON, Canada",43.5906511232,-79.5131823425,683.0,American Robin
17666,2025-09-13,CC-BY-NC,https://inaturalist-open-data.s3.amazonaws.com/photos/569283123/medium.jpg,"Rosetta McClain Gardens, 5 Glen Everest Rd, Scarborough, ON M1N 1J2, Canada",43.6968253,-79.2557466,193.0,Hairy Woodpecker
12126,2025-05-11,CC-BY-NC,https://inaturalist-open-data.s3.amazonaws.com/photos/517865953/medium.jpg,"Ontario, CA",43.6264292355,-79.5665742819,105.0,American Robin
16330,2025-08-29,CC-BY-NC,https://inaturalist-open-data.s3.amazonaws.com/photos/559570247/medium.jpg,"Toronto, ON, CA",43.6282242729,-79.3250630993,98.0,Short-billed Dowitcher
4158,2025-04-03,,https://static.inaturalist.org/photos/482534328/medium.jpg,"Corktown Common, Toronto, ON, CA",43.65427,-79.3527833333,7.0,White-throated Sparrow
5259,2025-04-17,CC-BY-NC,https://inaturalist-open-data.s3.amazonaws.com/photos/488113944/medium.jpeg,"Leaside-Bennington, Toronto, ON, Canada",43.7200283452,-79.3545864555,15.0,Brown-headed Cowbird
2408,2025-02-28,CC-BY-NC,https://inaturalist-open-data.s3.amazonaws.com/photos/473227555/medium.jpg,"Humber River Recreational Trail, Toronto, ON, CA",43.6322366667,-79.4727383333,4.0,Common Goldeneye
322,2025-01-08,CC-BY-NC,https://inaturalist-open-data.s3.amazonaws.com/photos/462586732/medium.jpg,"Bridle Path-Sunnybrook-York Mills, Toronto, ON, Canada",43.7302735317,-79.3571613691,418.0,Northern Cardinal
2030,2025-01-11,,https://static.inaturalist.org/photos/471274414/medium.jpeg,"Scarborough, ON M1V 3K7, Canada",43.8289102984,-79.2704715952,103.0,Northern Flicker
2992,2025-03-11,CC-BY-NC,https://inaturalist-open-data.s3.amazonaws.com/photos/475887382/medium.jpeg,"Toronto, ON M4E 1H8, Canada",43.6735155,-79.2833442,945.0,Mute Swan
5504,2025-04-18,CC-BY-NC,https://inaturalist-open-data.s3.amazonaws.com/photos/488995997/medium.jpeg,"Colonel  Samuel Smith Park, Toronto, ON, Canada",43.5906511232,-79.5131823425,683.0,Red-winged Blackbird
6601,2025-04-25,CC-BY-NC,https://inaturalist-open-data.s3.amazonaws.com/photos/492078058/medium.jpeg,"Colonel  Samuel Smith Park, Toronto, ON, Canada",43.5906511232,-79.5131823425,683.0,American Robin
16218,2025-08-13,CC-BY-NC,https://inaturalist-open-data.s3.amazonaws.com/photos/558798635/medium.jpg,"Toronto, ON, CA",43.6441083333,-79.49108,61.0,Double-crested Cormorant
19196,2025-10-09,CC-BY-NC,https://inaturalist-open-data.s3.amazonaws.com/photos/578636154/medium.jpg,"Bayview Village, Toronto, ON, Canada",43.777636267,-79.3704431046,61.0,Song Sparrow
2785,2025-03-08,,https://static.inaturalist.org/photos/475135595/medium.jpg,"Yonge St, Toronto, ON, CA",43.6718333333,-79.38765,17.0,Feral Pigeon
14693,2025-07-28,CC-BY-NC,https://inaturalist-open-data.s3.amazonaws.com/photos/544334635/medium.jpg,"Bayview Village, North York, ON, Canada",43.7870060275,-79.3831833895,61.0,Red-winged Blackbird
2751,2025-02-13,,https://static.inaturalist.org/photos/474891902/medium.jpg,"University of Toronto Faculty of Arts & Science, Toronto, ON, CA",43.6626666667,-79.398125,12.0,Cooper's Hawk
153,2025-01-05,CC-BY,https://inaturalist-open-data.s3.amazonaws.com/photos/461985774/medium.jpg,"Mimico-Queensway, Etobicoke, ON, Canada",43.6074924316,-79.4880737726,2.0,Greater Scaup
5560,2025-04-20,,https://static.inaturalist.org/photos/489058913/medium.jpg,"South Riverdale, Toronto, ON, Canada",43.6491965708,-79.3237503191,31.0,Brown Creeper
1190,2025-01-30,CC-BY-NC,https://inaturalist-open-data.s3.amazonaws.com/photos/467187426/medium.jpg,"Bayview Village, North York, ON, Canada",43.781896027,-79.3727318599,450.0,Mallard
8240,2025-04-29,CC-BY-NC,,"Toronto, CA-ON, CA",43.6840234619,-79.3782826915,35.0,House Sparrow
8384,2025-05-04,CC-BY-NC,https://inaturalist-open-data.s3.amazonaws.com/photos/500011676/medium.jpg,"Clairville, Etobicoke, ON, Canada",43.7394473562,-79.6315111839,31.0,Northern House Wren
19072,2025-10-08,CC0,https://inaturalist-open-data.s3.amazonaws.com/photos/578082924/medium.jpg,"Ontario, CA",43.7182937842,-79.3025666309,493.0,White-crowned Sparrow
10200,2025-05-16,,https://static.inaturalist.org/photos/507607084/medium.jpg,"Birch Cliff, Scarborough, ON, Canada",43.696221887,-79.2557577929,15.0,Rose-breasted Grosbeak
12886,2025-06-14,CC-BY-NC,https://inaturalist-open-data.s3.amazonaws.com/photos/524393216/medium.jpg,"Rouge National Urban Park, Toronto, ON, CA",43.8129916667,-79.1572111667,3.0,Great Blue Heron
9230,2025-05-09,CC-BY-NC,https://inaturalist-open-data.s3.amazonaws.com/photos/502529882/medium.jpg,"Todmorden Mills Park, Toronto, ON, CA",43.6849478858,-79.3601838274,372.0,Baltimore Oriole
15593,2025-08-13,CC0,https://inaturalist-open-data.s3.amazonaws.com/photos/552802809/medium.jpg,"Ontario, CA",43.6236585393,-79.366476649,480.0,Double-crested Cormorant
306,2025-01-08,CC-BY-NC,https://inaturalist-open-data.s3.amazonaws.com/photos/462586135/medium.jpg,"Bridle Path-Sunnybrook-York Mills, Toronto, ON, Canada",43.7302735317,-79.3571613691,418.0,Red-bellied Woodpecker
20276,2025-10-24,CC-BY-NC,https://inaturalist-open-data.s3.amazonaws.com/photos/584169283/medium.jpg,"Ontario, CA",43.6063582627,-79.3374530742,58.0,Eastern Bluebird
17802,2025-09-18,CC0,https://inaturalist-open-data.s3.amazonaws.com/photos/570092856/medium.jpg,"Ontario, CA",43.773224158,-79.2531304688,39.0,American Crow
18676,2025-10-01,CC-BY-NC,https://inaturalist-open-data.s3.amazonaws.com/photos/575288420/medium.jpg,"Rosetta McClain Gardens, 5 Glen Everest Rd, Scarborough, ON M1N 1J2, Canada",43.6968253,-79.2557466,193.0,Common Raven
9938,2025-05-11,CC-BY-NC,https://inaturalist-open-data.s3.amazonaws.com/photos/506037271/medium.jpg,"Colonel  Samuel Smith Park, Toronto, ON, Canada",43.5906511232,-79.5131823425,683.0,Red-winged Blackbird
18742,2025-10-04,CC-BY-NC,https://inaturalist-open-data.s3.amazonaws.com/photos/575887566/medium.jpg,"E.T. Seton Park, North York, ON, Canada",43.7152882823,-79.3424851359,31.0,Red-winged Blackbird
21059,2025-11-03,CC-BY-NC,https://inaturalist-open-data.s3.amazonaws.com/photos/588993107/medium.jpg,"High Park-Swansea, Toronto, ON, Canada",43.6435768487,-79.4623177859,485.0,Mallard
22931,2025-11-14,CC-BY-NC,https://inaturalist-open-data.s3.amazonaws.com/photos/600918172/medium.jpg,"The Kingsway, Etobicoke, ON, Canada",43.6475344685,-79.5116382744,978.0,Red-breasted Nuthatch
16321,2025-08-27,CC-BY-NC,https://inaturalist-open-data.s3.amazonaws.com/photos/559538339/medium.jpg,"Lake Ontario, Toronto, ON, CA",43.6562072973,-79.3071357639,21.0,American Herring Gull
8515,2025-04-26,CC-BY-NC,https://inaturalist-open-data.s3.amazonaws.com/photos/500538327/medium.jpeg,"Colonel  Samuel Smith Park, Toronto, ON, Canada",43.5906511232,-79.5131823425,683.0,Common Grackle
7943,2025-04-28,CC-BY,https://inaturalist-open-data.s3.amazonaws.com/photos/498621555/medium.png,"Woodbine Heights, East York, ON M4C, Canada",43.6993216383,-79.3098878666,77.0,Blue-gray Gnatcatcher
18066,2025-09-20,CC-BY-NC,https://inaturalist-open-data.s3.amazonaws.com/photos/571901123/medium.jpg,"Toronto, ON M5H 1S3, Canada",43.6496497541,-79.3825778738,11.0,Eastern Whip-poor-will
10628,2025-05-24,CC-BY-NC,https://inaturalist-open-data.s3.amazonaws.com/photos/509783385/medium.jpg,"Woodbine Beach, Toronto, ON, Canada",43.6611085547,-79.306038679,2.0,Dunlin
18337,2025-05-26,CC-BY-NC,https://inaturalist-open-data.s3.amazonaws.com/photos/573009390/medium.jpg,"St Lawrence-East Bayfront-The Islands, Toronto, ON, Canada",43.6222640209,-79.3772871153,709.0,Red-winged Blackbird
545,2025-01-09,CC-BY-NC,https://inaturalist-open-data.s3.amazonaws.com/photos/463517333/medium.jpeg,"Colonel  Samuel Smith Park, Toronto, ON, Canada",43.5906511232,-79.5131823425,683.0,Gadwall
6052,2025-04-24,,https://static.inaturalist.org/photos/490786901/medium.jpeg,"Niagara, Toronto, ON, Canada",43.6311001006,-79.4094998762,4.0,Long-tailed Duck
20791,2025-11-02,CC-BY-NC,https://inaturalist-open-data.s3.amazonaws.com/photos/587414226/medium.jpg,"Don Mills Rd at Pebble Byway, North York, ON M2H 3J5, Canada",43.80322524,-79.3586572632,39.0,Red-breasted Nuthatch
2948,2025-03-10,,https://static.inaturalist.org/photos/475647021/medium.jpg,"Evergreen Brick Works, Toronto, ON, CA",43.685075,-79.366775,10.0,Black-capped Chickadee
14542,2025-07-25,CC-BY-NC,https://inaturalist-open-data.s3.amazonaws.com/photos/542586375/medium.jpg,"Bayview Village, North York, ON, Canada",43.7702710339,-79.3627660146,122.0,House Sparrow
23327,2025-12-25,CC-BY-NC,https://inaturalist-open-data.s3.amazonaws.com/photos/602883425/medium.jpg,"Balmy Beach Park, Toronto, ON, CA",43.6686445359,-79.2890436605,88.0,Trumpeter Swan
282,2025-01-07,CC0,https://inaturalist-open-data.s3.amazonaws.com/photos/462348149/medium.jpg,"Humber Polytechnic, Toronto, ON, CA",43.7257551649,-79.6098212296,20.0,Northern Cardinal
18894,2025-10-04,CC-BY-NC,https://inaturalist-open-data.s3.amazonaws.com/photos/576847112/medium.jpg,"Don Valley Brick Works, Toronto, ON, CA",43.6862733626,-79.3666488588,12.0,Great Egret
6575,2025-04-25,CC-BY-NC,https://inaturalist-open-data.s3.amazonaws.com/photos/491999952/medium.jpeg,"Colonel  Samuel Smith Park, Toronto, ON, Canada",43.5906511232,-79.5131823425,683.0,Brown-headed Cowbird
8074,2025-05-02,CC-BY-NC,https://inaturalist-open-data.s3.amazonaws.com/photos/499136914/medium.jpg,"Bayview Village, North York, ON, Canada",43.778858593,-79.3754787023,281.0,Mallard
21864,2025-10-24,CC-BY-NC,https://inaturalist-open-data.s3.amazonaws.com/photos/593184333/medium.jpg,"Gould St, Toronto, ON, CA",43.658033184,-79.3792952185,2.0,House Sparrow
18213,2025-09-25,CC-BY-NC,https://inaturalist-open-data.s3.amazonaws.com/photos/572436021/medium.jpg,"Bayview Village, North York, ON, Canada",43.7816030638,-79.3884775002,598.0,Magnolia Warbler
3474,2025-03-15,CC-BY-NC,https://inaturalist-open-data.s3.amazonaws.com/photos/477781376/medium.jpeg,"Rouge Beach, Toronto, ON, Canada",43.7931849121,-79.1183002247,8.0,Ring-billed Gull
14456,2025-07-22,CC-BY-NC,https://inaturalist-open-data.s3.amazonaws.com/photos/541855525/medium.jpg,"Humber Arboretum, Etobicoke, ON, Canada",43.7255129383,-79.6078718639,4.0,Canada Goose
20635,2025-05-06,CC-BY-NC,https://inaturalist-open-data.s3.amazonaws.com/photos/586492849/medium.jpg,"High Park - North Half, Toronto, ON, Canada",43.6490889589,-79.4642275187,440.0,Spotted Sandpiper
15676,2025-08-16,CC-BY-NC,https://inaturalist-open-data.s3.amazonaws.com/photos/553429606/medium.jpg,"Rouge, Scarborough, ON, Canada",43.8211666667,-79.1645361111,11.0,Trumpeter Swan
6237,2025-04-25,CC-BY,https://inaturalist-open-data.s3.amazonaws.com/photos/491644173/medium.jpg,"Queens Quay W, Toronto, ON, CA",43.6369481491,-79.3941186464,12.0,Red-winged Blackbird
6251,2025-04-25,CC-BY-NC,https://inaturalist-open-data.s3.amazonaws.com/photos/491636229/medium.jpeg,"High Park-Swansea, Toronto, ON, Canada",43.6464078668,-79.4587095189,67.0,American Robin
17546,2025-09-18,CC-BY-NC,https://inaturalist-open-data.s3.amazonaws.com/photos/568580083/medium.jpg,"Toronto, ON, CA",43.629995,-79.5557866667,4.0,Red-tailed Hawk
5267,2025-04-18,CC-BY-NC,https://inaturalist-open-data.s3.amazonaws.com/photos/488119506/medium.jpeg,"Bloor St East at Jarvis St, Toronto, ON M4W 3M4, Canada",43.6718505609,-79.3806238845,24.0,Virginia Rail
9298,2025-05-10,CC-BY,https://inaturalist-open-data.s3.amazonaws.com/photos/502920304/medium.jpg,"Wychwood Barns Park, 76 Wychwood Ave, Toronto, ON M6G 2X7, Canada",43.6799278,-79.4231972,203.0,Nashville Warbler
17997,2025-09-24,CC-BY-NC,https://inaturalist-open-data.s3.amazonaws.com/photos/571407193/medium.jpg,"Etobicoke, ON M8V 3W8, Canada",43.5933462023,-79.5113517344,89.0,Eastern Phoebe
15291,2025-04-20,CC-BY-NC,https://inaturalist-open-data.s3.amazonaws.com/photos/549982470/medium.jpg,"New Toronto, Etobicoke, ON, Canada",43.5910942849,-79.5125772356,8.0,Ruby-crowned Kinglet
5332,2025-04-19,,https://static.inaturalist.org/photos/488403797/medium.jpg,"Elder Ave, Toronto, ON, CA",43.5989616667,-79.52693,4.0,Dark-eyed Junco
6266,2025-04-25,CC-BY-NC,https://inaturalist-open-data.s3.amazonaws.com/photos/491648760/medium.jpeg,"High Park-Swansea, Toronto, ON, Canada",43.642490974,-79.4627800461,40.0,Ruby-crowned Kinglet
20001,2025-10-20,CC-BY-NC,https://inaturalist-open-data.s3.amazonaws.com/photos/582699429/medium.jpg,"Bayview Village, North York, ON, Canada",43.7814576866,-79.3730103461,506.0,Hermit Thrush
16709,2025-08-31,CC-BY,https://inaturalist-open-data.s3.amazonaws.com/photos/562692759/medium.jpg,"New Toronto, Etobicoke, ON, Canada",43.5930451372,-79.5134856376,599.0,Rose-breasted Grosbeak
9124,2025-05-08,,https://static.inaturalist.org/photos/502070518/medium.jpg,"Lower River St, Toronto, ON, CA",43.656555,-79.3552383333,8.0,Mourning Dove
2241,2025-02-23,,https://static.inaturalist.org/photos/472386042/medium.jpeg,"Ontario, CA",43.6193223258,-79.3369442605,185.0,Mute Swan
4266,2025-04-05,CC-BY-NC,https://inaturalist-open-data.s3.amazonaws.com/photos/483182596/medium.jpeg,"Toronto, CA-ON, CA",43.7449045625,-79.4869422913,21.0,House Sparrow
18306,2025-09-27,CC-BY-NC,https://inaturalist-open-data.s3.amazonaws.com/photos/572958859/medium.jpg,"Scarcliff Gdns, Toronto, ON, CA",43.7525265557,-79.1840650246,9.0,Northern Cardinal
8356,2025-05-03,CC0,https://inaturalist-open-data.s3.amazonaws.com/photos/499871557/medium.jpeg,"Palmerston - Little Italy, Toronto, ON, Canada",43.6601413741,-79.427538097,31.0,White-crowned Sparrow
2412,2025-02-13,CC-BY-NC,https://inaturalist-open-data.s3.amazonaws.com/photos/473285139/medium.jpeg,"The Kingsway, Etobicoke, ON, Canada",43.6474981197,-79.5116092762,924.0,House Sparrow
2853,2025-03-09,CC-BY-NC,https://inaturalist-open-data.s3.amazonaws.com/photos/475455862/medium.jpeg,"73 Cardiff Rd, North York, ON M4P 2P4, Canada",43.713027,-79.3841394,179.0,Red-breasted Nuthatch
11549,2025-06-01,,https://static.inaturalist.org/photos/514921582/medium.jpg,"Toronto, ON, Canada",43.6406666826,-79.3221986666,165.0,Common Tern
2746,2025-02-28,CC-BY-NC,https://inaturalist-open-data.s3.amazonaws.com/photos/474816820/medium.jpg,"High Park, Toronto, ON, CA",43.64097,-79.4585883333,17.0,Mallard
2380,2025-02-27,CC-BY-NC,https://inaturalist-open-data.s3.amazonaws.com/photos/473044223/medium.jpeg,"Toronto, ON M6R 1J1, Canada",43.6436912741,-79.4487164542,859.0,Northern Cardinal
13891,2025-07-10,CC-BY-NC,https://inaturalist-open-data.s3.amazonaws.com/photos/535041029/medium.jpg,"South Riverdale, Toronto, ON, Canada",43.6598664584,-79.306660395,2.0,Spotted Sandpiper
16912,2025-09-09,,https://static.inaturalist.org/photos/564671368/medium.jpg,"York University Heights, North York, ON, Canada",43.771811095,-79.5077048868,89.0,Wilson's Warbler
11638,2025-06-02,CC-BY-NC,https://inaturalist-open-data.s3.amazonaws.com/photos/515340490/medium.jpg,"Bayview Village, North York, ON, Canada",43.781003032,-79.385718639,138.0,Mallard
4109,2025-04-02,,https://static.inaturalist.org/photos/482166627/medium.jpeg,"South Riverdale, Toronto, ON, Canada",43.6591401393,-79.3121051802,15.0,Black-capped Chickadee
150,2025-01-05,CC-BY-NC,https://inaturalist-open-data.s3.amazonaws.com/photos/461985820/medium.jpeg,"Toronto, CA-ON, CA",43.6254268895,-79.3301530927,281.0,Greater Scaup
1337,2025-01-31,CC-BY-NC,https://inaturalist-open-data.s3.amazonaws.com/photos/467695565/medium.jpeg,"The Kingsway, Etobicoke, ON, Canada",43.6475441254,-79.5111723182,244.0,European Starling
19053,2025-10-04,CC0,https://inaturalist-open-data.s3.amazonaws.com/photos/578082612/medium.jpg,"Ontario, CA",43.7811202667,-79.2444646947,182.0,White-throated Sparrow
20585,2025-10-28,CC-BY-NC,https://inaturalist-open-data.s3.amazonaws.com/photos/586491305/medium.jpg,"Hawk Hill - High Park, Toronto, ON, Canada",43.6463000354,-79.4656896358,10.0,Lincoln's Sparrow
10030,2025-05-13,CC-BY-NC,https://inaturalist-open-data.s3.amazonaws.com/photos/506562303/medium.jpg,"Colonel  Samuel Smith Park, Toronto, ON, Canada",43.5906511232,-79.5131823425,683.0,Baltimore Oriole
9018,2025-05-04,CC-BY-NC,https://inaturalist-open-data.s3.amazonaws.com/photos/501603824/medium.jpeg,"South Riverdale, Toronto, ON, Canada",43.6239068785,-79.324119777,157.0,Mute Swan
4746,2025-04-13,,https://static.inaturalist.org/photos/485915825/medium.jpeg,"Toronto, ON M6S 0A4, Canada",43.6504369765,-79.4634149596,47.0,Tufted Titmouse
2863,2025-03-08,CC-BY-NC,https://inaturalist-open-data.s3.amazonaws.com/photos/475543881/medium.jpeg,"Bloor St West at Dufferin St, Toronto, ON M6H 4B5, Canada",43.659901032,-79.4354023039,180.0,Red-tailed Hawk
20941,2025-10-25,CC-BY-NC,https://inaturalist-open-data.s3.amazonaws.com/photos/588080231/medium.jpg,"Rouge Park, Beare Wetlands, Toronto, ON, Canada",43.8241136556,-79.1666983393,15.0,Cedar Waxwing
12488,2025-04-26,CC-BY-NC,https://inaturalist-open-data.s3.amazonaws.com/photos/520522410/medium.jpg,"Beresford Ave, Toronto, ON, CA",43.6509383333,-79.47767,20.0,House Sparrow
4529,2025-04-09,CC-BY-NC,https://inaturalist-open-data.s3.amazonaws.com/photos/484616351/medium.jpg,"Leaside-Bennington, Toronto, ON, Canada",43.688420439,-79.3669973296,15.0,American Robin
7902,2025-04-28,CC-BY-NC,https://inaturalist-open-data.s3.amazonaws.com/photos/498499454/medium.jpeg,"Colonel  Samuel Smith Park, Toronto, ON, Canada",43.5906511232,-79.5131823425,683.0,Common Grackle
18997,2025-10-08,CC-BY-NC,https://inaturalist-open-data.s3.amazonaws.com/photos/577858490/medium.jpg,"Rosetta McClain Gardens, 5 Glen Everest Rd, Scarborough, ON M1N 1J2, Canada",43.6968253,-79.2557466,193.0,Red-tailed Hawk
10609,2025-05-24,CC-BY-NC,https://inaturalist-open-data.s3.amazonaws.com/photos/509672888/medium.jpg,"Toronto, ON, Canada",43.667652515,-79.2904344312,61.0,Lesser Black-backed Gull
9401,2025-05-10,,https://static.inaturalist.org/photos/503277815/medium.jpg,"High Park-Swansea, Toronto, ON, Canada",43.6452929725,-79.4649042955,4.0,Red-tailed Hawk
16216,2025-08-13,CC-BY-NC,https://inaturalist-open-data.s3.amazonaws.com/photos/558798574/medium.jpg,"Riverside Dr, Toronto, ON, CA",43.6418083333,-79.485105,7.0,Great Egret
514,2025-01-12,CC-BY-NC,https://inaturalist-open-data.s3.amazonaws.com/photos/463445459/medium.jpg,"Ashbridge's Bay Park, Toronto, ON, Canada",43.6562087555,-79.3108427087,2.0,Mute Swan
9358,2025-05-10,CC-BY-NC,https://inaturalist-open-data.s3.amazonaws.com/photos/503103534/medium.jpg,"Ontario, CA",43.7510657518,-79.2847680407,34.0,Baltimore Oriole
23419,2025-12-28,CC-BY-NC,https://inaturalist-open-data.s3.amazonaws.com/photos/603443261/medium.jpg,"Bayview Village, Toronto, ON, Canada",43.777636267,-79.3704431046,61.0,Dark-eyed Junco
23703,2025-12-30,CC-BY-NC,https://inaturalist-open-data.s3.amazonaws.com/photos/606317280/medium.jpg,"The Kingsway, Etobicoke, ON, Canada",43.6475602268,-79.5117165645,949.0,House Sparrow
20637,2025-05-02,CC-BY-NC,https://inaturalist-open-data.s3.amazonaws.com/photos/586492804/medium.jpg,"High Park - North Half, Toronto, ON, Canada",43.6490889589,-79.4642275187,440.0,Golden-winged Warbler
19634,2025-10-15,,https://static.inaturalist.org/photos/580748541/medium.jpg,"Corktown Common, Toronto, ON, CA",43.65442,-79.351395,6.0,Black-capped Chickadee
19978,2025-10-20,CC-BY-NC,https://static.inaturalist.org/photos/582662431/medium.jpg,"South Riverdale, Toronto, ON, Canada",43.6297451683,-79.3235407358,31.0,Song Sparrow
15744,2025-08-17,CC-BY-NC,https://inaturalist-open-data.s3.amazonaws.com/photos/554041567/medium.jpg,"73 Cardiff Rd, North York, ON M4P 2P4, Canada",43.713027,-79.3841394,179.0,Northern Cardinal
9051,2025-05-07,CC-BY-NC,https://inaturalist-open-data.s3.amazonaws.com/photos/501711617/medium.jpeg,"Ontario, CA",43.6141797438,-79.4216508743,971.0,Rose-breasted Grosbeak
17746,2025-09-20,CC-BY-NC,https://inaturalist-open-data.s3.amazonaws.com/photos/569752134/medium.jpg,"Toronto, ON, Canada",43.7662904872,-79.1451888343,106.0,Larus smithsonianus
21563,2025-11-13,CC-BY-NC,https://inaturalist-open-data.s3.amazonaws.com/photos/591314130/medium.jpg,"Bayview Village, North York, ON, Canada",43.7809793951,-79.385096426,394.0,House Sparrow
23134,2025-12-24,CC-BY-NC,https://inaturalist-open-data.s3.amazonaws.com/photos/602408429/medium.jpg,4001 Leslie Street,43.77078,-79.361503,349.0,American Robin
1303,2025-02-01,CC-BY-NC,https://inaturalist-open-data.s3.amazonaws.com/photos/467603243/medium.jpg,"QVG8+2C Port Union Waterfront Trail meeting place, Toronto, ON, Canada",43.7695383674,-79.1398019868,954.0,Mallard
1398,2025-02-03,CC-BY-NC,https://inaturalist-open-data.s3.amazonaws.com/photos/467951658/medium.jpeg,"Toronto, ON, Canada",43.6352171776,-79.4618314494,154.0,Ring-billed Gull
23222,2025-05-16,CC-BY,https://inaturalist-open-data.s3.amazonaws.com/photos/602831973/medium.jpg,"High Park-Swansea, Toronto, ON, Canada",43.6533030231,-79.462457559,119.0,Cerulean Warbler
2655,2025-03-03,,https://static.inaturalist.org/photos/473997809/medium.jpg,"Corktown Common, Toronto, ON, CA",43.6545916667,-79.3528883333,7.0,American Robin
6089,2025-04-05,CC-BY-NC,https://inaturalist-open-data.s3.amazonaws.com/photos/490945711/medium.jpg,"Edenbridge-Humber Valley, Etobicoke, ON, Canada",43.6712574033,-79.5146275836,15.0,Mallard
136,2025-01-05,CC-BY-NC,https://inaturalist-open-data.s3.amazonaws.com/photos/461983380/medium.jpeg,"Toronto, CA-ON, CA",43.6449642938,-79.3208293989,145.0,American Tree Sparrow
11788,2025-06-03,CC-BY-NC,https://inaturalist-open-data.s3.amazonaws.com/photos/515919842/medium.jpg,"North Riverdale, Toronto, ON, Canada",43.6758127321,-79.3472310645,61.0,Hairy Woodpecker
2765,2025-02-22,,https://static.inaturalist.org/photos/475004886/medium.jpg,"Toronto, ON, CA",43.6568083333,-79.3067633333,10.0,Red-breasted Nuthatch
17885,2025-09-21,CC-BY-NC,https://inaturalist-open-data.s3.amazonaws.com/photos/570382421/medium.jpg,"Colonel  Samuel Smith Park, Toronto, ON, Canada",43.5906511232,-79.5131823425,683.0,White-throated Sparrow
1956,2025-02-15,,https://static.inaturalist.org/photos/470889186/medium.jpeg,"New Toronto, Etobicoke, ON, Canada",43.5915083333,-79.5134,1.0,American Robin
2823,2025-03-09,,https://static.inaturalist.org/photos/475349810/medium.jpg,"High Park-Swansea, Toronto, ON, Canada",43.6476908757,-79.4705959899,15.0,Mallard
12102,2025-05-29,CC-BY-NC,https://inaturalist-open-data.s3.amazonaws.com/photos/517501421/medium.jpg,"Colonel  Samuel Smith Park, Toronto, ON, Canada",43.5906511232,-79.5131823425,683.0,Blue-grey Gnatcatcher
8677,2025-04-26,CC-BY-NC,https://inaturalist-open-data.s3.amazonaws.com/photos/500785781/medium.jpeg,"Colonel  Samuel Smith Park, Toronto, ON, Canada",43.5906511232,-79.5131823425,683.0,Red-necked Grebe
6896,2025-04-26,CC-BY-NC,https://inaturalist-open-data.s3.amazonaws.com/photos/493715213/medium.jpeg,"Colonel  Samuel Smith Park, Toronto, ON, Canada",43.5906511232,-79.5131823425,683.0,American Robin
1576,2025-02-01,,https://static.inaturalist.org/photos/468936109/medium.jpg,"Scarborough, ON, Canada",43.7093042554,-79.227503685,31.0,American Wigeon
21554,2025-11-13,CC-BY-NC,https://inaturalist-open-data.s3.amazonaws.com/photos/591313951/medium.jpg,"Bayview Village, North York, ON, Canada",43.7787864508,-79.3756553458,388.0,Downy Woodpecker
14487,2025-07-24,,https://static.inaturalist.org/photos/542083374/medium.jpg,"Toronto, ON M6S 2V5, Canada",43.6487776112,-79.470580481,17.0,Black-crowned Night Heron
18391,2025-09-28,,https://static.inaturalist.org/photos/573418889/medium.jpg,"Toronto, ON M5A 1J9, Canada",43.6505866567,-79.3692067266,49.0,Blue Jay
14831,2025-07-29,CC-BY-NC,https://inaturalist-open-data.s3.amazonaws.com/photos/545433160/medium.jpg,"Smythe Park, Toronto, ON, CA",43.6738062327,-79.5004882604,30.0,Mallard
17744,2025-09-20,CC-BY-NC,https://inaturalist-open-data.s3.amazonaws.com/photos/569752129/medium.jpg,"West Hill, Scarborough, ON, Canada",43.7663733298,-79.1453627937,129.0,Double-crested Cormorant
9512,2025-05-12,CC-BY-NC,https://inaturalist-open-data.s3.amazonaws.com/photos/503878082/medium.jpg,"Ashbridge's Bay Park, Toronto, ON, Canada",43.658938526,-79.3104202294,8.0,Eastern Kingbird
16663,2025-09-03,CC-BY-NC,https://inaturalist-open-data.s3.amazonaws.com/photos/562304731/medium.jpg,"High Park-Swansea, Toronto, ON, Canada",43.6424486281,-79.4674668503,202.0,Northern Harrier
5666,2025-04-20,CC-BY,https://inaturalist-open-data.s3.amazonaws.com/photos/489134923/medium.jpg,"New Toronto, Etobicoke, ON, Canada",43.5901245999,-79.5156089711,4.0,Common Goldeneye
1348,2025-02-02,CC-BY-NC,https://inaturalist-open-data.s3.amazonaws.com/photos/467708891/medium.jpeg,"Colonel  Samuel Smith Park, Toronto, ON, Canada",43.5906511232,-79.5131823425,683.0,Northern Cardinal
4545,2025-04-09,CC-BY-NC,https://inaturalist-open-data.s3.amazonaws.com/photos/484746498/medium.jpeg,"Toronto, ON M4T 1B4, Canada",43.6856495852,-79.3872214481,52.0,Golden-crowned Kinglet
10959,2025-05-26,CC-BY-NC,https://inaturalist-open-data.s3.amazonaws.com/photos/511119024/medium.jpg,"Humber Bay Shores, ON M8V 0E7, Canada",43.62391005,-79.47711619,7.0,Red-winged Blackbird
2617,2025-03-02,,https://static.inaturalist.org/photos/473644518/medium.jpg,"High Park-Swansea, Toronto, ON, Canada",43.6488186791,-79.4706184976,4.0,Mallard
2300,2025-02-25,CC-BY-NC,https://inaturalist-open-data.s3.amazonaws.com/photos/472604719/medium.jpg,"Scarborough, ON, Canada",43.7088969605,-79.231747209,520.0,Trumpeter Swan
